document,line,token,value,status,source,rel_dev,context
problem2_slove.md,3,2,2.0,ALLOW,题面: 半径 2 cm / 通用整数,0.0,> 本文求解 `problem2.md` 建立的模型，给出问题二要求的表 3、表 4 与 `result2.xlsx`。
problem2_slove.md,3,3,3.0,ALLOW,3 h,0.0,> 本文求解 `problem2.md` 建立的模型，给出问题二要求的表 3、表 4 与 `result2.xlsx`。
problem2_slove.md,3,4,4.0,ALLOW,结构/常数,0.0,> 本文求解 `problem2.md` 建立的模型，给出问题二要求的表 3、表 4 与 `result2.xlsx`。
problem2_slove.md,3,2,2.0,ALLOW,题面: 半径 2 cm / 通用整数,0.0,> 本文求解 `problem2.md` 建立的模型，给出问题二要求的表 3、表 4 与 `result2.xlsx`。
problem2_slove.md,9,2,2.0,ALLOW,题面: 半径 2 cm / 通用整数,0.0,> | `python src/q2_latent_heat.py` | 汽化潜热 $H(T)$ 的热力学推导与 IAPWS-95 定标 | `outputs/registry_q
problem2_slove.md,9,-95,-95.0,ALLOW,国际水物性标准名 IAPWS-95 中的 '-95',0.0,> | `python src/q2_latent_heat.py` | 汽化潜热 $H(T)$ 的热力学推导与 IAPWS-95 定标 | `outputs/registry_q
problem2_slove.md,9,2,2.0,ALLOW,题面: 半径 2 cm / 通用整数,0.0,> | `python src/q2_latent_heat.py` | 汽化潜热 $H(T)$ 的热力学推导与 IAPWS-95 定标 | `outputs/registry_q
problem2_slove.md,10,2,2.0,ALLOW,题面: 半径 2 cm / 通用整数,0.0,> | `python src/q2_energy_algebra.py` | 能量方程正确形式的符号推导与量级核验 | `outputs/registry_q2_energy.c
problem2_slove.md,10,2,2.0,ALLOW,题面: 半径 2 cm / 通用整数,0.0,> | `python src/q2_energy_algebra.py` | 能量方程正确形式的符号推导与量级核验 | `outputs/registry_q2_energy.c
problem2_slove.md,11,2,2.0,ALLOW,题面: 半径 2 cm / 通用整数,0.0,> | `python src/q2_model_numbers.py` | 模型中全部可复算数字 | `outputs/registry_q2_model.csv` |
problem2_slove.md,11,2,2.0,ALLOW,题面: 半径 2 cm / 通用整数,0.0,> | `python src/q2_model_numbers.py` | 模型中全部可复算数字 | `outputs/registry_q2_model.csv` |
problem2_slove.md,12,2,2.0,ALLOW,题面: 半径 2 cm / 通用整数,0.0,> | `python src/q2_solve.py --selftest` | 质量矩阵恒等式、Jacobian 有限差分校核 | 控制台 |
problem2_slove.md,13,2,2.0,ALLOW,题面: 半径 2 cm / 通用整数,0.0,"> | `python src/q2_verify.py` | 收敛性、守恒性、极值原理、模型变体对照（V0–V11） | `outputs/q2_verify.log`, `ou"
problem2_slove.md,13,0,0.0,ALLOW,零,0.0,"> | `python src/q2_verify.py` | 收敛性、守恒性、极值原理、模型变体对照（V0–V11） | `outputs/q2_verify.log`, `ou"
problem2_slove.md,13,11,11.0,ALLOW,结构,0.0,"> | `python src/q2_verify.py` | 收敛性、守恒性、极值原理、模型变体对照（V0–V11） | `outputs/q2_verify.log`, `ou"
problem2_slove.md,13,2,2.0,ALLOW,题面: 半径 2 cm / 通用整数,0.0,"> | `python src/q2_verify.py` | 收敛性、守恒性、极值原理、模型变体对照（V0–V11） | `outputs/q2_verify.log`, `ou"
problem2_slove.md,13,2,2.0,ALLOW,题面: 半径 2 cm / 通用整数,0.0,"> | `python src/q2_verify.py` | 收敛性、守恒性、极值原理、模型变体对照（V0–V11） | `outputs/q2_verify.log`, `ou"
problem2_slove.md,14,2,2.0,ALLOW,题面: 半径 2 cm / 通用整数,0.0,"> | `python src/q2_produce.py` | 生产计算 | `outputs/result2.xlsx`, `outputs/q2_production.log"
problem2_slove.md,14,2,2.0,ALLOW,题面: 半径 2 cm / 通用整数,0.0,"> | `python src/q2_produce.py` | 生产计算 | `outputs/result2.xlsx`, `outputs/q2_production.log"
problem2_slove.md,14,2,2.0,ALLOW,题面: 半径 2 cm / 通用整数,0.0,"> | `python src/q2_produce.py` | 生产计算 | `outputs/result2.xlsx`, `outputs/q2_production.log"
problem2_slove.md,14,2,2.0,ALLOW,题面: 半径 2 cm / 通用整数,0.0,"> | `python src/q2_produce.py` | 生产计算 | `outputs/result2.xlsx`, `outputs/q2_production.log"
problem2_slove.md,15,2,2.0,ALLOW,题面: 半径 2 cm / 通用整数,0.0,> | `python src/q2_reconcile.py` | 数字对账（两关） | `outputs/reconciliation_q2.csv` |
problem2_slove.md,15,2,2.0,ALLOW,题面: 半径 2 cm / 通用整数,0.0,> | `python src/q2_reconcile.py` | 数字对账（两关） | `outputs/reconciliation_q2.csv` |
problem2_slove.md,17,3.12,3.12,ALLOW,Python 3.12,0.0,> 环境：Python 3.12.3，numpy 2.5.1，scipy 1.18.1，openpyxl 3.1.2，iapws 1.5.5。
problem2_slove.md,17,3,3.0,ALLOW,3 h,0.0,> 环境：Python 3.12.3，numpy 2.5.1，scipy 1.18.1，openpyxl 3.1.2，iapws 1.5.5。
problem2_slove.md,17,2.5,2.5,ALLOW,结构: 2.5 h,0.0,> 环境：Python 3.12.3，numpy 2.5.1，scipy 1.18.1，openpyxl 3.1.2，iapws 1.5.5。
problem2_slove.md,17,1,1.0,ALLOW,题面: 半径网格 1 cm,0.0,> 环境：Python 3.12.3，numpy 2.5.1，scipy 1.18.1，openpyxl 3.1.2，iapws 1.5.5。
problem2_slove.md,17,1.18,1.18,ALLOW,scipy 1.18.1,0.0,> 环境：Python 3.12.3，numpy 2.5.1，scipy 1.18.1，openpyxl 3.1.2，iapws 1.5.5。
problem2_slove.md,17,1,1.0,ALLOW,题面: 半径网格 1 cm,0.0,> 环境：Python 3.12.3，numpy 2.5.1，scipy 1.18.1，openpyxl 3.1.2，iapws 1.5.5。
problem2_slove.md,17,3.1,3.1,ALLOW,openpyxl 3.1.2,0.0,> 环境：Python 3.12.3，numpy 2.5.1，scipy 1.18.1，openpyxl 3.1.2，iapws 1.5.5。
problem2_slove.md,17,2,2.0,ALLOW,题面: 半径 2 cm / 通用整数,0.0,> 环境：Python 3.12.3，numpy 2.5.1，scipy 1.18.1，openpyxl 3.1.2，iapws 1.5.5。
problem2_slove.md,17,1.5,1.5,ALLOW,题面: 半径网格 1.5 cm,0.0,> 环境：Python 3.12.3，numpy 2.5.1，scipy 1.18.1，openpyxl 3.1.2，iapws 1.5.5。
problem2_slove.md,17,5,5.0,ALLOW,结构/常数,0.0,> 环境：Python 3.12.3，numpy 2.5.1，scipy 1.18.1，openpyxl 3.1.2，iapws 1.5.5。
problem2_slove.md,23,2,2.0,ALLOW,题面: 半径 2 cm / 通用整数,0.0,题面（问题 2）：烘干过程一般持续 2–3 天，预热平衡与恒温干燥阶段的参数有所不同。
problem2_slove.md,23,2,2.0,ALLOW,题面: 半径 2 cm / 通用整数,0.0,题面（问题 2）：烘干过程一般持续 2–3 天，预热平衡与恒温干燥阶段的参数有所不同。
problem2_slove.md,23,3,3.0,ALLOW,3 h,0.0,题面（问题 2）：烘干过程一般持续 2–3 天，预热平衡与恒温干燥阶段的参数有所不同。
problem2_slove.md,25,3,3.0,ALLOW,3 h,0.0,相关经验公式统一采用附录 3，并给出
problem2_slove.md,27,3,3.0,ALLOW,3 h,0.0,"- **表 3 / 表 4**：3 h 内每隔 $0.5 \mathrm{h}$、距中心 $0,0.5,1,1.5,2 \mathrm{cm}$ 处的温度与水分浓度；"
problem2_slove.md,27,4,4.0,ALLOW,结构/常数,0.0,"- **表 3 / 表 4**：3 h 内每隔 $0.5 \mathrm{h}$、距中心 $0,0.5,1,1.5,2 \mathrm{cm}$ 处的温度与水分浓度；"
problem2_slove.md,27,3,3.0,ALLOW,3 h,0.0,"- **表 3 / 表 4**：3 h 内每隔 $0.5 \mathrm{h}$、距中心 $0,0.5,1,1.5,2 \mathrm{cm}$ 处的温度与水分浓度；"
problem2_slove.md,27,0.5,0.5,ALLOW,题面: 半径网格 0.5 cm,0.0,"- **表 3 / 表 4**：3 h 内每隔 $0.5 \mathrm{h}$、距中心 $0,0.5,1,1.5,2 \mathrm{cm}$ 处的温度与水分浓度；"
problem2_slove.md,27,0,0.0,ALLOW,零,0.0,"- **表 3 / 表 4**：3 h 内每隔 $0.5 \mathrm{h}$、距中心 $0,0.5,1,1.5,2 \mathrm{cm}$ 处的温度与水分浓度；"
problem2_slove.md,27,0.5,0.5,ALLOW,题面: 半径网格 0.5 cm,0.0,"- **表 3 / 表 4**：3 h 内每隔 $0.5 \mathrm{h}$、距中心 $0,0.5,1,1.5,2 \mathrm{cm}$ 处的温度与水分浓度；"
problem2_slove.md,27,1,1.0,ALLOW,题面: 半径网格 1 cm,0.0,"- **表 3 / 表 4**：3 h 内每隔 $0.5 \mathrm{h}$、距中心 $0,0.5,1,1.5,2 \mathrm{cm}$ 处的温度与水分浓度；"
problem2_slove.md,27,1.5,1.5,ALLOW,题面: 半径网格 1.5 cm,0.0,"- **表 3 / 表 4**：3 h 内每隔 $0.5 \mathrm{h}$、距中心 $0,0.5,1,1.5,2 \mathrm{cm}$ 处的温度与水分浓度；"
problem2_slove.md,27,2,2.0,ALLOW,题面: 半径 2 cm / 通用整数,0.0,"- **表 3 / 表 4**：3 h 内每隔 $0.5 \mathrm{h}$、距中心 $0,0.5,1,1.5,2 \mathrm{cm}$ 处的温度与水分浓度；"
problem2_slove.md,28,2,2.0,ALLOW,题面: 半径 2 cm / 通用整数,0.0,- **`result2.xlsx`**：$0\sim10800 \mathrm{s}$ 内每隔 $1 \mathrm{s}$、径向每隔 $0.1 \mathrm{cm}$ 的完整
problem2_slove.md,28,0,0.0,ALLOW,零,0.0,- **`result2.xlsx`**：$0\sim10800 \mathrm{s}$ 内每隔 $1 \mathrm{s}$、径向每隔 $0.1 \mathrm{cm}$ 的完整
problem2_slove.md,28,10800,10800.0,ALLOW,题面表3/4 时间点 3 h,0.0,- **`result2.xlsx`**：$0\sim10800 \mathrm{s}$ 内每隔 $1 \mathrm{s}$、径向每隔 $0.1 \mathrm{cm}$ 的完整
problem2_slove.md,28,1,1.0,ALLOW,题面: 半径网格 1 cm,0.0,- **`result2.xlsx`**：$0\sim10800 \mathrm{s}$ 内每隔 $1 \mathrm{s}$、径向每隔 $0.1 \mathrm{cm}$ 的完整
problem2_slove.md,28,0.1,0.1,ALLOW,题面: 半径步长 0.1 cm,0.0,- **`result2.xlsx`**：$0\sim10800 \mathrm{s}$ 内每隔 $1 \mathrm{s}$、径向每隔 $0.1 \mathrm{cm}$ 的完整
problem2_slove.md,39,0,0.0,ALLOW,零,0.0,| 项目 | 问题一（预热平衡，0–1800 s） | 问题二（全过程，0–10800 s） | 后果 |
problem2_slove.md,39,1800,1800.0,ALLOW,题面表1/2 时间点 / 阶段时长,0.0,| 项目 | 问题一（预热平衡，0–1800 s） | 问题二（全过程，0–10800 s） | 后果 |
problem2_slove.md,39,0,0.0,ALLOW,零,0.0,| 项目 | 问题一（预热平衡，0–1800 s） | 问题二（全过程，0–10800 s） | 后果 |
problem2_slove.md,39,10800,10800.0,ALLOW,题面表3/4 时间点 3 h,0.0,| 项目 | 问题一（预热平衡，0–1800 s） | 问题二（全过程，0–10800 s） | 后果 |
problem2_slove.md,41,7e-9,7e-09,ALLOW,附录2: 扩散系数系数,0.0,| 扩散系数 | $D=7e-9e$，**只依赖 $C$** | $D=2.4e-3ee$，**依赖 $C$ 与 $T$** | 两场**双向耦合**，必须联立 |
problem2_slove.md,41,2.4e-3,0.0024,ALLOW,附录3: D 的系数,0.0,| 扩散系数 | $D=7e-9e$，**只依赖 $C$** | $D=2.4e-3ee$，**依赖 $C$ 与 $T$** | 两场**双向耦合**，必须联立 |
problem2_slove.md,42,820,820.0,ALLOW,附录2: 密度,0.0,| 密度 | $\rho=820$ 常数 | $\rho=650+128C$ | 热惯性随干燥进程变化 |
problem2_slove.md,42,650,650.0,ALLOW,附录3: rho 常数项,0.0,| 密度 | $\rho=820$ 常数 | $\rho=650+128C$ | 热惯性随干燥进程变化 |
problem2_slove.md,42,128,128.0,ALLOW,附录3: rho 的 C 系数,0.0,| 密度 | $\rho=820$ 常数 | $\rho=650+128C$ | 热惯性随干燥进程变化 |
problem2_slove.md,43,2600,2600.0,ALLOW,附录2: 比热容,0.0,| 比热容 | $c_p=2600$ 常数 | $c_p=1450+(2736C)/(C+1)$ | —— |
problem2_slove.md,43,1450,1450.0,ALLOW,附录3: cp 常数项,0.0,| 比热容 | $c_p=2600$ 常数 | $c_p=1450+(2736C)/(C+1)$ | —— |
problem2_slove.md,43,2736,2736.0,ALLOW,附录3: cp 的 C 系数,0.0,| 比热容 | $c_p=2600$ 常数 | $c_p=1450+(2736C)/(C+1)$ | —— |
problem2_slove.md,43,1,1.0,ALLOW,题面: 半径网格 1 cm,0.0,| 比热容 | $c_p=2600$ 常数 | $c_p=1450+(2736C)/(C+1)$ | —— |
problem2_slove.md,44,0.36,0.36,ALLOW,附录2: 热传导系数,0.0,| 导热系数 | $k=0.36$ 常数 | $k=0.21+(0.38C)/(C+1)$ | —— |
problem2_slove.md,44,0.21,0.21,ALLOW,附录3: k 常数项,0.0,| 导热系数 | $k=0.36$ 常数 | $k=0.21+(0.38C)/(C+1)$ | —— |
problem2_slove.md,44,0.38,0.38,ALLOW,附录3: k 的 C 系数,0.0,| 导热系数 | $k=0.36$ 常数 | $k=0.21+(0.38C)/(C+1)$ | —— |
problem2_slove.md,44,1,1.0,ALLOW,题面: 半径网格 1 cm,0.0,| 导热系数 | $k=0.36$ 常数 | $k=0.21+(0.38C)/(C+1)$ | —— |
problem2_slove.md,45,2.132e6,2132000.0,REGISTRY,AB_p2_rcp,0.000e+00,| $\rho c_p$ | 常数 $2.132e6$ | 由 $3.335e6$ 降至 $1.209e6$（**降幅 63.74 %**） | **能量方程形式必须重选**（ ）
problem2_slove.md,45,3.335e6,3335000.0,REGISTRY,A_rcp_2.55,3.052e+02,| $\rho c_p$ | 常数 $2.132e6$ | 由 $3.335e6$ 降至 $1.209e6$（**降幅 63.74 %**） | **能量方程形式必须重选**（ ）
problem2_slove.md,45,1.209e6,1209000.0,REGISTRY,A_rcp_0.15,1.571e+02,| $\rho c_p$ | 常数 $2.132e6$ | 由 $3.335e6$ 降至 $1.209e6$（**降幅 63.74 %**） | **能量方程形式必须重选**（ ）
problem2_slove.md,45,63.74,63.74,REGISTRY,A_rcp_drop,9.654e-05,| $\rho c_p$ | 常数 $2.132e6$ | 由 $3.335e6$ 降至 $1.209e6$（**降幅 63.74 %**） | **能量方程形式必须重选**（ ）
problem2_slove.md,46,2,2.0,ALLOW,题面: 半径 2 cm / 通用整数,0.0,| 蒸发吸热 | 无（预热阶段蒸发极弱，题面附录 2 亦未给出潜热） | **有**：$q=Hh_m(C_R-C_\infty)$ | **极值原理下界失效**（ ） |
problem2_slove.md,48,3,3.0,ALLOW,3 h,0.0,| 求解方式 | 两个独立线性三对角系统（追赶法） | 非线性耦合系统 $\to$ 阻尼 Newton + 带状 LU | 迭代次数 3–6 |
problem2_slove.md,48,6,6.0,ALLOW,结构: 表格行数,0.0,| 求解方式 | 两个独立线性三对角系统（追赶法） | 非线性耦合系统 $\to$ 阻尼 Newton + 带状 LU | 迭代次数 3–6 |
problem2_slove.md,53,1,1.0,ALLOW,题面: 半径网格 1 cm,0.0,$(1)/(\rho c_p)(\partial(\rho c_pT))/(\partial t)$ 与
problem2_slove.md,54,2,2.0,ALLOW,题面: 半径 2 cm / 通用整数,0.0,$(\partial T)/(\partial t)$ **恒等**（`q2_energy_algebra.py` §D 用 sympy 验证：两者之差恰为 $0$）。
problem2_slove.md,54,0,0.0,ALLOW,零,0.0,$(\partial T)/(\partial t)$ **恒等**（`q2_energy_algebra.py` §D 用 sympy 验证：两者之差恰为 $0$）。
problem2_slove.md,55,63.74,63.74,REGISTRY,A_rcp_drop,9.654e-05,问题二中 $\rho c_p$ 随 $C$ 变化 63.74 %，两者不再恒等，**必须做出选择，且这个选择造成的差别不是小量**。
problem2_slove.md,59,1,1.0,ALLOW,题面: 半径网格 1 cm,0.0,则 $\rho=\rho_s(1+C)$。附录 3 的两式可以**精确**写成混合物形式：
problem2_slove.md,59,3,3.0,ALLOW,3 h,0.0,则 $\rho=\rho_s(1+C)$。附录 3 的两式可以**精确**写成混合物形式：
problem2_slove.md,63,2,2.0,ALLOW,题面: 半径 2 cm / 通用整数,0.0,其中 $c_s$ 为干物质比热、$c_l$ 为液态水比热。`q2_energy_algebra.py` §A 用 sympy 解出
problem2_slove.md,65,1450,1450.0,ALLOW,附录3: cp 常数项,0.0,"$$c_s=1450 \mathrm{J/(kg\cdot K)},  c_l=4186 \mathrm{J/(kg\cdot K)}$$"
problem2_slove.md,65,4186,4186.0,REGISTRY,EA_cl,0.000e+00,"$$c_s=1450 \mathrm{J/(kg\cdot K)},  c_l=4186 \mathrm{J/(kg\cdot K)}$$"
problem2_slove.md,67,1.926e-16,1.926e-16,REGISTRY,EA_equiv_max,4.385e-20,且数值核验的相对差仅 $1.926e-16$。$c_l=4186 \mathrm{J/(kg\cdot K)}$ 正是液态水的
problem2_slove.md,67,4186,4186.0,REGISTRY,EA_cl,0.000e+00,且数值核验的相对差仅 $1.926e-16$。$c_l=4186 \mathrm{J/(kg\cdot K)}$ 正是液态水的
problem2_slove.md,68,3,3.0,ALLOW,3 h,0.0,教科书比热值——这说明**附录 3 的 $\rho(C)$ 与 $c_p(C)$ 并不是两个独立的经验式，
problem2_slove.md,93,1,1.0,ALLOW,题面: 半径网格 1 cm,0.0,"> 两项""**精确相消**""并由此直接得出式 (1)，**该说法是错的**。相消要成立须有"
problem2_slove.md,94,3,3.0,ALLOW,3 h,0.0,> $\mathrm d(\rho c_p)/\mathrm dC=c_l\rho_s$；而由附录 3，$\rho_s=\rho/(1+C)=(650+128C)/(1+C)$
problem2_slove.md,94,1,1.0,ALLOW,题面: 半径网格 1 cm,0.0,> $\mathrm d(\rho c_p)/\mathrm dC=c_l\rho_s$；而由附录 3，$\rho_s=\rho/(1+C)=(650+128C)/(1+C)$
problem2_slove.md,94,650,650.0,ALLOW,附录3: rho 常数项,0.0,> $\mathrm d(\rho c_p)/\mathrm dC=c_l\rho_s$；而由附录 3，$\rho_s=\rho/(1+C)=(650+128C)/(1+C)$
problem2_slove.md,94,128,128.0,ALLOW,附录3: rho 的 C 系数,0.0,> $\mathrm d(\rho c_p)/\mathrm dC=c_l\rho_s$；而由附录 3，$\rho_s=\rho/(1+C)=(650+128C)/(1+C)$
problem2_slove.md,94,1,1.0,ALLOW,题面: 半径网格 1 cm,0.0,> $\mathrm d(\rho c_p)/\mathrm dC=c_l\rho_s$；而由附录 3，$\rho_s=\rho/(1+C)=(650+128C)/(1+C)$
problem2_slove.md,97,522,522.0,REGISTRY,EV_coef_522,0.000e+00,> =-(522(c_s+Cc_l))/((1+C))\neq0$$
problem2_slove.md,97,1,1.0,ALLOW,题面: 半径网格 1 cm,0.0,> =-(522(c_s+Cc_l))/((1+C))\neq0$$
problem2_slove.md,97,0,0.0,ALLOW,零,0.0,> =-(522(c_s+Cc_l))/((1+C))\neq0$$
problem2_slove.md,98,2.55,2.55,ALLOW,题面: 初始干基含水率 2.55 kg/kg,0.0,> 在 $C=2.55$ 处 $|\mathrm d(\rho c_p)/\mathrm dC-c_l\rho_s|=5.0219e5$
problem2_slove.md,98,5.0219e5,502190.0,REGISTRY,EV_cancel_gap_255|abs,2.787e+00,> 在 $C=2.55$ 处 $|\mathrm d(\rho c_p)/\mathrm dC-c_l\rho_s|=5.0219e5$
problem2_slove.md,99,2,2.0,ALLOW,题面: 半径 2 cm / 通用整数,0.0,> $\mathrm{J/(mK)}$ 每 $(\mathrm{kg/kg})$（`q2_energy_exact.py`，sympy 严格推导）。
problem2_slove.md,100,1,1.0,ALLOW,题面: 半径网格 1 cm,0.0,"> 故式 (1) 应由**下式**（含残差项 $R$）经量级论证得到，而不是由""精确相消""得到。"
problem2_slove.md,101,3,3.0,ALLOW,3 h,0.0,> 根因与   报告的 $\rho_s$ 漂移是**同一个**不自洽：附录 3 的 $\rho(C)$ 与
problem2_slove.md,105,2,2.0,ALLOW,题面: 半径 2 cm / 通用整数,0.0,`src/q2_energy_exact.py`：$\mathrm d\rho_s/\mathrm dC=-41.4204 \mathrm{kg/m}$ 每
problem2_slove.md,105,-41.4204,-41.4204,REGISTRY,EV_drhosdC_255,4.690e-05,`src/q2_energy_exact.py`：$\mathrm d\rho_s/\mathrm dC=-41.4204 \mathrm{kg/m}$ 每
problem2_slove.md,106,2.55,2.55,ALLOW,题面: 初始干基含水率 2.55 kg/kg,0.0,$(\mathrm{kg/kg})$（$C=2.55$），体积平均 $\partial_tC=-1.0803e-4 \mathrm{kg/(kg\cdot s)}$。
problem2_slove.md,106,-1.0803e-4,-0.00010803,REGISTRY,EV_dCdt,0.000e+00,$(\mathrm{kg/kg})$（$C=2.55$），体积平均 $\partial_tC=-1.0803e-4 \mathrm{kg/(kg\cdot s)}$。
problem2_slove.md,107,1,1.0,ALLOW,题面: 半径网格 1 cm,0.0,"""守恒形式"" $\partial(\rho c_pT)/\partial t=\nabla\!\cdot\!(k\nabla T)$ 相对式 (1)"
problem2_slove.md,108,308.0,308.0,REGISTRY,EV_T_mean,0.000e+00,多出的项（代码以**热力学温度**为状态量，故因子就是 $T$ 本身，$T=308.0 \mathrm K$）
problem2_slove.md,111,2.1599e4,21599.0,REGISTRY,EX_Sfalse_absT,7.192e-02,=+2.1599e4 \mathrm{W/m}$$
problem2_slove.md,114,2.603e3,2603.0,REGISTRY,EC_main,1.272e-01,$\rho c_p\partial_tT\sim2.603e3 \mathrm{W/m}$ 的 **829.7 %**。
problem2_slove.md,114,829.7,829.7,REGISTRY,EX_Sfalse_pct,3.556e-02,$\rho c_p\partial_tT\sim2.603e3 \mathrm{W/m}$ 的 **829.7 %**。
problem2_slove.md,123,0,0.0,ALLOW,零,0.0,| $0$（代码的隐含基准） | $308.00$ | $-1998.4002$ | $76.77%$ | $10.808$ |
problem2_slove.md,123,308.00,308.0,REGISTRY,EV_T_mean,0.000e+00,| $0$（代码的隐含基准） | $308.00$ | $-1998.4002$ | $76.77%$ | $10.808$ |
problem2_slove.md,123,-1998.4002,-1998.4002,REGISTRY,EX_R0_Tref0,4.924e-05,| $0$（代码的隐含基准） | $308.00$ | $-1998.4002$ | $76.77%$ | $10.808$ |
problem2_slove.md,123,76.77,76.77,REGISTRY,EX_R0pct_Tref0,7.876e-04,| $0$（代码的隐含基准） | $308.00$ | $-1998.4002$ | $76.77%$ | $10.808$ |
problem2_slove.md,123,10.808,10.808,REGISTRY,FG_S_over_R0,1.812e-04,| $0$（代码的隐含基准） | $308.00$ | $-1998.4002$ | $76.77%$ | $10.808$ |
problem2_slove.md,124,273.15,273.15,ALLOW,摄氏-热力学温标换算,0.0,| $273.15$（$0 ^\circ\mathrm C$） | $34.85$ | $-226.1177$ | $8.69%$ | $95.521$ |
problem2_slove.md,124,0,0.0,ALLOW,零,0.0,| $273.15$（$0 ^\circ\mathrm C$） | $34.85$ | $-226.1177$ | $8.69%$ | $95.521$ |
problem2_slove.md,124,34.85,34.85,REGISTRY,EX_absTminusTref_Tref273,0.000e+00,| $273.15$（$0 ^\circ\mathrm C$） | $34.85$ | $-226.1177$ | $8.69%$ | $95.521$ |
problem2_slove.md,124,-226.1177,-226.1177,REGISTRY,EX_R0_Tref273,9.461e-06,| $273.15$（$0 ^\circ\mathrm C$） | $34.85$ | $-226.1177$ | $8.69%$ | $95.521$ |
problem2_slove.md,124,8.69,8.69,REGISTRY,EX_R0pct_Tref273,3.613e-03,| $273.15$（$0 ^\circ\mathrm C$） | $34.85$ | $-226.1177$ | $8.69%$ | $95.521$ |
problem2_slove.md,124,95.521,95.521,REGISTRY,EV_ratio_Tref27315,3.715e-04,| $273.15$（$0 ^\circ\mathrm C$） | $34.85$ | $-226.1177$ | $8.69%$ | $95.521$ |
problem2_slove.md,125,301.15,301.15,ALLOW,题面: T0 = 28 degC = 301.15 K,0.0,| $301.15$（$28 ^\circ\mathrm C$） | $6.85$ | $-44.4449$ | $1.71%$ | $485.974$ |
problem2_slove.md,125,28,28.0,ALLOW,题面: 初温 28 degC,0.0,| $301.15$（$28 ^\circ\mathrm C$） | $6.85$ | $-44.4449$ | $1.71%$ | $485.974$ |
problem2_slove.md,125,6.85,6.85,REGISTRY,EV_dT,0.000e+00,| $301.15$（$28 ^\circ\mathrm C$） | $6.85$ | $-44.4449$ | $1.71%$ | $485.974$ |
problem2_slove.md,125,-44.4449,-44.4449,REGISTRY,EX_resid,4.061e-05,| $301.15$（$28 ^\circ\mathrm C$） | $6.85$ | $-44.4449$ | $1.71%$ | $485.974$ |
problem2_slove.md,125,1.71,1.71,REGISTRY,EX_resid_pct,2.633e-03,| $301.15$（$28 ^\circ\mathrm C$） | $6.85$ | $-44.4449$ | $1.71%$ | $485.974$ |
problem2_slove.md,125,485.974,485.974,REGISTRY,EV_ratio_Tref30115,3.070e-04,| $301.15$（$28 ^\circ\mathrm C$） | $6.85$ | $-44.4449$ | $1.71%$ | $485.974$ |
problem2_slove.md,126,308.00,308.0,REGISTRY,EV_T_mean,0.000e+00,| $308.00$（$=T$ 本身） | $0.00$ | $0.0000$ | $0.00%$ | $\infty$ |
problem2_slove.md,126,0.00,0.0,ALLOW,零,0.0,| $308.00$（$=T$ 本身） | $0.00$ | $0.0000$ | $0.00%$ | $\infty$ |
problem2_slove.md,126,0.0000,0.0,ALLOW,零,0.0,| $308.00$（$=T$ 本身） | $0.00$ | $0.0000$ | $0.00%$ | $\infty$ |
problem2_slove.md,126,0.00,0.0,ALLOW,零,0.0,| $308.00$（$=T$ 本身） | $0.00$ | $0.0000$ | $0.00%$ | $\infty$ |
problem2_slove.md,130,1,1.0,ALLOW,题面: 半径网格 1 cm,0.0,"1. **""$R$ 只占主项 $1.71%$ 故可略""这一判断依赖 $T=28 ^\circ\mathrm C$ 的选取。**"
problem2_slove.md,130,1.71,1.71,REGISTRY,EX_resid_pct,2.633e-03,"1. **""$R$ 只占主项 $1.71%$ 故可略""这一判断依赖 $T=28 ^\circ\mathrm C$ 的选取。**"
problem2_slove.md,130,28,28.0,ALLOW,题面: 初温 28 degC,0.0,"1. **""$R$ 只占主项 $1.71%$ 故可略""这一判断依赖 $T=28 ^\circ\mathrm C$ 的选取。**"
problem2_slove.md,131,0,0.0,ALLOW,零,0.0,取代码实际存储状态量所用的隐含基准（$T=0 \mathrm K$），$R$ 占主项
problem2_slove.md,132,76.77,76.77,REGISTRY,EX_R0pct_Tref0,7.876e-04,"$76.77%$——**并不小**。因此""$486$ 倍""这个比值是**两个不同基准混用**的结果。"
problem2_slove.md,132,486,486.0,REGISTRY,EV_ratio_Tref30115,2.631e-02,"$76.77%$——**并不小**。因此""$486$ 倍""这个比值是**两个不同基准混用**的结果。"
problem2_slove.md,133,2,2.0,ALLOW,题面: 半径 2 cm / 通用整数,0.0,2. **$R$ 的基准依赖性本身证明它是人造量，不是物理源项。** 若按物理上自洽的读法
problem2_slove.md,134,0,0.0,ALLOW,零,0.0,（体积不收缩 $+$ 干物质守恒 ⇒ $\rho_s=$ 常数），则 $\mathrm d\rho_s/\mathrm dC=0$、
problem2_slove.md,135,0,0.0,ALLOW,零,0.0,$R\equiv0$，式 (1) 在**任意**基准下都**精确**成立。$R$ 完全来自附录 3 的
problem2_slove.md,135,1,1.0,ALLOW,题面: 半径网格 1 cm,0.0,$R\equiv0$，式 (1) 在**任意**基准下都**精确**成立。$R$ 完全来自附录 3 的
problem2_slove.md,135,3,3.0,ALLOW,3 h,0.0,$R\equiv0$，式 (1) 在**任意**基准下都**精确**成立。$R$ 完全来自附录 3 的
problem2_slove.md,138,486,486.0,REGISTRY,EV_ratio_Tref30115,2.631e-02,"**因此本文对上式的用法是**：不在论文中引用""$486$ 倍""这一混合基准的比值，"
problem2_slove.md,143,17.2745,17.2745,REGISTRY,V11_dT,4.283e-05,| (a) | 两种实现的**实际**温度场之差（经验证据，不含任何基准假设） | $17.2745 \mathrm{K}$ |
problem2_slove.md,144,10.808,10.808,REGISTRY,FG_S_over_R0,1.812e-04,| (b) | 两个源项的**系数**之比 $\lvert\mathrm d(\rho c_p)/\mathrm dC\rvert\big/\lvert c_s\mathrm d\
problem2_slove.md,145,0,0.0,ALLOW,零,0.0,| (c) | 物理判据：自洽读法下 $R\equiv0$，式 (1) 精确 | — |
problem2_slove.md,145,1,1.0,ALLOW,题面: 半径网格 1 cm,0.0,| (c) | 物理判据：自洽读法下 $R\equiv0$，式 (1) 精确 | — |
problem2_slove.md,148,10.8,10.8,REGISTRY,FG_S_over_R0,8.181e-03,$10.8$ 倍；由 (c)，在自洽的物性读法下严格形式**没有**余项。故式 (1) 是两者中
problem2_slove.md,148,1,1.0,ALLOW,题面: 半径网格 1 cm,0.0,$10.8$ 倍；由 (c)，在自洽的物性读法下严格形式**没有**余项。故式 (1) 是两者中
problem2_slove.md,149,1.71,1.71,REGISTRY,EX_resid_pct,2.633e-03,"明显更优的近似。但**不能**用""$1.71%$ 可略 vs $829.7%$ 不可略""来论证——"
problem2_slove.md,149,829.7,829.7,REGISTRY,EX_Sfalse_pct,3.556e-02,"明显更优的近似。但**不能**用""$1.71%$ 可略 vs $829.7%$ 不可略""来论证——"
problem2_slove.md,153,6.56e2,656.0,REGISTRY,EC_Sfalse_abs,4.748e-02,"> ①  原先写""$|S|=6.56e2 \mathrm{W/m}$，与主项之比 0.252""。"
problem2_slove.md,153,0.252,0.252,REGISTRY,EC_ratio,2.283e-05,"> ①  原先写""$|S|=6.56e2 \mathrm{W/m}$，与主项之比 0.252""。"
problem2_slove.md,155,1,1.0,ALLOW,题面: 半径网格 1 cm,0.0,> $1/\Delta t$ 相比），且 $T-T=7 \mathrm K$ 与实际口径不符。
problem2_slove.md,155,7,7.0,ALLOW,结构,0.0,> $1/\Delta t$ 相比），且 $T-T=7 \mathrm K$ 与实际口径不符。
problem2_slove.md,156,4.0754e4,40754.0,ALLOW,"[更正记录] 同上, 伪源项数值",0.0,> ②我的第一版更正写成 $4.0754e4 \mathrm{W/m}$ 与 $1565.6%$——
problem2_slove.md,156,1565.6,1565.6,ALLOW,[更正记录] q2_energy_exact.py 重复温标换算时的伪源项占比,0.0,> ②我的第一版更正写成 $4.0754e4 \mathrm{W/m}$ 与 $1565.6%$——
problem2_slove.md,157,2,2.0,ALLOW,题面: 半径 2 cm / 通用整数,0.0,> 那是 `q2_energy_exact.py` 自身的**重复温标换算**（$T$ 已定义在热力学温标上却
problem2_slove.md,158,273.15,273.15,ALLOW,摄氏-热力学温标换算,0.0,> 又加了 $273.15$），使伪源项虚高 $1.887$ 倍。已改为 $2.1599e4$、$829.7%$。
problem2_slove.md,158,1.887,1.887,REGISTRY,EV_exact_inflation,1.494e-04,> 又加了 $273.15$），使伪源项虚高 $1.887$ 倍。已改为 $2.1599e4$、$829.7%$。
problem2_slove.md,158,2.1599e4,21599.0,REGISTRY,EX_Sfalse_absT,7.192e-02,> 又加了 $273.15$），使伪源项虚高 $1.887$ 倍。已改为 $2.1599e4$、$829.7%$。
problem2_slove.md,158,829.7,829.7,REGISTRY,EX_Sfalse_pct,3.556e-02,> 又加了 $273.15$），使伪源项虚高 $1.887$ 倍。已改为 $2.1599e4$、$829.7%$。
problem2_slove.md,159,486,486.0,REGISTRY,EV_ratio_Tref30115,2.631e-02,"> ③本版进一步发现 $R$ 的**基准依赖性**，因而""$486$ 倍""是混合基准的比值。"
problem2_slove.md,161,1.71,1.71,REGISTRY,EX_resid_pct,2.633e-03,"> 但论据从""$1.71%$ vs $829.7%$""换成上表 (a)(b)(c) 三条与基准无关的陈述。"
problem2_slove.md,161,829.7,829.7,REGISTRY,EX_Sfalse_pct,3.556e-02,"> 但论据从""$1.71%$ vs $829.7%$""换成上表 (a)(b)(c) 三条与基准无关的陈述。"
problem2_slove.md,165,8.64e-1,0.864,REGISTRY,EC_cJgradT,9.600e-06,$8.64e-1 \mathrm{W/m}$，与主项之比 $3.32e-4$，可安全略去。
problem2_slove.md,165,3.32e-4,0.000332,REGISTRY,EC_cJgradT_rel,9.520e-08,$8.64e-1 \mathrm{W/m}$，与主项之比 $3.32e-4$，可安全略去。
problem2_slove.md,167,2,2.0,ALLOW,题面: 半径 2 cm / 通用整数,0.0,"**数值验证。** `q2_verify.py` 的 V11 用同一求解器分别实现两种形式（`energy=""T""` 与 `energy=""conserv""`），"
problem2_slove.md,167,11,11.0,ALLOW,结构,0.0,"**数值验证。** `q2_verify.py` 的 V11 用同一求解器分别实现两种形式（`energy=""T""` 与 `energy=""conserv""`），"
problem2_slove.md,168,200,200.0,ALLOW,网格数 M=200,0.0,在 $M=200$、$\Delta t=0.25 \mathrm{s}$ 下的**温度场最大差别为 17.2745 K**（中心温度
problem2_slove.md,168,0.25,0.25,ALLOW,dt=0.25 s,0.0,在 $M=200$、$\Delta t=0.25 \mathrm{s}$ 下的**温度场最大差别为 17.2745 K**（中心温度
problem2_slove.md,168,17.2745,17.2745,REGISTRY,V11_dT,4.283e-05,在 $M=200$、$\Delta t=0.25 \mathrm{s}$ 下的**温度场最大差别为 17.2745 K**（中心温度
problem2_slove.md,169,10800,10800.0,ALLOW,题面表3/4 时间点 3 h,0.0,在 $t=10800 \mathrm{s}$ 相差 14.7961 K：非保守 49.7685 对守恒 64.5646 °C，见  ）。
problem2_slove.md,169,14.7961,14.7961,REGISTRY,V11_dT_center,2.288e-05,在 $t=10800 \mathrm{s}$ 相差 14.7961 K：非保守 49.7685 对守恒 64.5646 °C，见  ）。
problem2_slove.md,169,49.7685,49.7685,REGISTRY,V11_Tc_nc,4.605e-06,在 $t=10800 \mathrm{s}$ 相差 14.7961 K：非保守 49.7685 对守恒 64.5646 °C，见  ）。
problem2_slove.md,169,64.5646,64.5646,REGISTRY,V11_Tc_c,2.749e-05,在 $t=10800 \mathrm{s}$ 相差 14.7961 K：非保守 49.7685 对守恒 64.5646 °C，见  ）。
problem2_slove.md,172,1,1.0,ALLOW,题面: 半径网格 1 cm,0.0,> **结论**：问题二的能量方程取式 (1)（非保守形式）。这一选择在问题一中不存在
problem2_slove.md,174,1,1.0,ALLOW,题面: 半径网格 1 cm,0.0,> **代价必须如实说明**：式 (1) 并非严格守恒形式的精确等价物。在附录 3 的字面读法下
problem2_slove.md,174,3,3.0,ALLOW,3 h,0.0,> **代价必须如实说明**：式 (1) 并非严格守恒形式的精确等价物。在附录 3 的字面读法下
problem2_slove.md,175,1.71,1.71,REGISTRY,EX_resid_pct,2.633e-03,> 它带有余项 $R$；但 $R$ 的大小随温度基准而变（$1.71%\sim76.77%$ 主项），
problem2_slove.md,175,76.77,76.77,REGISTRY,EX_R0pct_Tref0,7.876e-04,> 它带有余项 $R$；但 $R$ 的大小随温度基准而变（$1.71%\sim76.77%$ 主项），
problem2_slove.md,176,3,3.0,ALLOW,3 h,0.0,> 这一基准依赖性本身说明 $R$ 是附录 3 的 $\rho(C)$ 不自洽的人造产物：
problem2_slove.md,177,0,0.0,ALLOW,零,0.0,> 在物理自洽的读法（$\rho_s$ 为常数）下 $R\equiv0$、式 (1) 精确（ ）。
problem2_slove.md,177,1,1.0,ALLOW,题面: 半径网格 1 cm,0.0,> 在物理自洽的读法（$\rho_s$ 为常数）下 $R\equiv0$、式 (1) 精确（ ）。
problem2_slove.md,185,2,2.0,ALLOW,题面: 半径 2 cm / 通用整数,0.0,数值证据（`q2_verify.py` V4）：$M=400$、$\Delta t=1/16 \mathrm{s}$ 下计算温度下界为
problem2_slove.md,185,4,4.0,ALLOW,结构/常数,0.0,数值证据（`q2_verify.py` V4）：$M=400$、$\Delta t=1/16 \mathrm{s}$ 下计算温度下界为
problem2_slove.md,185,400,400.0,ALLOW,网格数 M=400,0.0,数值证据（`q2_verify.py` V4）：$M=400$、$\Delta t=1/16 \mathrm{s}$ 下计算温度下界为
problem2_slove.md,185,1,1.0,ALLOW,题面: 半径网格 1 cm,0.0,数值证据（`q2_verify.py` V4）：$M=400$、$\Delta t=1/16 \mathrm{s}$ 下计算温度下界为
problem2_slove.md,185,16,16.0,ALLOW,1/16 s 的时间步分母,0.0,数值证据（`q2_verify.py` V4）：$M=400$、$\Delta t=1/16 \mathrm{s}$ 下计算温度下界为
problem2_slove.md,186,27.9905,27.9905,REGISTRY,DV_Tmin,0.000e+00,**27.9905 °C**，低于包络下界 28.0000 °C 达 0.0095 K；而关闭蒸发项后
problem2_slove.md,186,28.0000,28.0,ALLOW,题面: 初温 28 degC,0.0,**27.9905 °C**，低于包络下界 28.0000 °C 达 0.0095 K；而关闭蒸发项后
problem2_slove.md,186,0.0095,0.0095,REGISTRY,DV_Ts_dip,7.997e-16,**27.9905 °C**，低于包络下界 28.0000 °C 达 0.0095 K；而关闭蒸发项后
problem2_slove.md,187,200,200.0,ALLOW,网格数 M=200,0.0,（$M=200$、$\Delta t=0.25 \mathrm{s}$）下界回到 **28.0000 °C**，越界 **0.000000 K**。
problem2_slove.md,187,0.25,0.25,ALLOW,dt=0.25 s,0.0,（$M=200$、$\Delta t=0.25 \mathrm{s}$）下界回到 **28.0000 °C**，越界 **0.000000 K**。
problem2_slove.md,187,28.0000,28.0,ALLOW,题面: 初温 28 degC,0.0,（$M=200$、$\Delta t=0.25 \mathrm{s}$）下界回到 **28.0000 °C**，越界 **0.000000 K**。
problem2_slove.md,187,0.000000,0.0,ALLOW,零,0.0,（$M=200$、$\Delta t=0.25 \mathrm{s}$）下界回到 **28.0000 °C**，越界 **0.000000 K**。
problem2_slove.md,197,3,3.0,ALLOW,3 h,0.0,附录 3 的 $\rho(C)=650+128C$ 反推出的干基骨架密度
problem2_slove.md,197,650,650.0,ALLOW,附录3: rho 常数项,0.0,附录 3 的 $\rho(C)=650+128C$ 反推出的干基骨架密度
problem2_slove.md,197,128,128.0,ALLOW,附录3: rho 的 C 系数,0.0,附录 3 的 $\rho(C)=650+128C$ 反推出的干基骨架密度
problem2_slove.md,198,1,1.0,ALLOW,题面: 半径网格 1 cm,0.0,$\rho_s=\rho/(1+C)$ 由 $C=2.55$ 时的 $275.0423 \mathrm{kg/m}$
problem2_slove.md,198,2.55,2.55,ALLOW,题面: 初始干基含水率 2.55 kg/kg,0.0,$\rho_s=\rho/(1+C)$ 由 $C=2.55$ 时的 $275.0423 \mathrm{kg/m}$
problem2_slove.md,198,275.0423,275.0423,REGISTRY,EB_rhos_2.55,4.648e-05,$\rho_s=\rho/(1+C)$ 由 $C=2.55$ 时的 $275.0423 \mathrm{kg/m}$
problem2_slove.md,199,0.15,0.15,ALLOW,题面问题3: 含水率目标 0.15 kg/kg,0.0,单调升到 $C=0.15$ 时的 $581.9130 \mathrm{kg/m}$（**变化 $+111.57%$**，
problem2_slove.md,199,581.9130,581.913,REGISTRY,EB_rhos_0.15,4.348e-05,单调升到 $C=0.15$ 时的 $581.9130 \mathrm{kg/m}$（**变化 $+111.57%$**，
problem2_slove.md,199,111.57,111.57,REGISTRY,EB_rhos_drift,2.235e-03,单调升到 $C=0.15$ 时的 $581.9130 \mathrm{kg/m}$（**变化 $+111.57%$**，
problem2_slove.md,200,2,2.0,ALLOW,题面: 半径 2 cm / 通用整数,0.0,"`registry_q2_energy.csv` 的 `EB_rhos_drift`）。若严格要求""体积不变 $+$ 干物质守恒""，"
problem2_slove.md,201,3,3.0,ALLOW,3 h,0.0,$\rho_s$ 应为常数，故**附录 3 的 $\rho(C)$ 与无收缩假设并不严格自洽**。
problem2_slove.md,203,4,4.0,ALLOW,结构/常数,0.0,但题面式 (4) 把 $D$ 直接定义在 $C$ 上：
problem2_slove.md,209,1,1.0,ALLOW,题面: 半径网格 1 cm,0.0,"$$(\partial C)/(\partial t)=(1)/(r)(\partial)/(\partial r)\!(rD(C,T)(\partial C)/(\partial"
problem2_slove.md,213,2,2.0,ALLOW,题面: 半径 2 cm / 通用整数,0.0,（`problem2.md` B7：3 h 内体积不收缩）与局限如实说明。
problem2_slove.md,213,7,7.0,ALLOW,结构,0.0,（`problem2.md` B7：3 h 内体积不收缩）与局限如实说明。
problem2_slove.md,213,3,3.0,ALLOW,3 h,0.0,（`problem2.md` B7：3 h 内体积不收缩）与局限如实说明。
problem2_slove.md,222,1,1.0,ALLOW,题面: 半径网格 1 cm,0.0,=(1)/(r)(\partial)/(\partial r)\!(k(C)r(\partial T)/(\partial r))
problem2_slove.md,223,0,0.0,ALLOW,零,0.0,"0<r<R, 0<t\le10800 \mathrm{s} $$"
problem2_slove.md,223,0,0.0,ALLOW,零,0.0,"0<r<R, 0<t\le10800 \mathrm{s} $$"
problem2_slove.md,223,10800,10800.0,ALLOW,题面表3/4 时间点 3 h,0.0,"0<r<R, 0<t\le10800 \mathrm{s} $$"
problem2_slove.md,226,1,1.0,ALLOW,题面: 半径网格 1 cm,0.0,"=(1)/(r)(\partial)/(\partial r)\!(rD(C,T)(\partial C)/(\partial r)) $$"
problem2_slove.md,228,3,3.0,ALLOW,3 h,0.0,物性经验式（附录 3）：
problem2_slove.md,230,650,650.0,ALLOW,附录3: rho 常数项,0.0,"$$\rho(C)=650+128C,  c_p(C)=1450+(2736C)/(C+1),"
problem2_slove.md,230,128,128.0,ALLOW,附录3: rho 的 C 系数,0.0,"$$\rho(C)=650+128C,  c_p(C)=1450+(2736C)/(C+1),"
problem2_slove.md,230,1450,1450.0,ALLOW,附录3: cp 常数项,0.0,"$$\rho(C)=650+128C,  c_p(C)=1450+(2736C)/(C+1),"
problem2_slove.md,230,2736,2736.0,ALLOW,附录3: cp 的 C 系数,0.0,"$$\rho(C)=650+128C,  c_p(C)=1450+(2736C)/(C+1),"
problem2_slove.md,230,1,1.0,ALLOW,题面: 半径网格 1 cm,0.0,"$$\rho(C)=650+128C,  c_p(C)=1450+(2736C)/(C+1),"
problem2_slove.md,231,0.21,0.21,ALLOW,附录3: k 常数项,0.0,k(C)=0.21+(0.38C)/(C+1)$$
problem2_slove.md,231,0.38,0.38,ALLOW,附录3: k 的 C 系数,0.0,k(C)=0.21+(0.38C)/(C+1)$$
problem2_slove.md,231,1,1.0,ALLOW,题面: 半径网格 1 cm,0.0,k(C)=0.21+(0.38C)/(C+1)$$
problem2_slove.md,233,2.4e-3,0.0024,ALLOW,附录3: D 的系数,0.0,"$$D(C,T)=2.4e-3\exp\!(-(0.45)/(C))\exp\!(-(3850)/(T)),"
problem2_slove.md,233,0.45,0.45,ALLOW,附录3: D 的指数常数,0.0,"$$D(C,T)=2.4e-3\exp\!(-(0.45)/(C))\exp\!(-(3850)/(T)),"
problem2_slove.md,233,3850,3850.0,ALLOW,附录3: Arrhenius 常数,0.0,"$$D(C,T)=2.4e-3\exp\!(-(0.45)/(C))\exp\!(-(3850)/(T)),"
problem2_slove.md,238,0,0.0,ALLOW,零,0.0,"$$T(r,0)=T=301.15 \mathrm{K},  C(r,0)=C=2.55 \mathrm{kg/kg}$$"
problem2_slove.md,238,301.15,301.15,ALLOW,题面: T0 = 28 degC = 301.15 K,0.0,"$$T(r,0)=T=301.15 \mathrm{K},  C(r,0)=C=2.55 \mathrm{kg/kg}$$"
problem2_slove.md,238,0,0.0,ALLOW,零,0.0,"$$T(r,0)=T=301.15 \mathrm{K},  C(r,0)=C=2.55 \mathrm{kg/kg}$$"
problem2_slove.md,238,2.55,2.55,ALLOW,题面: 初始干基含水率 2.55 kg/kg,0.0,"$$T(r,0)=T=301.15 \mathrm{K},  C(r,0)=C=2.55 \mathrm{kg/kg}$$"
problem2_slove.md,240,0,0.0,ALLOW,零,0.0,"$$.(\partial T)/(\partial r)|=0,"
problem2_slove.md,241,0,0.0,ALLOW,零,0.0,.(\partial C)/(\partial r)|=0$$
problem2_slove.md,249,1,1.0,ALLOW,题面: 半径网格 1 cm,0.0,$T_\infty(t)$、$C_\infty(t)$ 由附件 1 的 241 个点（$\Delta t=60 \mathrm{s}$）经**保形分段三次
problem2_slove.md,249,241,241.0,ALLOW,附件1 数据点数,0.0,$T_\infty(t)$、$C_\infty(t)$ 由附件 1 的 241 个点（$\Delta t=60 \mathrm{s}$）经**保形分段三次
problem2_slove.md,249,60,60.0,ALLOW,附件1 采样间隔 60 s,0.0,$T_\infty(t)$、$C_\infty(t)$ 由附件 1 的 241 个点（$\Delta t=60 \mathrm{s}$）经**保形分段三次
problem2_slove.md,250,3,3.0,ALLOW,3 h,0.0,"插值（PCHIP）**连续化。纯前 3 h 落在附件 1 的覆盖区间 $[0,14400] \mathrm{s}$ 内，无需外推。"
problem2_slove.md,250,1,1.0,ALLOW,题面: 半径网格 1 cm,0.0,"插值（PCHIP）**连续化。纯前 3 h 落在附件 1 的覆盖区间 $[0,14400] \mathrm{s}$ 内，无需外推。"
problem2_slove.md,250,0,0.0,ALLOW,零,0.0,"插值（PCHIP）**连续化。纯前 3 h 落在附件 1 的覆盖区间 $[0,14400] \mathrm{s}$ 内，无需外推。"
problem2_slove.md,250,14400,14400.0,ALLOW,附件1 覆盖时长 14400 s,0.0,"插值（PCHIP）**连续化。纯前 3 h 落在附件 1 的覆盖区间 $[0,14400] \mathrm{s}$ 内，无需外推。"
problem2_slove.md,252,3,3.0,ALLOW,3 h,0.0,### 3.1 附录 3 的耦合结构
problem2_slove.md,258,-3850,-3850.0,ALLOW,附录3: Arrhenius 常数(带符号),0.0,| $T\to D\to C$ | Arrhenius 因子 $\exp(-3850/T)$ | $\partial\ln D/\partial T=3850/T=4.245e-2
problem2_slove.md,258,3850,3850.0,ALLOW,附录3: Arrhenius 常数,0.0,| $T\to D\to C$ | Arrhenius 因子 $\exp(-3850/T)$ | $\partial\ln D/\partial T=3850/T=4.245e-2
problem2_slove.md,258,4.245e-2,0.04245,REGISTRY,B_dlnD_dT,1.691e-06,| $T\to D\to C$ | Arrhenius 因子 $\exp(-3850/T)$ | $\partial\ln D/\partial T=3850/T=4.245e-2
problem2_slove.md,258,301.15,301.15,ALLOW,题面: T0 = 28 degC = 301.15 K,0.0,| $T\to D\to C$ | Arrhenius 因子 $\exp(-3850/T)$ | $\partial\ln D/\partial T=3850/T=4.245e-2
problem2_slove.md,258,4.2,4.2,ALLOW,d lnD/dT 的量级 (%/K),0.0,| $T\to D\to C$ | Arrhenius 因子 $\exp(-3850/T)$ | $\partial\ln D/\partial T=3850/T=4.245e-2
problem2_slove.md,259,63.74,63.74,REGISTRY,A_rcp_drop,9.654e-05,"| $C\to\rho c_p,k\to T$ | 热惯性与导热能力随含水率变化 | $\rho c_p$ 全程降 63.74 % |"
problem2_slove.md,260,0.19,0.19,ALLOW,表面温降量级 K,0.0,| $C(R)\to q\to T(R)$ | 表面相变潜热直接进入表面热平衡 | 表面温降 $\sim0.19 \mathrm K$（ ） |
problem2_slove.md,266,1.0353,1.0353,REGISTRY,C_Bi,1.274e-05,| $\mathrm{Bi}=hR/k(C)$ | 1.0353 | $>0.1$，内部温度梯度不可忽略 |
problem2_slove.md,266,0.1,0.1,ALLOW,题面: 半径步长 0.1 cm,0.0,| $\mathrm{Bi}=hR/k(C)$ | 1.0353 | $>0.1$，内部温度梯度不可忽略 |
problem2_slove.md,267,2.8360,2.836,ALLOW,session-2 Bi_m 对照,0.0,"| $\mathrm{Bi}_m=h_mR/D(C,T)$ | 2.8360 | 表面传质与内部扩散阻力同量级 |"
problem2_slove.md,268,2761.9,2761.9,REGISTRY,?,6.382e-03,| $R/\alpha(C)$ | 2761.9 s | 温度 3 h 内趋于准稳态 |
problem2_slove.md,268,3,3.0,ALLOW,3 h,0.0,| $R/\alpha(C)$ | 2761.9 s | 温度 3 h 内趋于准稳态 |
problem2_slove.md,269,7.090e4,70900.0,REGISTRY,C_tauC,8.617e-01,"| $R/D(C,T)$ | $7.090e4$ s | 水分远未平衡（比 3 h 大 6.6 倍） |"
problem2_slove.md,269,3,3.0,ALLOW,3 h,0.0,"| $R/D(C,T)$ | $7.090e4$ s | 水分远未平衡（比 3 h 大 6.6 倍） |"
problem2_slove.md,269,6.6,6.6,ALLOW,R^2/D 与 3 h 之比,0.0,"| $R/D(C,T)$ | $7.090e4$ s | 水分远未平衡（比 3 h 大 6.6 倍） |"
problem2_slove.md,270,25.67,25.67,REGISTRY,C_ratio_inv,1.105e-03,| $\alpha/D$ | 25.67 | 温度过程比水分过程快约 26 倍 ⇒ 刚性 |
problem2_slove.md,270,26,26.0,ALLOW,结构,0.0,| $\alpha/D$ | 25.67 | 温度过程比水分过程快约 26 倍 ⇒ 刚性 |
problem2_slove.md,272,2.8e3,2800.0,REGISTRY,A_cp_1.0,1.800e+01,**刚性是问题二求解的核心困难**：温度方程的特征时间约 $2.8e3 \mathrm s$，
problem2_slove.md,273,7.1e4,71000.0,REGISTRY,C_tauC,9.914e+01,水分方程约 $7.1e4 \mathrm s$，两者相差 26 倍；且 $\rho c_p$ 在求解过程中变化 63.74 %。
problem2_slove.md,273,26,26.0,ALLOW,结构,0.0,水分方程约 $7.1e4 \mathrm s$，两者相差 26 倍；且 $\rho c_p$ 在求解过程中变化 63.74 %。
problem2_slove.md,273,63.74,63.74,REGISTRY,A_rcp_drop,9.654e-05,水分方程约 $7.1e4 \mathrm s$，两者相差 26 倍；且 $\rho c_p$ 在求解过程中变化 63.74 %。
problem2_slove.md,282,2,2.0,ALLOW,题面: 半径 2 cm / 通用整数,0.0,"附录 2/3 只给出 $h$、$h_m$，**没有给出汽化潜热**。本文不采用""抄一个文献常数""的做法，"
problem2_slove.md,282,3,3.0,ALLOW,3 h,0.0,"附录 2/3 只给出 $h$、$h_m$，**没有给出汽化潜热**。本文不采用""抄一个文献常数""的做法，"
problem2_slove.md,283,-95,-95.0,ALLOW,国际水物性标准名 IAPWS-95 中的 '-95',0.0,而由基础热力学关系推导其函数形式，再用国际水物性标准 IAPWS-95 定标
problem2_slove.md,284,2,2.0,ALLOW,题面: 半径 2 cm / 通用整数,0.0,（`src/q2_latent_heat.py`、`src/q2_verify.py` 的 V10）。
problem2_slove.md,284,2,2.0,ALLOW,题面: 半径 2 cm / 通用整数,0.0,（`src/q2_latent_heat.py`、`src/q2_verify.py` 的 V10）。
problem2_slove.md,284,10,10.0,ALLOW,结构,0.0,（`src/q2_latent_heat.py`、`src/q2_verify.py` 的 V10）。
problem2_slove.md,293,461.518,461.518,REGISTRY,LH_Rv,5.000e-05,$v_v=R_vT/p$（$R_v=R_u/M_w=461.518 \mathrm{J/(kg\cdot K)}$），得
problem2_slove.md,297,5,5.0,ALLOW,结构/常数,0.0,保留真实气体 $v_v=ZR_vT/p$（$Z$ 为压缩因子）时，式 (5) 给出
problem2_slove.md,300,1,1.0,ALLOW,题面: 半径网格 1 cm,0.0,=(1)/(Z(1-v_l/v_v))$$
problem2_slove.md,300,1,1.0,ALLOW,题面: 半径网格 1 cm,0.0,=(1)/(Z(1-v_l/v_v))$$
problem2_slove.md,302,1,1.0,ALLOW,题面: 半径网格 1 cm,0.0,即 CC 的偏差由**两项**构成：(i) 气相非理想性 $1/Z$，(ii) 被略去的 $v_l/v_v$。
problem2_slove.md,303,10,10.0,ALLOW,结构,0.0,数值核验（V10，`registry_q2_latent_heat_rows.csv`）：
problem2_slove.md,303,2,2.0,ALLOW,题面: 半径 2 cm / 通用整数,0.0,数值核验（V10，`registry_q2_latent_heat_rows.csv`）：
problem2_slove.md,305,1,1.0,ALLOW,题面: 半径网格 1 cm,0.0,| $T$ / °C | CC 实测偏差 / % | $1/Z-1$ / % | $v_l/v_v$ / % | 两者之和 / % | 由 $(1)/(Z(1-v_l/v_v))-
problem2_slove.md,305,-1,-1.0,REGISTRY,V6_TR_diff,3.663e-01,| $T$ / °C | CC 实测偏差 / % | $1/Z-1$ / % | $v_l/v_v$ / % | 两者之和 / % | 由 $(1)/(Z(1-v_l/v_v))-
problem2_slove.md,305,1,1.0,ALLOW,题面: 半径网格 1 cm,0.0,| $T$ / °C | CC 实测偏差 / % | $1/Z-1$ / % | $v_l/v_v$ / % | 两者之和 / % | 由 $(1)/(Z(1-v_l/v_v))-
problem2_slove.md,305,1,1.0,ALLOW,题面: 半径网格 1 cm,0.0,| $T$ / °C | CC 实测偏差 / % | $1/Z-1$ / % | $v_l/v_v$ / % | 两者之和 / % | 由 $(1)/(Z(1-v_l/v_v))-
problem2_slove.md,305,-1,-1.0,REGISTRY,V6_TR_diff,3.663e-01,| $T$ / °C | CC 实测偏差 / % | $1/Z-1$ / % | $v_l/v_v$ / % | 两者之和 / % | 由 $(1)/(Z(1-v_l/v_v))-
problem2_slove.md,307,20,20.0,ALLOW,结构,0.0,| 20 | $0.13697$ | $0.13523$ | $0.00173$ | $0.13697$ | $0.13697$ |
problem2_slove.md,307,0.13697,0.13697,REGISTRY,LH_ccpred_20,2.115e-07,| 20 | $0.13697$ | $0.13523$ | $0.00173$ | $0.13697$ | $0.13697$ |
problem2_slove.md,307,0.13523,0.13523,REGISTRY,LH_invZ_20,2.823e-06,| 20 | $0.13697$ | $0.13523$ | $0.00173$ | $0.13697$ | $0.13697$ |
problem2_slove.md,307,0.00173,0.00173,REGISTRY,W11_dT_prod_n50,2.532e-06,| 20 | $0.13697$ | $0.13523$ | $0.00173$ | $0.13697$ | $0.13697$ |
problem2_slove.md,307,0.13697,0.13697,REGISTRY,LH_ccpred_20,2.115e-07,| 20 | $0.13697$ | $0.13523$ | $0.00173$ | $0.13697$ | $0.13697$ |
problem2_slove.md,307,0.13697,0.13697,REGISTRY,LH_ccpred_20,2.115e-07,| 20 | $0.13697$ | $0.13523$ | $0.00173$ | $0.13697$ | $0.13697$ |
problem2_slove.md,308,30,30.0,ALLOW,结构,0.0,| 30 | $0.20078$ | $0.19772$ | $0.00305$ | $0.20078$ | $0.20078$ |
problem2_slove.md,308,0.20078,0.20078,REGISTRY,LH_ccpred_30,1.068e-06,| 30 | $0.20078$ | $0.19772$ | $0.00305$ | $0.20078$ | $0.20078$ |
problem2_slove.md,308,0.19772,0.19772,REGISTRY,LH_invZ_30,2.146e-06,| 30 | $0.20078$ | $0.19772$ | $0.00305$ | $0.20078$ | $0.20078$ |
problem2_slove.md,308,0.00305,0.00305,REGISTRY,LH_vfvg_30,4.944e-06,| 30 | $0.20078$ | $0.19772$ | $0.00305$ | $0.20078$ | $0.20078$ |
problem2_slove.md,308,0.20078,0.20078,REGISTRY,LH_ccpred_30,1.068e-06,| 30 | $0.20078$ | $0.19772$ | $0.00305$ | $0.20078$ | $0.20078$ |
problem2_slove.md,308,0.20078,0.20078,REGISTRY,LH_ccpred_30,1.068e-06,| 30 | $0.20078$ | $0.19772$ | $0.00305$ | $0.20078$ | $0.20078$ |
problem2_slove.md,309,40,40.0,ALLOW,结构/40 degC,0.0,| 40 | $0.28707$ | $0.28189$ | $0.00516$ | $0.28706$ | $0.28706$ |
problem2_slove.md,309,0.28707,0.28707,REGISTRY,LH_errcc_40,2.503e-06,| 40 | $0.28707$ | $0.28189$ | $0.00516$ | $0.28706$ | $0.28706$ |
problem2_slove.md,309,0.28189,0.28189,REGISTRY,LH_invZ_40,4.896e-06,| 40 | $0.28707$ | $0.28189$ | $0.00516$ | $0.28706$ | $0.28706$ |
problem2_slove.md,309,0.00516,0.00516,REGISTRY,LH_vfvg_40,4.638e-06,| 40 | $0.28707$ | $0.28189$ | $0.00516$ | $0.28706$ | $0.28706$ |
problem2_slove.md,309,0.28706,0.28706,REGISTRY,LH_ccpred_40,4.568e-06,| 40 | $0.28707$ | $0.28189$ | $0.00516$ | $0.28706$ | $0.28706$ |
problem2_slove.md,309,0.28706,0.28706,REGISTRY,LH_ccpred_40,4.568e-06,| 40 | $0.28707$ | $0.28189$ | $0.00516$ | $0.28706$ | $0.28706$ |
problem2_slove.md,310,50,50.0,ALLOW,网格数 M=50,0.0,| 50 | $0.40141$ | $0.39295$ | $0.00842$ | $0.40137$ | $0.40140$ |
problem2_slove.md,310,0.40141,0.40141,REGISTRY,V10_cc_max,0.000e+00,| 50 | $0.40141$ | $0.39295$ | $0.00842$ | $0.40137$ | $0.40140$ |
problem2_slove.md,310,0.39295,0.39295,REGISTRY,LH_invZ_50,4.564e-06,| 50 | $0.40141$ | $0.39295$ | $0.00842$ | $0.40137$ | $0.40140$ |
problem2_slove.md,310,0.00842,0.00842,REGISTRY,LH_vfvg_50,4.295e-06,| 50 | $0.40141$ | $0.39295$ | $0.00842$ | $0.40137$ | $0.40140$ |
problem2_slove.md,310,0.40137,0.40137,REGISTRY,LH_ccsum_50,2.691e-07,| 50 | $0.40141$ | $0.39295$ | $0.00842$ | $0.40137$ | $0.40140$ |
problem2_slove.md,310,0.40140,0.4014,ALLOW,50 degC CC 实测偏差 (%),0.0,| 50 | $0.40141$ | $0.39295$ | $0.00842$ | $0.40137$ | $0.40140$ |
problem2_slove.md,312,1,1.0,ALLOW,题面: 半径网格 1 cm,0.0,"> **更正记录（本次，由独立审计发现）**：本节原先写""$1/Z-1$ 与 CC 偏差的最大不一致为"
problem2_slove.md,312,-1,-1.0,REGISTRY,V6_TR_diff,3.663e-01,"> **更正记录（本次，由独立审计发现）**：本节原先写""$1/Z-1$ 与 CC 偏差的最大不一致为"
problem2_slove.md,313,0.008452,0.008452,REGISTRY,LH_ccresid_50,3.732e-08,"> 0.008452 个百分点，印证 CC 的偏差**全部来自气相非理想性**""。**该解释是错的**："
problem2_slove.md,314,0.008452,0.008452,REGISTRY,LH_ccresid_50,3.732e-08,> 那 0.008452 个百分点**正是被略去的 $v_l/v_v$ 项**。上表显示
problem2_slove.md,315,0.00173,0.00173,REGISTRY,LH_vf_over_vg,4.589e-08,> $v_l/v_v$（$0.00173%\to0.00842%$）与实测偏差减 $1/Z-1$ 的残差
problem2_slove.md,315,0.00842,0.00842,REGISTRY,LH_vfvg_50,4.295e-06,> $v_l/v_v$（$0.00173%\to0.00842%$）与实测偏差减 $1/Z-1$ 的残差
problem2_slove.md,315,1,1.0,ALLOW,题面: 半径网格 1 cm,0.0,> $v_l/v_v$（$0.00173%\to0.00842%$）与实测偏差减 $1/Z-1$ 的残差
problem2_slove.md,315,-1,-1.0,REGISTRY,V6_TR_diff,3.663e-01,> $v_l/v_v$（$0.00173%\to0.00842%$）与实测偏差减 $1/Z-1$ 的残差
problem2_slove.md,316,0.00174,0.00174,REGISTRY,LH_vf_over_vg,5.411e-08,> （$0.00174%\to0.00845%$）逐点吻合到 $0.4%$ 以内，且精确关系
problem2_slove.md,316,0.00845,0.00845,REGISTRY,V10_cc_gap,1.963e-06,> （$0.00174%\to0.00845%$）逐点吻合到 $0.4%$ 以内，且精确关系
problem2_slove.md,316,0.4,0.4,REGISTRY,A_k_1.0,0.000e+00,> （$0.00174%\to0.00845%$）逐点吻合到 $0.4%$ 以内，且精确关系
problem2_slove.md,317,1,1.0,ALLOW,题面: 半径网格 1 cm,0.0,> $1/[Z(1-v_l/v_v)]-1$ 把 CC 偏差复现到 $1e-5$ 个百分点。
problem2_slove.md,317,1,1.0,ALLOW,题面: 半径网格 1 cm,0.0,> $1/[Z(1-v_l/v_v)]-1$ 把 CC 偏差复现到 $1e-5$ 个百分点。
problem2_slove.md,317,-1,-1.0,REGISTRY,V6_TR_diff,3.663e-01,> $1/[Z(1-v_l/v_v)]-1$ 把 CC 偏差复现到 $1e-5$ 个百分点。
problem2_slove.md,317,1e-5,1e-05,ALLOW,量级,0.0,> $1/[Z(1-v_l/v_v)]-1$ 把 CC 偏差复现到 $1e-5$ 个百分点。
problem2_slove.md,319,98.8,98.8,REGISTRY,LH_invZ_share_20,6.642e-02,> 前者占 $98.8%$（$20 ^\circ\mathrm C$）至 $97.9%$（$50 ^\circ\mathrm C$），
problem2_slove.md,319,20,20.0,ALLOW,结构,0.0,> 前者占 $98.8%$（$20 ^\circ\mathrm C$）至 $97.9%$（$50 ^\circ\mathrm C$），
problem2_slove.md,319,97.9,97.9,REGISTRY,FG_tau_dT_R2,1.464e-04,> 前者占 $98.8%$（$20 ^\circ\mathrm C$）至 $97.9%$（$50 ^\circ\mathrm C$），
problem2_slove.md,319,50,50.0,ALLOW,网格数 M=50,0.0,> 前者占 $98.8%$（$20 ^\circ\mathrm C$）至 $97.9%$（$50 ^\circ\mathrm C$），
problem2_slove.md,320,1.2,1.2,REGISTRY,?,0.000e+00,> 后者占 $1.2%\sim2.1%$；两项之和 $\le0.40141%$，在本题精度下均可忽略。**
problem2_slove.md,320,2.1,2.1,REGISTRY,V9_s_h12,6.195e-04,> 后者占 $1.2%\sim2.1%$；两项之和 $\le0.40141%$，在本题精度下均可忽略。**
problem2_slove.md,320,0.40141,0.40141,REGISTRY,V10_cc_max,0.000e+00,> 后者占 $1.2%\sim2.1%$；两项之和 $\le0.40141%$，在本题精度下均可忽略。**
problem2_slove.md,322,5,5.0,ALLOW,结构/常数,0.0,精确 Clapeyron 式 (5) 复现 IAPWS-95 的 $h$ 最大偏差 **0.1016 J/kg**
problem2_slove.md,322,-95,-95.0,ALLOW,国际水物性标准名 IAPWS-95 中的 '-95',0.0,精确 Clapeyron 式 (5) 复现 IAPWS-95 的 $h$ 最大偏差 **0.1016 J/kg**
problem2_slove.md,322,0.1016,0.1016,REGISTRY,V10_clap,2.003e-06,精确 Clapeyron 式 (5) 复现 IAPWS-95 的 $h$ 最大偏差 **0.1016 J/kg**
problem2_slove.md,323,4.2e-8,4.2e-08,REGISTRY,V10_clap_rel,2.668e-10,（相对 $4.2e-8$），故 (i) 的推导本身无误。
problem2_slove.md,328,28,28.0,ALLOW,题面: 初温 28 degC,0.0,**(iv) 定标。** 以物料初温 $28 ^\circ\mathrm C$ 为物理锚点，由 IAPWS-95 取
problem2_slove.md,328,-95,-95.0,ALLOW,国际水物性标准名 IAPWS-95 中的 '-95',0.0,**(iv) 定标。** 以物料初温 $28 ^\circ\mathrm C$ 为物理锚点，由 IAPWS-95 取
problem2_slove.md,329,28,28.0,ALLOW,题面: 初温 28 degC,0.0,$H(28 ^\circ\mathrm C)=2434560.5 \mathrm{J/kg}$，在 $28\sim50 ^\circ\mathrm C$ 上
problem2_slove.md,329,2434560.5,2434560.5,REGISTRY,V10_L28,1.442e-02,$H(28 ^\circ\mathrm C)=2434560.5 \mathrm{J/kg}$，在 $28\sim50 ^\circ\mathrm C$ 上
problem2_slove.md,329,28,28.0,ALLOW,题面: 初温 28 degC,0.0,$H(28 ^\circ\mathrm C)=2434560.5 \mathrm{J/kg}$，在 $28\sim50 ^\circ\mathrm C$ 上
problem2_slove.md,329,50,50.0,ALLOW,网格数 M=50,0.0,$H(28 ^\circ\mathrm C)=2434560.5 \mathrm{J/kg}$，在 $28\sim50 ^\circ\mathrm C$ 上
problem2_slove.md,330,-2391.0094,-2391.0094,REGISTRY,V10_slope,1.838e-05,最小二乘得斜率 $-2391.0094 \mathrm{J/(kg\cdot K)}$：
problem2_slove.md,332,2.4346e6,2434600.0,REGISTRY,D_Hevap_28,0.000e+00,$${ H(T)=2.4346e6-2.391e3(T-28 ^\circ\mathrm C)
problem2_slove.md,332,-2.391e3,-2391.0,ALLOW,定标斜率,0.0,$${ H(T)=2.4346e6-2.391e3(T-28 ^\circ\mathrm C)
problem2_slove.md,332,-28,-28.0,ALLOW,L_v 定标式中 (T - 28 degC) 的偏移量,0.0,$${ H(T)=2.4346e6-2.391e3(T-28 ^\circ\mathrm C)
problem2_slove.md,335,28,28.0,ALLOW,题面: 初温 28 degC,0.0,在 $28\sim50 ^\circ\mathrm C$ 上的最大残差为 **109.2 J/kg（0.00449 %）**，
problem2_slove.md,335,50,50.0,ALLOW,网格数 M=50,0.0,在 $28\sim50 ^\circ\mathrm C$ 上的最大残差为 **109.2 J/kg（0.00449 %）**，
problem2_slove.md,335,109.2,109.2,REGISTRY,V10_resid,1.225e-02,在 $28\sim50 ^\circ\mathrm C$ 上的最大残差为 **109.2 J/kg（0.00449 %）**，
problem2_slove.md,335,0.00449,0.00449,REGISTRY,LH_resid28_pct,4.088e-06,在 $28\sim50 ^\circ\mathrm C$ 上的最大残差为 **109.2 J/kg（0.00449 %）**，
problem2_slove.md,338,2.4e6,2400000.0,REGISTRY,registry_q2_latent_heat.csv:L_CC_J_per_kg,2.139e+03,**注意**：$H$ 的**量级**（$2.4e6$）决定了蒸发项的权重；
problem2_slove.md,339,28,28.0,ALLOW,题面: 初温 28 degC,0.0,其温度依赖（28→50 °C 变化 2.2 %）影响很小——用常数 $H(40 ^\circ\mathrm C)$
problem2_slove.md,339,50,50.0,ALLOW,网格数 M=50,0.0,其温度依赖（28→50 °C 变化 2.2 %）影响很小——用常数 $H(40 ^\circ\mathrm C)$
problem2_slove.md,339,2.2,2.2,REGISTRY,?,6.475e-05,其温度依赖（28→50 °C 变化 2.2 %）影响很小——用常数 $H(40 ^\circ\mathrm C)$
problem2_slove.md,339,40,40.0,ALLOW,结构/40 degC,0.0,其温度依赖（28→50 °C 变化 2.2 %）影响很小——用常数 $H(40 ^\circ\mathrm C)$
problem2_slove.md,340,7,7.0,ALLOW,结构,0.0,替代式 (7) 时温度场最大只改变 $8.3296e-4 \mathrm K$
problem2_slove.md,340,8.3296e-4,0.00083296,REGISTRY,V8_hevconst_dT,3.597e-09,替代式 (7) 时温度场最大只改变 $8.3296e-4 \mathrm K$
problem2_slove.md,341,10800,10800.0,ALLOW,题面表3/4 时间点 3 h,0.0,（$t=10800 \mathrm s$ 表面差 $-7.4133e-4 \mathrm K$，见   的 V8 变体）。
problem2_slove.md,341,-7.4133e-4,-0.00074133,REGISTRY,V8_hevconst_TR_diff,2.141e-10,（$t=10800 \mathrm s$ 表面差 $-7.4133e-4 \mathrm K$，见   的 V8 变体）。
problem2_slove.md,341,8,8.0,ALLOW,结构,0.0,（$t=10800 \mathrm s$ 表面差 $-7.4133e-4 \mathrm K$，见   的 V8 变体）。
problem2_slove.md,345,3,3.0,ALLOW,3 h,0.0,由式 (3) 的末项与式 (4)：
problem2_slove.md,345,4,4.0,ALLOW,结构/常数,0.0,由式 (3) 的末项与式 (4)：
problem2_slove.md,348,2.4059e6,2405900.0,REGISTRY,D_Hevap_40,8.000e+00,\approx2.4059e6x8e-7x\Delta C
problem2_slove.md,348,8e-7,8e-07,ALLOW,附录2: 对流传质系数,0.0,\approx2.4059e6x8e-7x\Delta C
problem2_slove.md,349,1.925,1.925,ALLOW,q_evap 系数约值,0.0,\approx1.925\Delta C  \mathrm{J/(m\cdot s)}$$
problem2_slove.md,351,2.5,2.5,ALLOW,结构: 2.5 h,0.0,| 时刻 | $C_\infty$ | $q$（取 $C_R\approx2.5$） | $h(T_\infty-T_R)$ | 比值 |
problem2_slove.md,353,0,0.0,ALLOW,零,0.0,| $t=0$ | 0.0196 | 4.774 | 0 | — |
problem2_slove.md,353,0.0196,0.0196,ALLOW,t=0 s 环境含水率,0.0,| $t=0$ | 0.0196 | 4.774 | 0 | — |
problem2_slove.md,353,4.774,4.774,REGISTRY,D_qev_0,9.136e-05,| $t=0$ | 0.0196 | 4.774 | 0 | — |
problem2_slove.md,353,0,0.0,ALLOW,零,0.0,| $t=0$ | 0.0196 | 4.774 | 0 | — |
problem2_slove.md,354,1800,1800.0,ALLOW,题面表1/2 时间点 / 阶段时长,0.0,| $t=1800 \mathrm s$ | 0.0331 | 4.748 | 337.5 | 1.41 % |
problem2_slove.md,354,0.0331,0.0331,ALLOW,t=1800 s 环境含水率,0.0,| $t=1800 \mathrm s$ | 0.0331 | 4.748 | 337.5 | 1.41 % |
problem2_slove.md,354,4.748,4.748,REGISTRY,D_qev_1800,1.076e-04,| $t=1800 \mathrm s$ | 0.0331 | 4.748 | 337.5 | 1.41 % |
problem2_slove.md,354,337.5,337.5,REGISTRY,D_qconv_1800,0.000e+00,| $t=1800 \mathrm s$ | 0.0331 | 4.748 | 337.5 | 1.41 % |
problem2_slove.md,354,1.41,1.41,REGISTRY,D_qratio_1800,3.153e-05,| $t=1800 \mathrm s$ | 0.0331 | 4.748 | 337.5 | 1.41 % |
problem2_slove.md,355,3600,3600.0,ALLOW,题面表3/4 时间点 1 h,0.0,| $t=3600 \mathrm s$ | 0.0427 | 4.730 | 487.5 | 0.97 % |
problem2_slove.md,355,0.0427,0.0427,ALLOW,t=3600 s 环境含水率,0.0,| $t=3600 \mathrm s$ | 0.0427 | 4.730 | 487.5 | 0.97 % |
problem2_slove.md,355,4.730,4.73,ALLOW,t=3600 的 q_evap 量级,0.0,| $t=3600 \mathrm s$ | 0.0427 | 4.730 | 487.5 | 0.97 % |
problem2_slove.md,355,487.5,487.5,REGISTRY,D_qconv_3600,0.000e+00,| $t=3600 \mathrm s$ | 0.0427 | 4.730 | 487.5 | 0.97 % |
problem2_slove.md,355,0.97,0.97,REGISTRY,D_qratio_3600,1.806e-06,| $t=3600 \mathrm s$ | 0.0427 | 4.730 | 487.5 | 0.97 % |
problem2_slove.md,357,4.73,4.73,ALLOW,t=3600 的 q_evap 量级,0.0,**表面温降估计**：$\Delta T_R\sim q/h=4.73/25\approx0.19 \mathrm K$，
problem2_slove.md,357,25,25.0,ALLOW,题面: 长度 25 cm,0.0,**表面温降估计**：$\Delta T_R\sim q/h=4.73/25\approx0.19 \mathrm K$，
problem2_slove.md,357,0.19,0.19,ALLOW,表面温降量级 K,0.0,**表面温降估计**：$\Delta T_R\sim q/h=4.73/25\approx0.19 \mathrm K$，
problem2_slove.md,358,28,28.0,ALLOW,题面: 初温 28 degC,0.0,仅为总温升（28→50 °C，22 K）的 **0.86 %**——属**弱耦合**，但直接作用于表面节点，
problem2_slove.md,358,50,50.0,ALLOW,网格数 M=50,0.0,仅为总温升（28→50 °C，22 K）的 **0.86 %**——属**弱耦合**，但直接作用于表面节点，
problem2_slove.md,358,22,22.0,ALLOW,结构,0.0,仅为总温升（28→50 °C，22 K）的 **0.86 %**——属**弱耦合**，但直接作用于表面节点，
problem2_slove.md,358,0.86,0.86,REGISTRY,D_dTR_over_dT,3.636e-03,仅为总温升（28→50 °C，22 K）的 **0.86 %**——属**弱耦合**，但直接作用于表面节点，
problem2_slove.md,359,8,8.0,ALLOW,结构,0.0,在四位小数精度下必须保留。数值结果（V8）与这一解析估计同量级，见  。
problem2_slove.md,363,4,4.0,ALLOW,结构/常数,0.0,题面式 (4) 写作 $-D\partial C/\partial r|=h_m(C_R-C_\infty)$，
problem2_slove.md,366,8e-7,8e-07,ALLOW,附录2: 对流传质系数,0.0,本文的 $q$ 沿用**同一口径**，保证与题面给定的 $h_m=8e-7 \mathrm{m/s}$
problem2_slove.md,370,0.02,0.02,ALLOW,长度换算 / dt=0.02 s,0.0,$h_m\sim h/(\rhoc)\approx0.02 \mathrm{m/s}$，比题面值高约 4 个数量级。
problem2_slove.md,370,4,4.0,ALLOW,结构/常数,0.0,$h_m\sim h/(\rhoc)\approx0.02 \mathrm{m/s}$，比题面值高约 4 个数量级。
problem2_slove.md,371,2.5e4,25000.0,ALLOW,h_m 类比值与题面值之比,0.0,此时 $q$ 放大 $\sim2.5e4$ 倍，将远超对流供热而成为表面热平衡的主导项。
problem2_slove.md,373,9,9.0,ALLOW,结构,0.0,敏感性（V9），并在   的局限中如实说明。
problem2_slove.md,386,0,0.0,ALLOW,零,0.0,+\Big\{hR\big[T(R)-T_\infty\big]+Hh_mR\big[C(R)-C_\infty\big]\Big\}v(R)=0 $$
problem2_slove.md,390,0,0.0,ALLOW,零,0.0,+h_mR\big[C(R)-C_\infty\big]v(R)=0 $$
problem2_slove.md,395,12,12.0,ALLOW,网格数 M=12 (Jacobian 校核),0.0,$$\mathbf M^e=(\rho c_p\Delta r)/(12)
problem2_slove.md,396,3,3.0,ALLOW,3 h,0.0,"3a+b & a+b\ a+b & a+3b,"
problem2_slove.md,396,3,3.0,ALLOW,3 h,0.0,"3a+b & a+b\ a+b & a+3b,"
problem2_slove.md,397,2,2.0,ALLOW,题面: 半径 2 cm / 通用整数,0.0,\mathbf K^e=(k(a+b))/(2\Delta r)
problem2_slove.md,398,1,1.0,ALLOW,题面: 半径网格 1 cm,0.0,1&-1\\-1&1$$
problem2_slove.md,398,-1,-1.0,REGISTRY,V6_TR_diff,3.663e-01,1&-1\\-1&1$$
problem2_slove.md,398,-1,-1.0,REGISTRY,V6_TR_diff,3.663e-01,1&-1\\-1&1$$
problem2_slove.md,398,1,1.0,ALLOW,题面: 半径网格 1 cm,0.0,1&-1\\-1&1$$
problem2_slove.md,400,2,2.0,ALLOW,题面: 半径 2 cm / 通用整数,0.0,退化检验：中置单元（$a=\Delta r/2$）给出 $M=M=\Delta r/3$、$M=\Delta r/6$，
problem2_slove.md,400,3,3.0,ALLOW,3 h,0.0,退化检验：中置单元（$a=\Delta r/2$）给出 $M=M=\Delta r/3$、$M=\Delta r/6$，
problem2_slove.md,400,6,6.0,ALLOW,结构: 表格行数,0.0,退化检验：中置单元（$a=\Delta r/2$）给出 $M=M=\Delta r/3$、$M=\Delta r/6$，
problem2_slove.md,405,1,1.0,ALLOW,题面: 半径网格 1 cm,0.0,对一致质量矩阵按**行和集中**，利用单位分解 $\sum_j\varphi_j\equiv1$：
problem2_slove.md,409,2,2.0,ALLOW,题面: 半径 2 cm / 通用整数,0.0,内部节点由左右两个单元贡献相加得（`q2_solve.py` 已用恒等式核验，相对误差 $2.1e-16$）
problem2_slove.md,409,2.1e-16,2.1e-16,REGISTRY,V12_mass_rowsum_M3200,1.824e-18,内部节点由左右两个单元贡献相加得（`q2_solve.py` 已用恒等式核验，相对误差 $2.1e-16$）
problem2_slove.md,411,1,1.0,ALLOW,题面: 半径网格 1 cm,0.0,$${ M^L=\rho(C_i)c_p(C_i)\Delta rr_i (1\le i\le M-1) } $$
problem2_slove.md,411,-1,-1.0,REGISTRY,V6_TR_diff,3.663e-01,$${ M^L=\rho(C_i)c_p(C_i)\Delta rr_i (1\le i\le M-1) } $$
problem2_slove.md,415,6,6.0,ALLOW,结构: 表格行数,0.0,"$$M^L=(\rho c_p\Delta r)/(6),"
problem2_slove.md,416,3,3.0,ALLOW,3 h,0.0,M^L=(\rho c_p\Delta r(3M-1))/(6)$$
problem2_slove.md,416,-1,-1.0,REGISTRY,V6_TR_diff,3.663e-01,M^L=(\rho c_p\Delta r(3M-1))/(6)$$
problem2_slove.md,416,6,6.0,ALLOW,结构: 表格行数,0.0,M^L=(\rho c_p\Delta r(3M-1))/(6)$$
problem2_slove.md,419,6,6.0,ALLOW,结构: 表格行数,0.0,$\Delta r/6$、$\Delta r(3M-1)/6$。
problem2_slove.md,419,3,3.0,ALLOW,3 h,0.0,$\Delta r/6$、$\Delta r(3M-1)/6$。
problem2_slove.md,419,-1,-1.0,REGISTRY,V6_TR_diff,3.663e-01,$\Delta r/6$、$\Delta r(3M-1)/6$。
problem2_slove.md,419,6,6.0,ALLOW,结构: 表格行数,0.0,$\Delta r/6$、$\Delta r(3M-1)/6$。
problem2_slove.md,426,0,0.0,ALLOW,零,0.0,### 5.3 $r=0$ 节点：集中质量的一个已知弱点（本文的诚实交代）
problem2_slove.md,428,0,0.0,ALLOW,零,0.0,在**内部**节点两种口径完全一致，但在 $r=0$ 处不同：
problem2_slove.md,430,0,0.0,ALLOW,零,0.0,| 口径 | $r=0$ 的热容 | $r=0$ 的刚度系数 | 等效 $T$ 方程 |
problem2_slove.md,430,0,0.0,ALLOW,零,0.0,| 口径 | $r=0$ 的热容 | $r=0$ 的刚度系数 | 等效 $T$ 方程 |
problem2_slove.md,432,6,6.0,ALLOW,结构: 表格行数,0.0,| 行和集中 FEM | $\rho c_p\Delta r/6$ | $k\Delta r/2/\Delta r=k/2$ | $\dot T=3\alpha(T-T)/\Del
problem2_slove.md,432,2,2.0,ALLOW,题面: 半径 2 cm / 通用整数,0.0,| 行和集中 FEM | $\rho c_p\Delta r/6$ | $k\Delta r/2/\Delta r=k/2$ | $\dot T=3\alpha(T-T)/\Del
problem2_slove.md,432,2,2.0,ALLOW,题面: 半径 2 cm / 通用整数,0.0,| 行和集中 FEM | $\rho c_p\Delta r/6$ | $k\Delta r/2/\Delta r=k/2$ | $\dot T=3\alpha(T-T)/\Del
problem2_slove.md,432,3,3.0,ALLOW,3 h,0.0,| 行和集中 FEM | $\rho c_p\Delta r/6$ | $k\Delta r/2/\Delta r=k/2$ | $\dot T=3\alpha(T-T)/\Del
problem2_slove.md,433,8,8.0,ALLOW,结构,0.0,| 精确半控制体 FV | $\rho c_p\Delta r/8$ | $k/2$ | $\dot T=4\alpha(T-T)/\Delta r$ |
problem2_slove.md,433,2,2.0,ALLOW,题面: 半径 2 cm / 通用整数,0.0,| 精确半控制体 FV | $\rho c_p\Delta r/8$ | $k/2$ | $\dot T=4\alpha(T-T)/\Delta r$ |
problem2_slove.md,433,4,4.0,ALLOW,结构/常数,0.0,| 精确半控制体 FV | $\rho c_p\Delta r/8$ | $k/2$ | $\dot T=4\alpha(T-T)/\Delta r$ |
problem2_slove.md,435,0,0.0,ALLOW,零,0.0,而柱坐标算子在 $r\to0$ 的精确值为
problem2_slove.md,436,1,1.0,ALLOW,题面: 半径网格 1 cm,0.0,$\frac1r\partial_r(r\partial_rT)\to2\partial_rT\to4\alpha(T-T)/\Delta r$。
problem2_slove.md,436,2,2.0,ALLOW,题面: 半径 2 cm / 通用整数,0.0,$\frac1r\partial_r(r\partial_rT)\to2\partial_rT\to4\alpha(T-T)/\Delta r$。
problem2_slove.md,436,4,4.0,ALLOW,结构/常数,0.0,$\frac1r\partial_r(r\partial_rT)\to2\partial_rT\to4\alpha(T-T)/\Delta r$。
problem2_slove.md,437,0,0.0,ALLOW,零,0.0,**即集中质量在 $r=0$ 的等效系数恰为精确值的 $3/4$**，与 $M$ 无关，属**局部不一致**。
problem2_slove.md,437,3,3.0,ALLOW,3 h,0.0,**即集中质量在 $r=0$ 的等效系数恰为精确值的 $3/4$**，与 $M$ 无关，属**局部不一致**。
problem2_slove.md,437,4,4.0,ALLOW,结构/常数,0.0,**即集中质量在 $r=0$ 的等效系数恰为精确值的 $3/4$**，与 $M$ 无关，属**局部不一致**。
problem2_slove.md,441,1,1.0,ALLOW,题面: 半径网格 1 cm,0.0,1. **如实指出**该不一致只影响 $r=0$ 附近的一层网格，内部节点与守恒型有限体积逐项相同；
problem2_slove.md,441,0,0.0,ALLOW,零,0.0,1. **如实指出**该不一致只影响 $r=0$ 附近的一层网格，内部节点与守恒型有限体积逐项相同；
problem2_slove.md,442,2,2.0,ALLOW,题面: 半径 2 cm / 通用整数,0.0,2. **定量测量**其影响：`src/q2_center_node.py` 用常数系数 Robin 圆柱问题与 Bessel 解析解
problem2_slove.md,442,2,2.0,ALLOW,题面: 半径 2 cm / 通用整数,0.0,2. **定量测量**其影响：`src/q2_center_node.py` 用常数系数 Robin 圆柱问题与 Bessel 解析解
problem2_slove.md,444,3,3.0,ALLOW,3 h,0.0,"3. **在   的生产不确定度中用""两种口径之差""作为该项的误差上界**，确认其低于"
problem2_slove.md,445,5e-5,5e-05,ALLOW,四位小数的半 ulp 阈值,0.0,四位小数阈值 $5e-5$。
problem2_slove.md,447,0,0.0,ALLOW,零,0.0,> 若要求 $r=0$ 也严格一致，只需把 $M^L$ 换成 $\rho c_p\Delta r/8$
problem2_slove.md,447,8,8.0,ALLOW,结构,0.0,> 若要求 $r=0$ 也严格一致，只需把 $M^L$ 换成 $\rho c_p\Delta r/8$
problem2_slove.md,449,2,2.0,ALLOW,题面: 半径 2 cm / 通用整数,0.0,"> `boundary=""lumped""`（严格按 `problem2.md`   的行和集中）为生产口径，"
problem2_slove.md,454,0,0.0,ALLOW,零,0.0,后向 Euler（A-稳定且 L-稳定）给出非线性代数方程组 $\mathbf R(\mathbf U)=\mathbf 0$，
problem2_slove.md,463,12,12.0,ALLOW,网格数 M=12 (Jacobian 校核),0.0,界面系数取相邻节点**算术平均**：$k=\tfrac12(k_i+k)$，
problem2_slove.md,464,12,12.0,ALLOW,网格数 M=12 (Jacobian 校核),0.0,$D=\tfrac12(D_i+D)$。
problem2_slove.md,468,2,2.0,ALLOW,题面: 半径 2 cm / 通用整数,0.0,"解析 Jacobian 为 $2x2$ 分块、带宽 $(3,3)$ 的稀疏带矩阵（交错排序 $[T,C,T,C,\dots]$）："
problem2_slove.md,468,2,2.0,ALLOW,题面: 半径 2 cm / 通用整数,0.0,"解析 Jacobian 为 $2x2$ 分块、带宽 $(3,3)$ 的稀疏带矩阵（交错排序 $[T,C,T,C,\dots]$）："
problem2_slove.md,468,3,3.0,ALLOW,3 h,0.0,"解析 Jacobian 为 $2x2$ 分块、带宽 $(3,3)$ 的稀疏带矩阵（交错排序 $[T,C,T,C,\dots]$）："
problem2_slove.md,468,3,3.0,ALLOW,3 h,0.0,"解析 Jacobian 为 $2x2$ 分块、带宽 $(3,3)$ 的稀疏带矩阵（交错排序 $[T,C,T,C,\dots]$）："
problem2_slove.md,471,8,8.0,ALLOW,结构,0.0,(\partial\mathbf R_T)/(\partial\mathbf T) & (\partial\mathbf R_T)/(\partial\mathbf C)\\[8p
problem2_slove.md,475,3,3.0,ALLOW,3 h,0.0,由附录 3 的解析导数：
problem2_slove.md,477,128,128.0,ALLOW,附录3: rho 的 C 系数,0.0,"$$(\partial(\rho c_p))/(\partial C)=128c_p(C)+(2736\rho(C))/((C+1)),"
problem2_slove.md,477,2736,2736.0,ALLOW,附录3: cp 的 C 系数,0.0,"$$(\partial(\rho c_p))/(\partial C)=128c_p(C)+(2736\rho(C))/((C+1)),"
problem2_slove.md,477,1,1.0,ALLOW,题面: 半径网格 1 cm,0.0,"$$(\partial(\rho c_p))/(\partial C)=128c_p(C)+(2736\rho(C))/((C+1)),"
problem2_slove.md,478,0.38,0.38,ALLOW,附录3: k 的 C 系数,0.0,(\partial k)/(\partial C)=(0.38)/((C+1))$$
problem2_slove.md,478,1,1.0,ALLOW,题面: 半径网格 1 cm,0.0,(\partial k)/(\partial C)=(0.38)/((C+1))$$
problem2_slove.md,480,0.45,0.45,ALLOW,附录3: D 的指数常数,0.0,"$$(\partial D)/(\partial C)=D\cdot(0.45)/(C),"
problem2_slove.md,481,3850,3850.0,ALLOW,附录3: Arrhenius 常数,0.0,(\partial D)/(\partial T)=D\cdot(3850)/(T)$$
problem2_slove.md,483,1,1.0,ALLOW,题面: 半径网格 1 cm,0.0,"块 $(1,1)$、$(2,2)$ 的线性部分为 $\mathbf M/\Delta t+\mathbf K$（加边界对角元）；"
problem2_slove.md,483,1,1.0,ALLOW,题面: 半径网格 1 cm,0.0,"块 $(1,1)$、$(2,2)$ 的线性部分为 $\mathbf M/\Delta t+\mathbf K$（加边界对角元）；"
problem2_slove.md,483,2,2.0,ALLOW,题面: 半径 2 cm / 通用整数,0.0,"块 $(1,1)$、$(2,2)$ 的线性部分为 $\mathbf M/\Delta t+\mathbf K$（加边界对角元）；"
problem2_slove.md,483,2,2.0,ALLOW,题面: 半径 2 cm / 通用整数,0.0,"块 $(1,1)$、$(2,2)$ 的线性部分为 $\mathbf M/\Delta t+\mathbf K$（加边界对角元）；"
problem2_slove.md,484,1,1.0,ALLOW,题面: 半径网格 1 cm,0.0,"块 $(1,2)$ 由 $\mathbf M(\mathbf C)$、$\mathbf K(\mathbf C)$ 的隐式依赖与**蒸发项**"
problem2_slove.md,484,2,2.0,ALLOW,题面: 半径 2 cm / 通用整数,0.0,"块 $(1,2)$ 由 $\mathbf M(\mathbf C)$、$\mathbf K(\mathbf C)$ 的隐式依赖与**蒸发项**"
problem2_slove.md,485,2,2.0,ALLOW,题面: 半径 2 cm / 通用整数,0.0,"$Hh_mR$ 构成；块 $(2,1)$ 由 $D$ 的 Arrhenius 温度依赖构成。"
problem2_slove.md,485,1,1.0,ALLOW,题面: 半径网格 1 cm,0.0,"$Hh_mR$ 构成；块 $(2,1)$ 由 $D$ 的 Arrhenius 温度依赖构成。"
problem2_slove.md,486,1,1.0,ALLOW,题面: 半径网格 1 cm,0.0,"块 $(1,2)$ 的蒸发项是**唯一显式出现于 Jacobian 的非物性项**，其值"
problem2_slove.md,486,2,2.0,ALLOW,题面: 半径 2 cm / 通用整数,0.0,"块 $(1,2)$ 的蒸发项是**唯一显式出现于 Jacobian 的非物性项**，其值"
problem2_slove.md,487,0.0389536,0.0389536,REGISTRY,D_Jac_evap28,0.000e+00,$Hh_mR=0.0389536$（取 $H(28 ^\circ\mathrm C)$）。
problem2_slove.md,487,28,28.0,ALLOW,题面: 初温 28 degC,0.0,$Hh_mR=0.0389536$（取 $H(28 ^\circ\mathrm C)$）。
problem2_slove.md,489,1,1.0,ALLOW,题面: 半径网格 1 cm,0.0,**该元的相对权重应与它所在行（温度方程）的对角元相比**，而不是与 $1/\Delta t$ 相比
problem2_slove.md,491,1600,1600.0,ALLOW,网格数 M=1600,0.0,$M^L\rho c_p/\Delta t+hR$，在生产设置（$M=1600$、$\Delta t=1/32 \mathrm s$）下为
problem2_slove.md,491,1,1.0,ALLOW,题面: 半径网格 1 cm,0.0,$M^L\rho c_p/\Delta t+hR$，在生产设置（$M=1600$、$\Delta t=1/32 \mathrm s$）下为
problem2_slove.md,491,32,32.0,ALLOW,结构,0.0,$M^L\rho c_p/\Delta t+hR$，在生产设置（$M=1600$、$\Delta t=1/32 \mathrm s$）下为
problem2_slove.md,492,13.8360,13.836,REGISTRY,D_JTdiag_M1600_dt0.03125,2.651e-07,$13.8360$，故
problem2_slove.md,495,0.0389536,0.0389536,REGISTRY,D_Jac_evap28,0.000e+00,=(0.0389536)/(13.8360)=0.28154%$$
problem2_slove.md,495,13.8360,13.836,REGISTRY,D_JTdiag_M1600_dt0.03125,2.651e-07,=(0.0389536)/(13.8360)=0.28154%$$
problem2_slove.md,495,0.28154,0.28154,REGISTRY,D_fusion_M1600_dt0.03125,1.989e-06,=(0.0389536)/(13.8360)=0.28154%$$
problem2_slove.md,497,0.2815,0.2815,REGISTRY,D_fusion_M1600_dt0.03125,3.801e-05,即蒸发耦合仅占表面对角元的 $0.2815%$。作为对照，$M=400$、$\Delta t=0.25 \mathrm s$ 时
problem2_slove.md,497,400,400.0,ALLOW,网格数 M=400,0.0,即蒸发耦合仅占表面对角元的 $0.2815%$。作为对照，$M=400$、$\Delta t=0.25 \mathrm s$ 时
problem2_slove.md,497,0.25,0.25,ALLOW,dt=0.25 s,0.0,即蒸发耦合仅占表面对角元的 $0.2815%$。作为对照，$M=400$、$\Delta t=0.25 \mathrm s$ 时
problem2_slove.md,498,0.54375,0.54375,REGISTRY,D_fusion_M400_dt0.25,3.696e-06,"为 $0.54375%$——时间步越小该比例越小。若取 $H=0$，块 $(1,2)$ 退化为"
problem2_slove.md,498,0,0.0,ALLOW,零,0.0,"为 $0.54375%$——时间步越小该比例越小。若取 $H=0$，块 $(1,2)$ 退化为"
problem2_slove.md,498,1,1.0,ALLOW,题面: 半径网格 1 cm,0.0,"为 $0.54375%$——时间步越小该比例越小。若取 $H=0$，块 $(1,2)$ 退化为"
problem2_slove.md,498,2,2.0,ALLOW,题面: 半径 2 cm / 通用整数,0.0,"为 $0.54375%$——时间步越小该比例越小。若取 $H=0$，块 $(1,2)$ 退化为"
problem2_slove.md,501,2,2.0,ALLOW,题面: 半径 2 cm / 通用整数,0.0,**Jacobian 已被逐元核验**：`q2_solve.py --selftest` 对 $M=12$ 的密矩阵与中心差分
problem2_slove.md,501,12,12.0,ALLOW,网格数 M=12 (Jacobian 校核),0.0,**Jacobian 已被逐元核验**：`q2_solve.py --selftest` 对 $M=12$ 的密矩阵与中心差分
problem2_slove.md,502,0,0.0,ALLOW,零,0.0,逐元比较，六种配置（默认、$H=0$、常数 $H$、守恒形式、
problem2_slove.md,503,2,2.0,ALLOW,题面: 半径 2 cm / 通用整数,0.0,`halfcv` 边界、附录 2 物性）的最大相对偏差均为 $2.25e-7$ 量级（有限差分自身的
problem2_slove.md,503,2.25e-7,2.25e-07,REGISTRY,V12_jac_default,2.540e-11,`halfcv` 边界、附录 2 物性）的最大相对偏差均为 $2.25e-7$ 量级（有限差分自身的
problem2_slove.md,512,1e-11,1e-11,ALLOW,Newton 相对残差判据,0.0,$\|\mathbf R\|_\infty\le1e-11\|\mathbf R(\mathbf U^n)\|_\infty$ 与
problem2_slove.md,513,1e-13,1e-13,ALLOW,数值量级,0.0,$\|\theta\delta\mathbf U\|_\infty\le1e-13$；最大迭代 25 次，并带回溯线搜索
problem2_slove.md,513,25,25.0,ALLOW,题面: 长度 25 cm,0.0,$\|\theta\delta\mathbf U\|_\infty\le1e-13$；最大迭代 25 次，并带回溯线搜索
problem2_slove.md,514,2,2.0,ALLOW,题面: 半径 2 cm / 通用整数,0.0,（残差上升则 $\theta\leftarrow\theta/2$，至多 12 次）。
problem2_slove.md,514,12,12.0,ALLOW,网格数 M=12 (Jacobian 校核),0.0,（残差上升则 $\theta\leftarrow\theta/2$，至多 12 次）。
problem2_slove.md,522,0,0.0,ALLOW,零,0.0,"for n = 0, 1, ... (到 t = 10800 s):"
problem2_slove.md,522,1,1.0,ALLOW,题面: 半径网格 1 cm,0.0,"for n = 0, 1, ... (到 t = 10800 s):"
problem2_slove.md,522,10800,10800.0,ALLOW,题面表3/4 时间点 3 h,0.0,"for n = 0, 1, ... (到 t = 10800 s):"
problem2_slove.md,523,1,1.0,ALLOW,题面: 半径网格 1 cm,0.0,"T_inf, C_inf <- PCHIP(附件1) 在 t"
problem2_slove.md,525,1,1.0,ALLOW,题面: 半径网格 1 cm,0.0,repeat k = 1..25:
problem2_slove.md,525,25,25.0,ALLOW,题面: 长度 25 cm,0.0,repeat k = 1..25:
problem2_slove.md,527,1e-11,1e-11,ALLOW,Newton 相对残差判据,0.0,if ||R||_inf <= 1e-11*||R(U^n)||_inf: break
problem2_slove.md,528,3,3.0,ALLOW,3 h,0.0,"解 J dU = -R               # 带状 LU, 带宽 (3,3)"
problem2_slove.md,528,3,3.0,ALLOW,3 h,0.0,"解 J dU = -R               # 带状 LU, 带宽 (3,3)"
problem2_slove.md,529,2,2.0,ALLOW,题面: 半径 2 cm / 通用整数,0.0,U <- U + theta*dU;  必要时回溯 theta /= 2
problem2_slove.md,531,1,1.0,ALLOW,题面: 半径网格 1 cm,0.0,if t 是 1 s 的整数倍: 记录 21 个输出半径的结果
problem2_slove.md,531,21,21.0,ALLOW,result2 半径列数,0.0,if t 是 1 s 的整数倍: 记录 21 个输出半径的结果
problem2_slove.md,536,1600,1600.0,ALLOW,网格数 M=1600,0.0,"| 空间节点数 $M$ | **1600**（$\Delta r=0.00125 \mathrm{cm}$） | $M$ 为 20 的倍数，输出半径 $0,0.1,\dots,2."
problem2_slove.md,536,0.00125,0.00125,ALLOW,网格尺寸 dr = 0.00125 cm (M=1600),0.0,"| 空间节点数 $M$ | **1600**（$\Delta r=0.00125 \mathrm{cm}$） | $M$ 为 20 的倍数，输出半径 $0,0.1,\dots,2."
problem2_slove.md,536,20,20.0,ALLOW,结构,0.0,"| 空间节点数 $M$ | **1600**（$\Delta r=0.00125 \mathrm{cm}$） | $M$ 为 20 的倍数，输出半径 $0,0.1,\dots,2."
problem2_slove.md,536,0,0.0,ALLOW,零,0.0,"| 空间节点数 $M$ | **1600**（$\Delta r=0.00125 \mathrm{cm}$） | $M$ 为 20 的倍数，输出半径 $0,0.1,\dots,2."
problem2_slove.md,536,0.1,0.1,ALLOW,题面: 半径步长 0.1 cm,0.0,"| 空间节点数 $M$ | **1600**（$\Delta r=0.00125 \mathrm{cm}$） | $M$ 为 20 的倍数，输出半径 $0,0.1,\dots,2."
problem2_slove.md,536,2.0,2.0,ALLOW,题面: 半径 2 cm / 通用整数,0.0,"| 空间节点数 $M$ | **1600**（$\Delta r=0.00125 \mathrm{cm}$） | $M$ 为 20 的倍数，输出半径 $0,0.1,\dots,2."
problem2_slove.md,537,1,1.0,ALLOW,题面: 半径网格 1 cm,0.0,| 时间步长 $\Delta t$ | **1/64 s = 0.015625 s** | 整除 1 s（每 64 步输出一次）；由   的时间收敛性确定 |
problem2_slove.md,537,64,64.0,ALLOW,1/64 s 的时间步分母,0.0,| 时间步长 $\Delta t$ | **1/64 s = 0.015625 s** | 整除 1 s（每 64 步输出一次）；由   的时间收敛性确定 |
problem2_slove.md,537,0.015625,0.015625,ALLOW,dt = 2^-6 s,0.0,| 时间步长 $\Delta t$ | **1/64 s = 0.015625 s** | 整除 1 s（每 64 步输出一次）；由   的时间收敛性确定 |
problem2_slove.md,537,1,1.0,ALLOW,题面: 半径网格 1 cm,0.0,| 时间步长 $\Delta t$ | **1/64 s = 0.015625 s** | 整除 1 s（每 64 步输出一次）；由   的时间收敛性确定 |
problem2_slove.md,537,64,64.0,ALLOW,1/64 s 的时间步分母,0.0,| 时间步长 $\Delta t$ | **1/64 s = 0.015625 s** | 整除 1 s（每 64 步输出一次）；由   的时间收敛性确定 |
problem2_slove.md,538,1,1.0,ALLOW,题面: 半径网格 1 cm,0.0,| 输出采样 | 每 1 s，21 个半径 | 题面要求 |
problem2_slove.md,538,21,21.0,ALLOW,result2 半径列数,0.0,| 输出采样 | 每 1 s，21 个半径 | 题面要求 |
problem2_slove.md,539,10800,10800.0,ALLOW,题面表3/4 时间点 3 h,0.0,| 总时长 | 10800 s（$3 \mathrm h$） | 题面要求 |
problem2_slove.md,539,3,3.0,ALLOW,3 h,0.0,| 总时长 | 10800 s（$3 \mathrm h$） | 题面要求 |
problem2_slove.md,540,10800,10800.0,ALLOW,题面表3/4 时间点 3 h,0.0,| 总步数 | $10800x64=691200$ | — |
problem2_slove.md,540,64,64.0,ALLOW,1/64 s 的时间步分母,0.0,| 总步数 | $10800x64=691200$ | — |
problem2_slove.md,540,691200,691200.0,REGISTRY,P00_nsteps,0.000e+00,| 总步数 | $10800x64=691200$ | — |
problem2_slove.md,542,800,800.0,ALLOW,网格数 M=800,0.0,> **一致性问题（已修）**：本节原先写作 $M=800$、$\Delta t=1/32 \mathrm s$，
problem2_slove.md,542,1,1.0,ALLOW,题面: 半径网格 1 cm,0.0,> **一致性问题（已修）**：本节原先写作 $M=800$、$\Delta t=1/32 \mathrm s$，
problem2_slove.md,542,32,32.0,ALLOW,结构,0.0,> **一致性问题（已修）**：本节原先写作 $M=800$、$\Delta t=1/32 \mathrm s$，
problem2_slove.md,543,2,2.0,ALLOW,题面: 半径 2 cm / 通用整数,0.0,> 而  、  与实际交付的 `result2.xlsx` 用的是 $M=1600$、$\Delta t=1/64 \mathrm s$。
problem2_slove.md,543,1600,1600.0,ALLOW,网格数 M=1600,0.0,> 而  、  与实际交付的 `result2.xlsx` 用的是 $M=1600$、$\Delta t=1/64 \mathrm s$。
problem2_slove.md,543,1,1.0,ALLOW,题面: 半径网格 1 cm,0.0,> 而  、  与实际交付的 `result2.xlsx` 用的是 $M=1600$、$\Delta t=1/64 \mathrm s$。
problem2_slove.md,543,64,64.0,ALLOW,1/64 s 的时间步分母,0.0,> 而  、  与实际交付的 `result2.xlsx` 用的是 $M=1600$、$\Delta t=1/64 \mathrm s$。
problem2_slove.md,545,13.8360,13.836,REGISTRY,D_JTdiag_M1600_dt0.03125,2.651e-07,> 另外   中 $13.8360$ 那个对角元是 $M=1600$、$\Delta t=1/32 \mathrm s$ 的值
problem2_slove.md,545,1600,1600.0,ALLOW,网格数 M=1600,0.0,> 另外   中 $13.8360$ 那个对角元是 $M=1600$、$\Delta t=1/32 \mathrm s$ 的值
problem2_slove.md,545,1,1.0,ALLOW,题面: 半径网格 1 cm,0.0,> 另外   中 $13.8360$ 那个对角元是 $M=1600$、$\Delta t=1/32 \mathrm s$ 的值
problem2_slove.md,545,32,32.0,ALLOW,结构,0.0,> 另外   中 $13.8360$ 那个对角元是 $M=1600$、$\Delta t=1/32 \mathrm s$ 的值
problem2_slove.md,548,7,7.0,ALLOW,结构,0.0,"**线性代数**：Jacobian 每行至多 7 个非零元（带宽 $(3,3)$），用 LAPACK 带状求解器，"
problem2_slove.md,548,3,3.0,ALLOW,3 h,0.0,"**线性代数**：Jacobian 每行至多 7 个非零元（带宽 $(3,3)$），用 LAPACK 带状求解器，"
problem2_slove.md,548,3,3.0,ALLOW,3 h,0.0,"**线性代数**：Jacobian 每行至多 7 个非零元（带宽 $(3,3)$），用 LAPACK 带状求解器，"
problem2_slove.md,549,3,3.0,ALLOW,3 h,0.0,复杂度 $O(M)$；每步 Newton 平均 3 次迭代。
problem2_slove.md,557,2,2.0,ALLOW,题面: 半径 2 cm / 通用整数,0.0,验证由 `src/q2_verify.py`（V0–V11）、`src/q2_energy_algebra.py`、
problem2_slove.md,557,0,0.0,ALLOW,零,0.0,验证由 `src/q2_verify.py`（V0–V11）、`src/q2_energy_algebra.py`、
problem2_slove.md,557,11,11.0,ALLOW,结构,0.0,验证由 `src/q2_verify.py`（V0–V11）、`src/q2_energy_algebra.py`、
problem2_slove.md,557,2,2.0,ALLOW,题面: 半径 2 cm / 通用整数,0.0,验证由 `src/q2_verify.py`（V0–V11）、`src/q2_energy_algebra.py`、
problem2_slove.md,558,2,2.0,ALLOW,题面: 半径 2 cm / 通用整数,0.0,`src/q2_center_node.py`、`src/q2_moist_diag.py`、`src/q2_app2_vs_app3.py` 执行，
problem2_slove.md,558,2,2.0,ALLOW,题面: 半径 2 cm / 通用整数,0.0,`src/q2_center_node.py`、`src/q2_moist_diag.py`、`src/q2_app2_vs_app3.py` 执行，
problem2_slove.md,558,2,2.0,ALLOW,题面: 半径 2 cm / 通用整数,0.0,`src/q2_center_node.py`、`src/q2_moist_diag.py`、`src/q2_app2_vs_app3.py` 执行，
problem2_slove.md,558,2,2.0,ALLOW,题面: 半径 2 cm / 通用整数,0.0,`src/q2_center_node.py`、`src/q2_moist_diag.py`、`src/q2_app2_vs_app3.py` 执行，
problem2_slove.md,558,3,3.0,ALLOW,3 h,0.0,`src/q2_center_node.py`、`src/q2_moist_diag.py`、`src/q2_app2_vs_app3.py` 执行，
problem2_slove.md,559,2,2.0,ALLOW,题面: 半径 2 cm / 通用整数,0.0,数字全部落在 `outputs/registry_q2_*.csv`。
problem2_slove.md,565,4,4.0,ALLOW,结构/常数,0.0,| $M$ | 与 $\Delta r(r+4r_i+r)/6$ 的相对偏差 | 与 $\Delta rr_i$ 的相对偏差 |
problem2_slove.md,565,6,6.0,ALLOW,结构: 表格行数,0.0,| $M$ | 与 $\Delta r(r+4r_i+r)/6$ 的相对偏差 | 与 $\Delta rr_i$ 的相对偏差 |
problem2_slove.md,567,100,100.0,ALLOW,题面表1/2 时间点,0.0,| 100 | $2.139e-16$ | $0$（精确） |
problem2_slove.md,567,2.139e-16,2.139e-16,REGISTRY,V12_mass_rowsum_M100,2.791e-21,| 100 | $2.139e-16$ | $0$（精确） |
problem2_slove.md,567,0,0.0,ALLOW,零,0.0,| 100 | $2.139e-16$ | $0$（精确） |
problem2_slove.md,568,3200,3200.0,ALLOW,网格数 M=3200,0.0,| 3200 | $2.118e-16$ | $0$（精确） |
problem2_slove.md,568,2.118e-16,2.118e-16,REGISTRY,V12_mass_rowsum_M3200,2.443e-20,| 3200 | $2.118e-16$ | $0$（精确） |
problem2_slove.md,568,0,0.0,ALLOW,零,0.0,| 3200 | $2.118e-16$ | $0$（精确） |
problem2_slove.md,570,10,10.0,ALLOW,结构,0.0,两条恒等式在机器精度内成立，确认式 (10) 的实现正确。
problem2_slove.md,572,12,12.0,ALLOW,网格数 M=12 (Jacobian 校核),0.0,**(b) 解析 Jacobian vs 中心差分。** 对 $M=12$ 的密矩阵逐元比较，最大相对偏差：
problem2_slove.md,576,2.250e-7,2.25e-07,REGISTRY,V12_jac_default,2.540e-11,| 默认（$H(T)$，$\rho c_p\partial_tT$） | $2.250e-7$ |
problem2_slove.md,577,0,0.0,ALLOW,零,0.0,| $H=0$ | $2.250e-7$ |
problem2_slove.md,577,2.250e-7,2.25e-07,REGISTRY,V12_jac_default,2.540e-11,| $H=0$ | $2.250e-7$ |
problem2_slove.md,578,2.250e-7,2.25e-07,REGISTRY,V12_jac_default,2.540e-11,| $H=$ 常数 | $2.250e-7$ |
problem2_slove.md,579,5.538e-9,5.538e-09,REGISTRY,V12_jac_conserv,4.144e-13,| 守恒形式 $\partial_t(\rho c_pT)$ | $5.538e-9$ |
problem2_slove.md,580,2.250e-7,2.25e-07,REGISTRY,V12_jac_default,2.540e-11,| `halfcv` 边界积分 | $2.250e-7$ |
problem2_slove.md,581,2,2.0,ALLOW,题面: 半径 2 cm / 通用整数,0.0,| 附录 2 物性 | $2.245e-7$ |
problem2_slove.md,581,2.245e-7,2.245e-07,REGISTRY,V12_jac_app2,4.435e-11,| 附录 2 物性 | $2.245e-7$ |
problem2_slove.md,582,2.246e-7,2.246e-07,REGISTRY,V12_jac_frozen,3.734e-12,| 系数冻结（准 Newton / Picard） | $2.246e-7$ |
problem2_slove.md,586,9.667e-2,0.09667,ALLOW,已修正的历史值: 系数冻结分支 Jacobian 的旧偏差 (见 problem2_slove.md 修正记录),0.0,> **修正记录（本次）**：「系数冻结」这一行原先报出的偏差是 $9.667e-2$，
problem2_slove.md,594,2,2.0,ALLOW,题面: 半径 2 cm / 通用整数,0.0,> 而仍然收敛。已在 `q2_solve.py` 中把该项移入非冻结分支，偏差随之回到
problem2_slove.md,595,2.246e-7,2.246e-07,REGISTRY,V12_jac_frozen,3.734e-12,> $2.246e-7$ 的截断误差量级。**教训**：当一个变体的核验偏差比同类变体大
problem2_slove.md,599,2,2.0,ALLOW,题面: 半径 2 cm / 通用整数,0.0,（附录 2 物性 $+$ 精确半控制体 $+$ 系数冻结 $+$ 关闭蒸发）：
problem2_slove.md,601,3.797e-10,3.797e-10,REGISTRY,V0_T,4.281e-14,"$$\max\lvert\Delta T\rvert=3.797e-10 \mathrm K,"
problem2_slove.md,602,2.513e-12,2.513e-12,REGISTRY,V0_C,1.008e-16,\max\lvert\Delta C\rvert=2.513e-12 \mathrm{kg/kg}
problem2_slove.md,603,100,100.0,ALLOW,题面表1/2 时间点,0.0,"(M=100, \Delta t=0.01 \mathrm s, t=600 \mathrm s)$$"
problem2_slove.md,603,0.01,0.01,ALLOW,dt=0.01 s,0.0,"(M=100, \Delta t=0.01 \mathrm s, t=600 \mathrm s)$$"
problem2_slove.md,603,600,600.0,ALLOW,题面表1/2 时间点,0.0,"(M=100, \Delta t=0.01 \mathrm s, t=600 \mathrm s)$$"
problem2_slove.md,609,1,1.0,ALLOW,题面: 半径网格 1 cm,0.0,**(a) 空间收敛（固定 $\Delta t=1/32 \mathrm s$，$t=10800 \mathrm s$）**
problem2_slove.md,609,32,32.0,ALLOW,结构,0.0,**(a) 空间收敛（固定 $\Delta t=1/32 \mathrm s$，$t=10800 \mathrm s$）**
problem2_slove.md,609,10800,10800.0,ALLOW,题面表3/4 时间点 3 h,0.0,**(a) 空间收敛（固定 $\Delta t=1/32 \mathrm s$，$t=10800 \mathrm s$）**
problem2_slove.md,613,200,200.0,ALLOW,网格数 M=200,0.0,| $M=200\to400$ | $6.7285e-5$ | — | $3.2310e-3$ | — |
problem2_slove.md,613,400,400.0,ALLOW,网格数 M=400,0.0,| $M=200\to400$ | $6.7285e-5$ | — | $3.2310e-3$ | — |
problem2_slove.md,613,6.7285e-5,6.7285e-05,REGISTRY,V1_T_200_400,1.705e-10,| $M=200\to400$ | $6.7285e-5$ | — | $3.2310e-3$ | — |
problem2_slove.md,613,3.2310e-3,0.003231,REGISTRY,V1_C_200_400,3.572e-08,| $M=200\to400$ | $6.7285e-5$ | — | $3.2310e-3$ | — |
problem2_slove.md,614,400,400.0,ALLOW,网格数 M=400,0.0,| $M=400\to800$ | $1.8586e-5$ | **3.6202** | $6.6033e-4$ | **4.8931** |
problem2_slove.md,614,800,800.0,ALLOW,网格数 M=800,0.0,| $M=400\to800$ | $1.8586e-5$ | **3.6202** | $6.6033e-4$ | **4.8931** |
problem2_slove.md,614,1.8586e-5,1.8586e-05,REGISTRY,V1_T_400_800,1.882e-10,| $M=400\to800$ | $1.8586e-5$ | **3.6202** | $6.6033e-4$ | **4.8931** |
problem2_slove.md,614,3.6202,3.6202,REGISTRY,V1_ratio_T_400_800,2.948e-05,| $M=400\to800$ | $1.8586e-5$ | **3.6202** | $6.6033e-4$ | **4.8931** |
problem2_slove.md,614,6.6033e-4,0.00066033,REGISTRY,V1_C_400_800,3.304e-09,| $M=400\to800$ | $1.8586e-5$ | **3.6202** | $6.6033e-4$ | **4.8931** |
problem2_slove.md,614,4.8931,4.8931,REGISTRY,V1_ratio_C_400_800,1.338e-05,| $M=400\to800$ | $1.8586e-5$ | **3.6202** | $6.6033e-4$ | **4.8931** |
problem2_slove.md,616,4,4.0,ALLOW,结构/常数,0.0,比值趋近 4，即**空间二阶收敛**，与线性单元 $+$ 后向 Euler 的 $O(\Delta r)$ 一致。
problem2_slove.md,618,800,800.0,ALLOW,网格数 M=800,0.0,**(b) 时间收敛（固定 $M=800$）**
problem2_slove.md,622,1,1.0,ALLOW,题面: 半径网格 1 cm,0.0,| $\Delta t=1/16\to1/32$ | $5.5229e-5$ | — | $1.2093e-4$ | — |
problem2_slove.md,622,16,16.0,ALLOW,1/16 s 的时间步分母,0.0,| $\Delta t=1/16\to1/32$ | $5.5229e-5$ | — | $1.2093e-4$ | — |
problem2_slove.md,622,1,1.0,ALLOW,题面: 半径网格 1 cm,0.0,| $\Delta t=1/16\to1/32$ | $5.5229e-5$ | — | $1.2093e-4$ | — |
problem2_slove.md,622,32,32.0,ALLOW,结构,0.0,| $\Delta t=1/16\to1/32$ | $5.5229e-5$ | — | $1.2093e-4$ | — |
problem2_slove.md,622,5.5229e-5,5.5229e-05,REGISTRY,V2_T_0.0625_0.03125,1.370e-10,| $\Delta t=1/16\to1/32$ | $5.5229e-5$ | — | $1.2093e-4$ | — |
problem2_slove.md,622,1.2093e-4,0.00012093,REGISTRY,V2_C_0.0625_0.03125,4.507e-10,| $\Delta t=1/16\to1/32$ | $5.5229e-5$ | — | $1.2093e-4$ | — |
problem2_slove.md,623,1,1.0,ALLOW,题面: 半径网格 1 cm,0.0,| $\Delta t=1/32\to1/64$ | $2.7615e-5$ | **2.0000** | $6.0613e-5$ | **1.9951** |
problem2_slove.md,623,32,32.0,ALLOW,结构,0.0,| $\Delta t=1/32\to1/64$ | $2.7615e-5$ | **2.0000** | $6.0613e-5$ | **1.9951** |
problem2_slove.md,623,1,1.0,ALLOW,题面: 半径网格 1 cm,0.0,| $\Delta t=1/32\to1/64$ | $2.7615e-5$ | **2.0000** | $6.0613e-5$ | **1.9951** |
problem2_slove.md,623,64,64.0,ALLOW,1/64 s 的时间步分母,0.0,| $\Delta t=1/32\to1/64$ | $2.7615e-5$ | **2.0000** | $6.0613e-5$ | **1.9951** |
problem2_slove.md,623,2.7615e-5,2.7615e-05,REGISTRY,V2_T_0.03125_0.015625,1.198e-10,| $\Delta t=1/32\to1/64$ | $2.7615e-5$ | **2.0000** | $6.0613e-5$ | **1.9951** |
problem2_slove.md,623,2.0000,2.0,ALLOW,题面: 半径 2 cm / 通用整数,0.0,| $\Delta t=1/32\to1/64$ | $2.7615e-5$ | **2.0000** | $6.0613e-5$ | **1.9951** |
problem2_slove.md,623,6.0613e-5,6.0613e-05,REGISTRY,V2_C_0.03125_0.015625,4.175e-10,| $\Delta t=1/32\to1/64$ | $2.7615e-5$ | **2.0000** | $6.0613e-5$ | **1.9951** |
problem2_slove.md,623,1.9951,1.9951,REGISTRY,V2_ratio_C_0.03125_0.015625,3.774e-05,| $\Delta t=1/32\to1/64$ | $2.7615e-5$ | **2.0000** | $6.0613e-5$ | **1.9951** |
problem2_slove.md,625,2,2.0,ALLOW,题面: 半径 2 cm / 通用整数,0.0,比值恰为 2，即**时间一阶收敛**，与后向 Euler 的 $O(\Delta t)$ 一致。
problem2_slove.md,627,2,2.0,ALLOW,题面: 半径 2 cm / 通用整数,0.0,**(c) 与 Bessel 解析解的独立校核。** 取常数系数（附录 2 物性）的线性 Robin 圆柱问题，
problem2_slove.md,628,50,50.0,ALLOW,网格数 M=50,0.0,常环境 $T_\infty=50 ^\circ\mathrm C$，$\Delta t=1/400 \mathrm s$（使时间误差底 $<1e-5 \mathrm K$）：
problem2_slove.md,628,1,1.0,ALLOW,题面: 半径网格 1 cm,0.0,常环境 $T_\infty=50 ^\circ\mathrm C$，$\Delta t=1/400 \mathrm s$（使时间误差底 $<1e-5 \mathrm K$）：
problem2_slove.md,628,400,400.0,ALLOW,网格数 M=400,0.0,常环境 $T_\infty=50 ^\circ\mathrm C$，$\Delta t=1/400 \mathrm s$（使时间误差底 $<1e-5 \mathrm K$）：
problem2_slove.md,628,1e-5,1e-05,ALLOW,量级,0.0,常环境 $T_\infty=50 ^\circ\mathrm C$，$\Delta t=1/400 \mathrm s$（使时间误差底 $<1e-5 \mathrm K$）：
problem2_slove.md,632,50,50.0,ALLOW,网格数 M=50,0.0,| 50 | $2.7226e-4$ | — |
problem2_slove.md,632,2.7226e-4,0.00027226,REGISTRY,VB_M50,1.987e-09,| 50 | $2.7226e-4$ | — |
problem2_slove.md,633,100,100.0,ALLOW,题面表1/2 时间点,0.0,| 100 | $6.3114e-5$ | **4.314** |
problem2_slove.md,633,6.3114e-5,6.3114e-05,REGISTRY,VB_M100,1.382e-10,| 100 | $6.3114e-5$ | **4.314** |
problem2_slove.md,633,4.314,4.314,REGISTRY,VS_ratio_100,1.777e-04,| 100 | $6.3114e-5$ | **4.314** |
problem2_slove.md,634,200,200.0,ALLOW,网格数 M=200,0.0,| 200 | $1.5583e-5$ | **4.050** |
problem2_slove.md,634,1.5583e-5,1.5583e-05,REGISTRY,VB_M200,6.302e-12,| 200 | $1.5583e-5$ | **4.050** |
problem2_slove.md,634,4.050,4.05,REGISTRY,CN_halfcv_ratio_M200,1.724e-04,| 200 | $1.5583e-5$ | **4.050** |
problem2_slove.md,635,400,400.0,ALLOW,网格数 M=400,0.0,| 400 | $9.1916e-6$ | 1.695（时间误差底掩盖） |
problem2_slove.md,635,9.1916e-6,9.1916e-06,REGISTRY,VB_M400,9.393e-12,| 400 | $9.1916e-6$ | 1.695（时间误差底掩盖） |
problem2_slove.md,635,1.695,1.695,REGISTRY,CN_halfcv_ratio_M400,3.547e-04,| 400 | $9.1916e-6$ | 1.695（时间误差底掩盖） |
problem2_slove.md,639,60,60.0,ALLOW,附件1 采样间隔 60 s,0.0,**(d) 水分场在最初 60 s 的偏差：不是收敛失效。**
problem2_slove.md,641,1,1.0,ALLOW,题面: 半径网格 1 cm,0.0,生产不确定度中，水分在 $t=1\ldots60 \mathrm s$ 的网格加密偏差最大。定位结果
problem2_slove.md,641,60,60.0,ALLOW,附件1 采样间隔 60 s,0.0,生产不确定度中，水分在 $t=1\ldots60 \mathrm s$ 的网格加密偏差最大。定位结果
problem2_slove.md,642,2,2.0,ALLOW,题面: 半径 2 cm / 通用整数,0.0,（`src/q2_moist_diag.py`，表面含水率 $\Delta C(R)$）：
problem2_slove.md,644,1,1.0,ALLOW,题面: 半径网格 1 cm,0.0,| 对比 | $\Delta C(R)$ @ $t=1 \mathrm s$ | 比值 | $\Delta C(R)$ @ $t=60 \mathrm s$ | 比值 |
problem2_slove.md,644,60,60.0,ALLOW,附件1 采样间隔 60 s,0.0,| 对比 | $\Delta C(R)$ @ $t=1 \mathrm s$ | 比值 | $\Delta C(R)$ @ $t=60 \mathrm s$ | 比值 |
problem2_slove.md,646,200,200.0,ALLOW,网格数 M=200,0.0,| $M=200\to400$ | $3.2090e-3$ | — | $2.4489e-4$ | — |
problem2_slove.md,646,400,400.0,ALLOW,网格数 M=400,0.0,| $M=200\to400$ | $3.2090e-3$ | — | $2.4489e-4$ | — |
problem2_slove.md,646,3.2090e-3,0.003209,REGISTRY,MD_dC1_200_400,2.240e-08,| $M=200\to400$ | $3.2090e-3$ | — | $2.4489e-4$ | — |
problem2_slove.md,646,2.4489e-4,0.00024489,REGISTRY,MD_dC60_200_400,3.486e-09,| $M=200\to400$ | $3.2090e-3$ | — | $2.4489e-4$ | — |
problem2_slove.md,647,400,400.0,ALLOW,网格数 M=400,0.0,| $M=400\to800$ | $6.5059e-4$ | **4.932** | $6.1012e-5$ | 4.014 |
problem2_slove.md,647,800,800.0,ALLOW,网格数 M=800,0.0,| $M=400\to800$ | $6.5059e-4$ | **4.932** | $6.1012e-5$ | 4.014 |
problem2_slove.md,647,6.5059e-4,0.00065059,REGISTRY,MD_dC1_400_800,4.080e-09,| $M=400\to800$ | $6.5059e-4$ | **4.932** | $6.1012e-5$ | 4.014 |
problem2_slove.md,647,4.932,4.932,REGISTRY,MD_ratio1_400_800,3.806e-04,| $M=400\to800$ | $6.5059e-4$ | **4.932** | $6.1012e-5$ | 4.014 |
problem2_slove.md,647,6.1012e-5,6.1012e-05,REGISTRY,MD_dC60_400_800,4.163e-10,| $M=400\to800$ | $6.5059e-4$ | **4.932** | $6.1012e-5$ | 4.014 |
problem2_slove.md,647,4.014,4.014,REGISTRY,H11r_M1600,1.575e-04,| $M=400\to800$ | $6.5059e-4$ | **4.932** | $6.1012e-5$ | 4.014 |
problem2_slove.md,648,800,800.0,ALLOW,网格数 M=800,0.0,| $M=800\to1600$ | $1.5478e-4$ | **4.203** | $1.5240e-5$ | 4.003 |
problem2_slove.md,648,1600,1600.0,ALLOW,网格数 M=1600,0.0,| $M=800\to1600$ | $1.5478e-4$ | **4.203** | $1.5240e-5$ | 4.003 |
problem2_slove.md,648,1.5478e-4,0.00015478,REGISTRY,MD_dC1_800_1600,1.045e-09,| $M=800\to1600$ | $1.5478e-4$ | **4.203** | $1.5240e-5$ | 4.003 |
problem2_slove.md,648,4.203,4.203,REGISTRY,MD_ratio1_800_1600,3.188e-04,| $M=800\to1600$ | $1.5478e-4$ | **4.203** | $1.5240e-5$ | 4.003 |
problem2_slove.md,648,1.5240e-5,1.524e-05,REGISTRY,MD_dC60_800_1600,1.597e-10,| $M=800\to1600$ | $1.5478e-4$ | **4.203** | $1.5240e-5$ | 4.003 |
problem2_slove.md,648,4.003,4.003,REGISTRY,MD_ratio60_800_1600,3.974e-04,| $M=800\to1600$ | $1.5478e-4$ | **4.203** | $1.5240e-5$ | 4.003 |
problem2_slove.md,649,1600,1600.0,ALLOW,网格数 M=1600,0.0,| $M=1600\to3200$ | $3.8289e-5$ | **4.042** | $3.8092e-6$ | 4.001 |
problem2_slove.md,649,3200,3200.0,ALLOW,网格数 M=3200,0.0,| $M=1600\to3200$ | $3.8289e-5$ | **4.042** | $3.8092e-6$ | 4.001 |
problem2_slove.md,649,3.8289e-5,3.8289e-05,REGISTRY,MD_dC1_1600_3200,3.630e-10,| $M=1600\to3200$ | $3.8289e-5$ | **4.042** | $3.8092e-6$ | 4.001 |
problem2_slove.md,649,4.042,4.042,REGISTRY,MD_ratio1_1600_3200,4.799e-04,| $M=1600\to3200$ | $3.8289e-5$ | **4.042** | $3.8092e-6$ | 4.001 |
problem2_slove.md,649,3.8092e-6,3.8092e-06,REGISTRY,MD_dC60_1600_3200,3.329e-11,| $M=1600\to3200$ | $3.8289e-5$ | **4.042** | $3.8092e-6$ | 4.001 |
problem2_slove.md,649,4.001,4.001,REGISTRY,H11r_M400,7.408e-05,| $M=1600\to3200$ | $3.8289e-5$ | **4.042** | $3.8092e-6$ | 4.001 |
problem2_slove.md,651,4,4.0,ALLOW,结构/常数,0.0,**比值稳定趋近 4，空间二阶收敛成立。** 该时刻绝对误差偏大是因为第三类边界在 $t=0$ 处
problem2_slove.md,651,0,0.0,ALLOW,零,0.0,**比值稳定趋近 4，空间二阶收敛成立。** 该时刻绝对误差偏大是因为第三类边界在 $t=0$ 处
problem2_slove.md,652,0,0.0,ALLOW,零,0.0,存在阶跃（$C_R(0)=2.55$ 而 $C_\infty(0)=0.01963$），表面附近形成厚度
problem2_slove.md,652,2.55,2.55,ALLOW,题面: 初始干基含水率 2.55 kg/kg,0.0,存在阶跃（$C_R(0)=2.55$ 而 $C_\infty(0)=0.01963$），表面附近形成厚度
problem2_slove.md,652,0,0.0,ALLOW,零,0.0,存在阶跃（$C_R(0)=2.55$ 而 $C_\infty(0)=0.01963$），表面附近形成厚度
problem2_slove.md,652,0.01963,0.01963,REGISTRY,V13_Cmin,0.000e+00,存在阶跃（$C_R(0)=2.55$ 而 $C_\infty(0)=0.01963$），表面附近形成厚度
problem2_slove.md,653,1,1.0,ALLOW,题面: 半径网格 1 cm,0.0,$\sqrt{Dt}$ 的边界层：$t=1 \mathrm s$ 时 $\sqrt{Dt}=0.00751 \mathrm{cm}$。
problem2_slove.md,653,0.00751,0.00751,REGISTRY,MD_delta1,1.112e-06,$\sqrt{Dt}$ 的边界层：$t=1 \mathrm s$ 时 $\sqrt{Dt}=0.00751 \mathrm{cm}$。
problem2_slove.md,654,1,1.0,ALLOW,题面: 半径网格 1 cm,0.0,径向剖面显示该厚度在 $t=1 \mathrm s$ 时**横跨 10 个以上网格**
problem2_slove.md,654,10,10.0,ALLOW,结构,0.0,径向剖面显示该厚度在 $t=1 \mathrm s$ 时**横跨 10 个以上网格**
problem2_slove.md,655,3200,3200.0,ALLOW,网格数 M=3200,0.0,（$M=3200$ 上 $C$ 由表面的 $2.5198305$ 单调升到自表面向内第 $8$ 个节点的
problem2_slove.md,655,2.5198305,2.5198305,REGISTRY,MD_CR1_M3200,2.801e-08,（$M=3200$ 上 $C$ 由表面的 $2.5198305$ 单调升到自表面向内第 $8$ 个节点的
problem2_slove.md,655,8,8.0,ALLOW,结构,0.0,（$M=3200$ 上 $C$ 由表面的 $2.5198305$ 单调升到自表面向内第 $8$ 个节点的
problem2_slove.md,656,2.5343283,2.5343283,REGISTRY,MD_prof_M3200_k8,8.246e-09,$2.5343283$ —— 两值分别取 `registry_q2_moist_diag` 的 `MD_prof_M3200_k0` 与
problem2_slove.md,656,2,2.0,ALLOW,题面: 半径 2 cm / 通用整数,0.0,$2.5343283$ —— 两值分别取 `registry_q2_moist_diag` 的 `MD_prof_M3200_k0` 与
problem2_slove.md,656,3200,3200.0,ALLOW,网格数 M=3200,0.0,$2.5343283$ —— 两值分别取 `registry_q2_moist_diag` 的 `MD_prof_M3200_k0` 与
problem2_slove.md,656,0,0.0,ALLOW,零,0.0,$2.5343283$ —— 两值分别取 `registry_q2_moist_diag` 的 `MD_prof_M3200_k0` 与
problem2_slove.md,657,3200,3200.0,ALLOW,网格数 M=3200,0.0,`MD_prof_M3200_k8`，**节点序号从 $0$（表面）起算**；按 $M=3200$、$\Delta t=1/64\
problem2_slove.md,657,8,8.0,ALLOW,结构,0.0,`MD_prof_M3200_k8`，**节点序号从 $0$（表面）起算**；按 $M=3200$、$\Delta t=1/64\
problem2_slove.md,657,0,0.0,ALLOW,零,0.0,`MD_prof_M3200_k8`，**节点序号从 $0$（表面）起算**；按 $M=3200$、$\Delta t=1/64\
problem2_slove.md,657,3200,3200.0,ALLOW,网格数 M=3200,0.0,`MD_prof_M3200_k8`，**节点序号从 $0$（表面）起算**；按 $M=3200$、$\Delta t=1/64\
problem2_slove.md,657,1,1.0,ALLOW,题面: 半径网格 1 cm,0.0,`MD_prof_M3200_k8`，**节点序号从 $0$（表面）起算**；按 $M=3200$、$\Delta t=1/64\
problem2_slove.md,657,64,64.0,ALLOW,1/64 s 的时间步分母,0.0,`MD_prof_M3200_k8`，**节点序号从 $0$（表面）起算**；按 $M=3200$、$\Delta t=1/64\
problem2_slove.md,658,2.5198751,2.5198751,REGISTRY,MD_prod_M3200_dt64_R,1.822e-08,\mathrm s$ 独立复算得表面 $2.5198751$、第 $8$ 号节点 $2.5343594$ —— 两者与上述
problem2_slove.md,658,8,8.0,ALLOW,结构,0.0,\mathrm s$ 独立复算得表面 $2.5198751$、第 $8$ 号节点 $2.5343594$ —— 两者与上述
problem2_slove.md,658,2.5343594,2.5343594,REGISTRY,MD_prod_M3200_dt64_k8,2.975e-08,\mathrm s$ 独立复算得表面 $2.5198751$、第 $8$ 号节点 $2.5343594$ —— 两者与上述
problem2_slove.md,659,2.5198305,2.5198305,REGISTRY,MD_CR1_M3200,2.801e-08,$2.5198305$、$2.5343283$ 分别相差 $4.459e-5$ 与 $3.114e-5$，
problem2_slove.md,659,2.5343283,2.5343283,REGISTRY,MD_prof_M3200_k8,8.246e-09,$2.5198305$、$2.5343283$ 分别相差 $4.459e-5$ 与 $3.114e-5$，
problem2_slove.md,659,4.459e-5,4.459e-05,REGISTRY,MD_prod_tsdiff_R,2.065e-10,$2.5198305$、$2.5343283$ 分别相差 $4.459e-5$ 与 $3.114e-5$，
problem2_slove.md,659,3.114e-5,3.114e-05,REGISTRY,MD_prod_tsdiff_k8,2.003e-09,$2.5198305$、$2.5343283$ 分别相差 $4.459e-5$ 与 $3.114e-5$，
problem2_slove.md,660,2,2.0,ALLOW,题面: 半径 2 cm / 通用整数,0.0,即 `q2_moist_diag.py` 与生产解所用**时间步不同**（$1/256$ 对 $1/64 \mathrm s$）
problem2_slove.md,660,1,1.0,ALLOW,题面: 半径网格 1 cm,0.0,即 `q2_moist_diag.py` 与生产解所用**时间步不同**（$1/256$ 对 $1/64 \mathrm s$）
problem2_slove.md,660,256,256.0,ALLOW,1/256 s 的时间步分母 (q2_moist_diag 的诊断步长),0.0,即 `q2_moist_diag.py` 与生产解所用**时间步不同**（$1/256$ 对 $1/64 \mathrm s$）
problem2_slove.md,660,1,1.0,ALLOW,题面: 半径网格 1 cm,0.0,即 `q2_moist_diag.py` 与生产解所用**时间步不同**（$1/256$ 对 $1/64 \mathrm s$）
problem2_slove.md,660,64,64.0,ALLOW,1/64 s 的时间步分母,0.0,即 `q2_moist_diag.py` 与生产解所用**时间步不同**（$1/256$ 对 $1/64 \mathrm s$）
problem2_slove.md,661,8,8.0,ALLOW,结构,0.0,造成的差异；登记为 `MD_prod_tsdiff_R` 与 `MD_prod_tsdiff_k8`），故二阶格式尚不能在 1 s
problem2_slove.md,661,1,1.0,ALLOW,题面: 半径网格 1 cm,0.0,造成的差异；登记为 `MD_prod_tsdiff_R` 与 `MD_prod_tsdiff_k8`），故二阶格式尚不能在 1 s
problem2_slove.md,669,1600,1600.0,ALLOW,网格数 M=1600,0.0,| 空间节点数 | $M=1600$（$\Delta r=0.00125 \mathrm{cm}$） |
problem2_slove.md,669,0.00125,0.00125,ALLOW,网格尺寸 dr = 0.00125 cm (M=1600),0.0,| 空间节点数 | $M=1600$（$\Delta r=0.00125 \mathrm{cm}$） |
problem2_slove.md,670,1,1.0,ALLOW,题面: 半径网格 1 cm,0.0,| 时间步长 | $\Delta t=1/64 \mathrm s=0.015625 \mathrm s$ |
problem2_slove.md,670,64,64.0,ALLOW,1/64 s 的时间步分母,0.0,| 时间步长 | $\Delta t=1/64 \mathrm s=0.015625 \mathrm s$ |
problem2_slove.md,670,0.015625,0.015625,ALLOW,dt = 2^-6 s,0.0,| 时间步长 | $\Delta t=1/64 \mathrm s=0.015625 \mathrm s$ |
problem2_slove.md,671,691200,691200.0,REGISTRY,P00_nsteps,0.000e+00,| 总步数 | 691200 |
problem2_slove.md,672,1,1.0,ALLOW,题面: 半径网格 1 cm,0.0,"| 输出 | $t=1\ldots10800 \mathrm s$（每秒）$x$ $r=0,0.1,\ldots,2.0 \mathrm{cm}$ |"
problem2_slove.md,672,10800,10800.0,ALLOW,题面表3/4 时间点 3 h,0.0,"| 输出 | $t=1\ldots10800 \mathrm s$（每秒）$x$ $r=0,0.1,\ldots,2.0 \mathrm{cm}$ |"
problem2_slove.md,672,0,0.0,ALLOW,零,0.0,"| 输出 | $t=1\ldots10800 \mathrm s$（每秒）$x$ $r=0,0.1,\ldots,2.0 \mathrm{cm}$ |"
problem2_slove.md,672,0.1,0.1,ALLOW,题面: 半径步长 0.1 cm,0.0,"| 输出 | $t=1\ldots10800 \mathrm s$（每秒）$x$ $r=0,0.1,\ldots,2.0 \mathrm{cm}$ |"
problem2_slove.md,672,2.0,2.0,ALLOW,题面: 半径 2 cm / 通用整数,0.0,"| 输出 | $t=1\ldots10800 \mathrm s$（每秒）$x$ $r=0,0.1,\ldots,2.0 \mathrm{cm}$ |"
problem2_slove.md,674,2,2.0,ALLOW,题面: 半径 2 cm / 通用整数,0.0,两组独立加密校核（`src/q2_uncertainty.py` 重算）：
problem2_slove.md,678,2,2.0,ALLOW,题面: 半径 2 cm / 通用整数,0.0,| 时间步加密（$\Delta t/2$，同网格） | $1.3808e-5$ | $2.9839e-5$ |
problem2_slove.md,678,1.3808e-5,1.3808e-05,REGISTRY,P01,3.100e-10,| 时间步加密（$\Delta t/2$，同网格） | $1.3808e-5$ | $2.9839e-5$ |
problem2_slove.md,678,2.9839e-5,2.9839e-05,REGISTRY,P02,2.804e-10,| 时间步加密（$\Delta t/2$，同网格） | $1.3808e-5$ | $2.9839e-5$ |
problem2_slove.md,679,2,2.0,ALLOW,题面: 半径 2 cm / 通用整数,0.0,| 网格加密（$Mx2$，同时间步） | $1.3824e-6$ | $3.8467e-5$ |
problem2_slove.md,679,1.3824e-6,1.3824e-06,REGISTRY,P03,8.753e-12,| 网格加密（$Mx2$，同时间步） | $1.3824e-6$ | $3.8467e-5$ |
problem2_slove.md,679,3.8467e-5,3.8467e-05,REGISTRY,UC_win_t1_60s_dC,0.000e+00,| 网格加密（$Mx2$，同时间步） | $1.3824e-6$ | $3.8467e-5$ |
problem2_slove.md,682,1600,1600.0,ALLOW,网格数 M=1600,0.0,"（增量），而不是交付网格自身的误差；且**生产解是两者中""粗""的那一个**（$M=1600$、"
problem2_slove.md,683,1,1.0,ALLOW,题面: 半径网格 1 cm,0.0,"$\Delta t=1/64$），加密解才是""细""的。按各自的实测阶数 $p$ 用 Richardson 估计："
problem2_slove.md,683,64,64.0,ALLOW,1/64 s 的时间步分母,0.0,"$\Delta t=1/64$），加密解才是""细""的。按各自的实测阶数 $p$ 用 Richardson 估计："
problem2_slove.md,685,2,2.0,ALLOW,题面: 半径 2 cm / 通用整数,0.0,"$$\text{err(细)}=\frac{\Delta}{2-1},"
problem2_slove.md,685,-1,-1.0,REGISTRY,V6_TR_diff,3.663e-01,"$$\text{err(细)}=\frac{\Delta}{2-1},"
problem2_slove.md,686,2,2.0,ALLOW,题面: 半径 2 cm / 通用整数,0.0,\text{err(粗)}=\frac{\Delta\cdot2}{2-1}$$
problem2_slove.md,686,2,2.0,ALLOW,题面: 半径 2 cm / 通用整数,0.0,\text{err(粗)}=\frac{\Delta\cdot2}{2-1}$$
problem2_slove.md,686,-1,-1.0,REGISTRY,V6_TR_diff,3.663e-01,\text{err(粗)}=\frac{\Delta\cdot2}{2-1}$$
problem2_slove.md,688,1,1.0,ALLOW,题面: 半径网格 1 cm,0.0,其中时间 $p=1$（分母 1、粗解因子 2），空间 $p=2$（分母 3、粗解因子 $4/3$）。
problem2_slove.md,688,1,1.0,ALLOW,题面: 半径网格 1 cm,0.0,其中时间 $p=1$（分母 1、粗解因子 2），空间 $p=2$（分母 3、粗解因子 $4/3$）。
problem2_slove.md,688,2,2.0,ALLOW,题面: 半径 2 cm / 通用整数,0.0,其中时间 $p=1$（分母 1、粗解因子 2），空间 $p=2$（分母 3、粗解因子 $4/3$）。
problem2_slove.md,688,2,2.0,ALLOW,题面: 半径 2 cm / 通用整数,0.0,其中时间 $p=1$（分母 1、粗解因子 2），空间 $p=2$（分母 3、粗解因子 $4/3$）。
problem2_slove.md,688,3,3.0,ALLOW,3 h,0.0,其中时间 $p=1$（分母 1、粗解因子 2），空间 $p=2$（分母 3、粗解因子 $4/3$）。
problem2_slove.md,688,4,4.0,ALLOW,结构/常数,0.0,其中时间 $p=1$（分母 1、粗解因子 2），空间 $p=2$（分母 3、粗解因子 $4/3$）。
problem2_slove.md,688,3,3.0,ALLOW,3 h,0.0,其中时间 $p=1$（分母 1、粗解因子 2），空间 $p=2$（分母 3、粗解因子 $4/3$）。
problem2_slove.md,689,5e-5,5e-05,ALLOW,四位小数的半 ulp 阈值,0.0,对**交付物**贴切的是 err(粗)。五种口径（阈值 $5e-5$）：
problem2_slove.md,693,1.3808e-5,1.3808e-05,REGISTRY,P01,3.100e-10,| (i) $\max(\Delta)$ | $1.3808e-5$ | $27.62%$ | $3.8467e-5$ | $76.93%$ |
problem2_slove.md,693,27.62,27.62,REGISTRY,DV_uT_pct,4.620e-03,| (i) $\max(\Delta)$ | $1.3808e-5$ | $27.62%$ | $3.8467e-5$ | $76.93%$ |
problem2_slove.md,693,3.8467e-5,3.8467e-05,REGISTRY,UC_win_t1_60s_dC,0.000e+00,| (i) $\max(\Delta)$ | $1.3808e-5$ | $27.62%$ | $3.8467e-5$ | $76.93%$ |
problem2_slove.md,693,76.93,76.93,REGISTRY,UC_win_t1_60s_pct,4.000e-03,| (i) $\max(\Delta)$ | $1.3808e-5$ | $27.62%$ | $3.8467e-5$ | $76.93%$ |
problem2_slove.md,694,1.3808e-5,1.3808e-05,REGISTRY,P01,3.100e-10,"| (ii) $\max$(Richardson, 细) | $1.3808e-5$ | $27.62%$ | $2.9839e-5$ | $59.68%$ |"
problem2_slove.md,694,27.62,27.62,REGISTRY,DV_uT_pct,4.620e-03,"| (ii) $\max$(Richardson, 细) | $1.3808e-5$ | $27.62%$ | $2.9839e-5$ | $59.68%$ |"
problem2_slove.md,694,2.9839e-5,2.9839e-05,REGISTRY,P02,2.804e-10,"| (ii) $\max$(Richardson, 细) | $1.3808e-5$ | $27.62%$ | $2.9839e-5$ | $59.68%$ |"
problem2_slove.md,694,59.68,59.68,REGISTRY,UC_ii_Cpct,2.561e-03,"| (ii) $\max$(Richardson, 细) | $1.3808e-5$ | $27.62%$ | $2.9839e-5$ | $59.68%$ |"
problem2_slove.md,695,2.7615e-5,2.7615e-05,REGISTRY,V2_T_0.03125_0.015625,1.198e-10,"| (iii) $\max$(Richardson, 粗) | $2.7615e-5$ | $55.23%$ | $5.9677e-5$ | $\mathbf{119.35%}$ "
problem2_slove.md,695,55.23,55.23,REGISTRY,UC_iii_Tpct,7.602e-04,"| (iii) $\max$(Richardson, 粗) | $2.7615e-5$ | $55.23%$ | $5.9677e-5$ | $\mathbf{119.35%}$ "
problem2_slove.md,695,5.9677e-5,5.9677e-05,REGISTRY,UR_cC_t,4.393e-10,"| (iii) $\max$(Richardson, 粗) | $2.7615e-5$ | $55.23%$ | $5.9677e-5$ | $\mathbf{119.35%}$ "
problem2_slove.md,695,119.35,119.35,REGISTRY,UC_iii_Cpct,4.879e-03,"| (iii) $\max$(Richardson, 粗) | $2.7615e-5$ | $55.23%$ | $5.9677e-5$ | $\mathbf{119.35%}$ "
problem2_slove.md,696,2.9459e-5,2.9459e-05,REGISTRY,UC_iv_T,4.316e-10,| (iv) 求和（粗） | $2.9459e-5$ | $58.92%$ | $1.1097e-4$ | $\mathbf{221.93%}$ |
problem2_slove.md,696,58.92,58.92,REGISTRY,UC_iv_Tpct,2.863e-03,| (iv) 求和（粗） | $2.9459e-5$ | $58.92%$ | $1.1097e-4$ | $\mathbf{221.93%}$ |
problem2_slove.md,696,1.1097e-4,0.00011097,REGISTRY,UC_iv_C,3.069e-09,| (iv) 求和（粗） | $2.9459e-5$ | $58.92%$ | $1.1097e-4$ | $\mathbf{221.93%}$ |
problem2_slove.md,696,221.93,221.93,REGISTRY,UC_iv_Cpct,3.862e-03,| (iv) 求和（粗） | $2.9459e-5$ | $58.92%$ | $1.1097e-4$ | $\mathbf{221.93%}$ |
problem2_slove.md,697,2.7677e-5,2.7677e-05,REGISTRY,UC_v_T,1.765e-10,| (v) RSS（粗） | $2.7677e-5$ | $55.35%$ | $7.8689e-5$ | $\mathbf{157.38%}$ |
problem2_slove.md,697,55.35,55.35,REGISTRY,UC_v_Tpct,3.647e-03,| (v) RSS（粗） | $2.7677e-5$ | $55.35%$ | $7.8689e-5$ | $\mathbf{157.38%}$ |
problem2_slove.md,697,7.8689e-5,7.8689e-05,REGISTRY,UC_v_C,3.176e-10,| (v) RSS（粗） | $2.7677e-5$ | $55.35%$ | $7.8689e-5$ | $\mathbf{157.38%}$ |
problem2_slove.md,697,157.38,157.38,REGISTRY,UC_v_Cpct,1.365e-03,| (v) RSS（粗） | $2.7677e-5$ | $55.35%$ | $7.8689e-5$ | $\mathbf{157.38%}$ |
problem2_slove.md,701,1,1.0,ALLOW,题面: 半径网格 1 cm,0.0,1. **温度**：五种口径的最大值为 $2.9459e-5 \mathrm K=58.92%$，
problem2_slove.md,701,2.9459e-5,2.9459e-05,REGISTRY,UC_iv_T,4.316e-10,1. **温度**：五种口径的最大值为 $2.9459e-5 \mathrm K=58.92%$，
problem2_slove.md,701,58.92,58.92,REGISTRY,UC_iv_Tpct,2.863e-03,1. **温度**：五种口径的最大值为 $2.9459e-5 \mathrm K=58.92%$，
problem2_slove.md,703,2,2.0,ALLOW,题面: 半径 2 cm / 通用整数,0.0,2. **水分**：口径 (i) 给 $76.93%$（阈值内），但口径 (iii)——即对**交付网格自身**误差的
problem2_slove.md,703,76.93,76.93,REGISTRY,UC_win_t1_60s_pct,4.000e-03,2. **水分**：口径 (i) 给 $76.93%$（阈值内），但口径 (iii)——即对**交付网格自身**误差的
problem2_slove.md,704,5.9677e-5,5.9677e-05,REGISTRY,UR_cC_t,4.393e-10,Richardson 估计——给 $5.9677e-5 \mathrm{kg/kg}=119.35%$，
problem2_slove.md,704,119.35,119.35,REGISTRY,UC_iii_Cpct,4.879e-03,Richardson 估计——给 $5.9677e-5 \mathrm{kg/kg}=119.35%$，
problem2_slove.md,705,221.93,221.93,REGISTRY,UC_iv_Cpct,3.862e-03,**超出阈值**；更保守的 (iv)/(v) 分别为 $221.93%$ 与 $157.38%$。
problem2_slove.md,705,157.38,157.38,REGISTRY,UC_v_Cpct,1.365e-03,**超出阈值**；更保守的 (iv)/(v) 分别为 $221.93%$ 与 $157.38%$。
problem2_slove.md,706,3,3.0,ALLOW,3 h,0.0,"3. 因此**不能说""水分的四位小数都可靠""**。准确的说法是：水分第 4 位**只在"""
problem2_slove.md,706,4,4.0,ALLOW,结构/常数,0.0,"3. 因此**不能说""水分的四位小数都可靠""**。准确的说法是：水分第 4 位**只在"""
problem2_slove.md,707,4,4.0,ALLOW,结构/常数,0.0,"两次解之差""这一较松的口径下**成立；按交付网格自身的误差估计，水分的第 4 位**不正**。"
problem2_slove.md,711,60,60.0,ALLOW,附件1 采样间隔 60 s,0.0,水分的大偏差**集中在 $t\le60 \mathrm s$ 的表面边界层**（ (d)）。网格加密偏差的
problem2_slove.md,716,1,1.0,ALLOW,题面: 半径网格 1 cm,0.0,| $t=1\ldots60 \mathrm s$ | $1.8054e-7$ | $3.8467e-5$ | $76.93%$ | $\mathbf{102.58%}$ |
problem2_slove.md,716,60,60.0,ALLOW,附件1 采样间隔 60 s,0.0,| $t=1\ldots60 \mathrm s$ | $1.8054e-7$ | $3.8467e-5$ | $76.93%$ | $\mathbf{102.58%}$ |
problem2_slove.md,716,1.8054e-7,1.8054e-07,REGISTRY,P10_t1_60s_T,3.225e-12,| $t=1\ldots60 \mathrm s$ | $1.8054e-7$ | $3.8467e-5$ | $76.93%$ | $\mathbf{102.58%}$ |
problem2_slove.md,716,3.8467e-5,3.8467e-05,REGISTRY,UC_win_t1_60s_dC,0.000e+00,| $t=1\ldots60 \mathrm s$ | $1.8054e-7$ | $3.8467e-5$ | $76.93%$ | $\mathbf{102.58%}$ |
problem2_slove.md,716,76.93,76.93,REGISTRY,UC_win_t1_60s_pct,4.000e-03,| $t=1\ldots60 \mathrm s$ | $1.8054e-7$ | $3.8467e-5$ | $76.93%$ | $\mathbf{102.58%}$ |
problem2_slove.md,716,102.58,102.58,REGISTRY,UC_win_t1_60s_pct_rich,1.333e-03,| $t=1\ldots60 \mathrm s$ | $1.8054e-7$ | $3.8467e-5$ | $76.93%$ | $\mathbf{102.58%}$ |
problem2_slove.md,717,61,61.0,ALLOW,时间窗标签 t=61..600 s,0.0,| $t=61\ldots600 \mathrm s$ | $3.3533e-7$ | $3.7683e-6$ | $7.54%$ | $10.05%$ |
problem2_slove.md,717,600,600.0,ALLOW,题面表1/2 时间点,0.0,| $t=61\ldots600 \mathrm s$ | $3.3533e-7$ | $3.7683e-6$ | $7.54%$ | $10.05%$ |
problem2_slove.md,717,3.3533e-7,3.3533e-07,REGISTRY,P10_t61_600s_T,2.857e-12,| $t=61\ldots600 \mathrm s$ | $3.3533e-7$ | $3.7683e-6$ | $7.54%$ | $10.05%$ |
problem2_slove.md,717,3.7683e-6,3.7683e-06,REGISTRY,UC_win_t61_600s_dC,0.000e+00,| $t=61\ldots600 \mathrm s$ | $3.3533e-7$ | $3.7683e-6$ | $7.54%$ | $10.05%$ |
problem2_slove.md,717,7.54,7.54,REGISTRY,UC_win_t61_600s_pct,3.400e-03,| $t=61\ldots600 \mathrm s$ | $3.3533e-7$ | $3.7683e-6$ | $7.54%$ | $10.05%$ |
problem2_slove.md,717,10.05,10.05,REGISTRY,UC_win_t61_600s_pct_rich,1.200e-03,| $t=61\ldots600 \mathrm s$ | $3.3533e-7$ | $3.7683e-6$ | $7.54%$ | $10.05%$ |
problem2_slove.md,718,601,601.0,ALLOW,时间窗标签 t=601..3600 s,0.0,| $t=601\ldots3600 \mathrm s$ | $1.3824e-6$ | $6.5054e-7$ | $1.30%$ | $1.73%$ |
problem2_slove.md,718,3600,3600.0,ALLOW,题面表3/4 时间点 1 h,0.0,| $t=601\ldots3600 \mathrm s$ | $1.3824e-6$ | $6.5054e-7$ | $1.30%$ | $1.73%$ |
problem2_slove.md,718,1.3824e-6,1.3824e-06,REGISTRY,P03,8.753e-12,| $t=601\ldots3600 \mathrm s$ | $1.3824e-6$ | $6.5054e-7$ | $1.30%$ | $1.73%$ |
problem2_slove.md,718,6.5054e-7,6.5054e-07,REGISTRY,UC_win_t601_3600s_dC,0.000e+00,| $t=601\ldots3600 \mathrm s$ | $1.3824e-6$ | $6.5054e-7$ | $1.30%$ | $1.73%$ |
problem2_slove.md,718,1.30,1.3,REGISTRY,UC_win_t601_3600s_pct,1.080e-03,| $t=601\ldots3600 \mathrm s$ | $1.3824e-6$ | $6.5054e-7$ | $1.30%$ | $1.73%$ |
problem2_slove.md,718,1.73,1.73,REGISTRY,?,3.377e-03,| $t=601\ldots3600 \mathrm s$ | $1.3824e-6$ | $6.5054e-7$ | $1.30%$ | $1.73%$ |
problem2_slove.md,719,3601,3601.0,ALLOW,时间窗标签 t=3601..10800 s,0.0,| $t=3601\ldots10800 \mathrm s$ | $1.2075e-6$ | $3.7970e-7$ | $0.76%$ | $1.01%$ |
problem2_slove.md,719,10800,10800.0,ALLOW,题面表3/4 时间点 3 h,0.0,| $t=3601\ldots10800 \mathrm s$ | $1.2075e-6$ | $3.7970e-7$ | $0.76%$ | $1.01%$ |
problem2_slove.md,719,1.2075e-6,1.2075e-06,REGISTRY,P10_t3601_10800s_T,8.774e-12,| $t=3601\ldots10800 \mathrm s$ | $1.2075e-6$ | $3.7970e-7$ | $0.76%$ | $1.01%$ |
problem2_slove.md,719,3.7970e-7,3.797e-07,REGISTRY,UC_win_t3601_10800s_dC,0.000e+00,| $t=3601\ldots10800 \mathrm s$ | $1.2075e-6$ | $3.7970e-7$ | $0.76%$ | $1.01%$ |
problem2_slove.md,719,0.76,0.76,REGISTRY,DV_Cspan_h3.0,3.000e-04,| $t=3601\ldots10800 \mathrm s$ | $1.2075e-6$ | $3.7970e-7$ | $0.76%$ | $1.01%$ |
problem2_slove.md,719,1.01,1.01,REGISTRY,V9b_s_hc08_CR,8.258e-04,| $t=3601\ldots10800 \mathrm s$ | $1.2075e-6$ | $3.7970e-7$ | $0.76%$ | $1.01%$ |
problem2_slove.md,723,3,3.0,ALLOW,3 h,0.0,- **表 3 / 表 4（$0.5\sim3 \mathrm h$）的四位小数可靠**：所在时刻的偏差
problem2_slove.md,723,4,4.0,ALLOW,结构/常数,0.0,- **表 3 / 表 4（$0.5\sim3 \mathrm h$）的四位小数可靠**：所在时刻的偏差
problem2_slove.md,723,0.5,0.5,ALLOW,题面: 半径网格 0.5 cm,0.0,- **表 3 / 表 4（$0.5\sim3 \mathrm h$）的四位小数可靠**：所在时刻的偏差
problem2_slove.md,723,3,3.0,ALLOW,3 h,0.0,- **表 3 / 表 4（$0.5\sim3 \mathrm h$）的四位小数可靠**：所在时刻的偏差
problem2_slove.md,724,3.8e-6,3.8e-06,ALLOW,待补: session-9 §7.3 的'表3/表4 时刻水分余量'上界 (其注册行未提供),0.0,$\le3.8e-6$，即 $<10.05%$ 阈值（按最严的 Richardson-粗 口径）。
problem2_slove.md,724,10.05,10.05,REGISTRY,UC_win_t61_600s_pct_rich,1.200e-03,$\le3.8e-6$，即 $<10.05%$ 阈值（按最严的 Richardson-粗 口径）。
problem2_slove.md,725,2,2.0,ALLOW,题面: 半径 2 cm / 通用整数,0.0,- `result2.xlsx` 中 **$t\le60 \mathrm s$ 的表面若干行**的第 4 位不可靠：
problem2_slove.md,725,60,60.0,ALLOW,附件1 采样间隔 60 s,0.0,- `result2.xlsx` 中 **$t\le60 \mathrm s$ 的表面若干行**的第 4 位不可靠：
problem2_slove.md,725,4,4.0,ALLOW,结构/常数,0.0,- `result2.xlsx` 中 **$t\le60 \mathrm s$ 的表面若干行**的第 4 位不可靠：
problem2_slove.md,726,102.58,102.58,REGISTRY,UC_win_t1_60s_pct_rich,1.333e-03,该窗口的 Richardson-粗 口径为 $102.58%$，**已超阈值**。
problem2_slove.md,727,10800,10800.0,ALLOW,题面表3/4 时间点 3 h,0.0,- 若要求全部 $10800x21$ 个值都满足四位小数，须同时加密：
problem2_slove.md,727,21,21.0,ALLOW,result2 半径列数,0.0,- 若要求全部 $10800x21$ 个值都满足四位小数，须同时加密：
problem2_slove.md,728,1,1.0,ALLOW,题面: 半径网格 1 cm,0.0,时间 $\Delta t=1/64\to1/128$ 使 err(粗) 降到约 $2.98e-5$（$59.7%$）；
problem2_slove.md,728,64,64.0,ALLOW,1/64 s 的时间步分母,0.0,时间 $\Delta t=1/64\to1/128$ 使 err(粗) 降到约 $2.98e-5$（$59.7%$）；
problem2_slove.md,728,1,1.0,ALLOW,题面: 半径网格 1 cm,0.0,时间 $\Delta t=1/64\to1/128$ 使 err(粗) 降到约 $2.98e-5$（$59.7%$）；
problem2_slove.md,728,128,128.0,ALLOW,附录3: rho 的 C 系数,0.0,时间 $\Delta t=1/64\to1/128$ 使 err(粗) 降到约 $2.98e-5$（$59.7%$）；
problem2_slove.md,728,2.98e-5,2.98e-05,REGISTRY,P02,3.872e-08,时间 $\Delta t=1/64\to1/128$ 使 err(粗) 降到约 $2.98e-5$（$59.7%$）；
problem2_slove.md,728,59.7,59.7,REGISTRY,UC_ii_Cpct,2.256e-02,时间 $\Delta t=1/64\to1/128$ 使 err(粗) 降到约 $2.98e-5$（$59.7%$）；
problem2_slove.md,729,1600,1600.0,ALLOW,网格数 M=1600,0.0,空间 $M=1600\to3200$ 使 err(粗) 降到约 $1.28e-5$（$25.6%$）。
problem2_slove.md,729,3200,3200.0,ALLOW,网格数 M=3200,0.0,空间 $M=1600\to3200$ 使 err(粗) 降到约 $1.28e-5$（$25.6%$）。
problem2_slove.md,729,1.28e-5,1.28e-05,REGISTRY,UR_eC_h,2.237e-08,空间 $M=1600\to3200$ 使 err(粗) 降到约 $1.28e-5$（$25.6%$）。
problem2_slove.md,729,25.6,25.6,REGISTRY,C_ratio_inv,7.111e-02,空间 $M=1600\to3200$ 使 err(粗) 降到约 $1.28e-5$（$25.6%$）。
problem2_slove.md,732,3.8467e-5,3.8467e-05,REGISTRY,UC_win_t1_60s_dC,0.000e+00,"> ①本节原先只报 $\max(\Delta)=3.8467e-5$ 并称""低于阈值、余量较小""。"
problem2_slove.md,735,85.32,85.32,ALLOW,[更正记录] 第一版误用 Richardson-细 得到的 '水分为阈值 85.32%',0.0,"> $85.32%$、仍低于阈值、余量 $15%$""。**这仍然是错的**——生产解 $M=1600$、"
problem2_slove.md,735,15,15.0,ALLOW,结构,0.0,"> $85.32%$、仍低于阈值、余量 $15%$""。**这仍然是错的**——生产解 $M=1600$、"
problem2_slove.md,735,1600,1600.0,ALLOW,网格数 M=1600,0.0,"> $85.32%$、仍低于阈值、余量 $15%$""。**这仍然是错的**——生产解 $M=1600$、"
problem2_slove.md,736,1,1.0,ALLOW,题面: 半径网格 1 cm,0.0,> $\Delta t=1/64$ 是粗的那一个。按正确口径，水分交付误差为 $119.35%$，**超出阈值**。
problem2_slove.md,736,64,64.0,ALLOW,1/64 s 的时间步分母,0.0,> $\Delta t=1/64$ 是粗的那一个。按正确口径，水分交付误差为 $119.35%$，**超出阈值**。
problem2_slove.md,736,119.35,119.35,REGISTRY,UC_iii_Cpct,4.879e-03,> $\Delta t=1/64$ 是粗的那一个。按正确口径，水分交付误差为 $119.35%$，**超出阈值**。
problem2_slove.md,738,1,1.0,ALLOW,题面: 半径网格 1 cm,0.0,> 该判断**成立**，本文据此更正。$\Delta t=1/64$ 下时间误差
problem2_slove.md,738,64,64.0,ALLOW,1/64 s 的时间步分母,0.0,> 该判断**成立**，本文据此更正。$\Delta t=1/64$ 下时间误差
problem2_slove.md,739,1,1.0,ALLOW,题面: 半径网格 1 cm,0.0,> $1/\Delta t$ 恰好是最粗的一环（$p=1$，粗解因子为 2），这是水分超阈的直接原因。
problem2_slove.md,739,1,1.0,ALLOW,题面: 半径网格 1 cm,0.0,> $1/\Delta t$ 恰好是最粗的一环（$p=1$，粗解因子为 2），这是水分超阈的直接原因。
problem2_slove.md,739,2,2.0,ALLOW,题面: 半径 2 cm / 通用整数,0.0,> $1/\Delta t$ 恰好是最粗的一环（$p=1$，粗解因子为 2），这是水分超阈的直接原因。
problem2_slove.md,745,28.0000,28.0,ALLOW,题面: 初温 28 degC,0.0,"| 环境/初值包络 | $[28.0000, 50.2460] ^\circ\mathrm C$ | — |"
problem2_slove.md,745,50.2460,50.246,REGISTRY,V13_Tmax,0.000e+00,"| 环境/初值包络 | $[28.0000, 50.2460] ^\circ\mathrm C$ | — |"
problem2_slove.md,746,27.9905,27.9905,REGISTRY,DV_Tmin,0.000e+00,"| 计算温度范围 | $[27.9905, 49.8888] ^\circ\mathrm C$ | — |"
problem2_slove.md,746,49.8888,49.8888,REGISTRY,DV_Tmax,0.000e+00,"| 计算温度范围 | $[27.9905, 49.8888] ^\circ\mathrm C$ | — |"
problem2_slove.md,747,49.8888,49.8888,REGISTRY,DV_Tmax,0.000e+00,"| **上界** $T\le\max(T,\max_tT_\infty)$ | $49.8888<50.2460$ | **成立** ✓ |"
problem2_slove.md,747,50.2460,50.246,REGISTRY,V13_Tmax,0.000e+00,"| **上界** $T\le\max(T,\max_tT_\infty)$ | $49.8888<50.2460$ | **成立** ✓ |"
problem2_slove.md,748,0.009500,0.0095,REGISTRY,DV_Ts_dip,7.997e-16,| **下界**经典表述 | 被穿透 $0.009500 \mathrm K$ | **不成立** ✗（见  ） |
problem2_slove.md,749,28.0000,28.0,ALLOW,题面: 初温 28 degC,0.0,| 关闭蒸发项后的下界 | $28.0000 ^\circ\mathrm C$，越界 $0.000000 \mathrm K$ | 成立 ✓ |
problem2_slove.md,749,0.000000,0.0,ALLOW,零,0.0,| 关闭蒸发项后的下界 | $28.0000 ^\circ\mathrm C$，越界 $0.000000 \mathrm K$ | 成立 ✓ |
problem2_slove.md,750,0,0.0,ALLOW,零,0.0,| 含水率单调不增 | 非单调点数 $0$ | 成立 ✓ |
problem2_slove.md,751,1.007782,1.007782,REGISTRY,P25_C_surface,9.612e-08,"| 含水率范围 | $[1.007782, 2.550000]$，环境 $[0.019636, 0.050250]$ | 在物理区间内 ✓ |"
problem2_slove.md,751,2.550000,2.55,ALLOW,题面: 初始干基含水率 2.55 kg/kg,0.0,"| 含水率范围 | $[1.007782, 2.550000]$，环境 $[0.019636, 0.050250]$ | 在物理区间内 ✓ |"
problem2_slove.md,751,0.019636,0.019636,ALLOW,附件1: C_inf 下界 (附件原始精度 5 位),0.0,"| 含水率范围 | $[1.007782, 2.550000]$，环境 $[0.019636, 0.050250]$ | 在物理区间内 ✓ |"
problem2_slove.md,751,0.050250,0.05025,ALLOW,附件1: C_inf 上界,0.0,"| 含水率范围 | $[1.007782, 2.550000]$，环境 $[0.019636, 0.050250]$ | 在物理区间内 ✓ |"
problem2_slove.md,752,2,2.0,ALLOW,题面: 半径 2 cm / 通用整数,0.0,**下界穿透的机理**（`src/q2_energy_algebra.py` §E）：$t=0$ 时 $T_R=T_\infty=28 ^\circ\mathrm C$，
problem2_slove.md,752,0,0.0,ALLOW,零,0.0,**下界穿透的机理**（`src/q2_energy_algebra.py` §E）：$t=0$ 时 $T_R=T_\infty=28 ^\circ\mathrm C$，
problem2_slove.md,752,28,28.0,ALLOW,题面: 初温 28 degC,0.0,**下界穿透的机理**（`src/q2_energy_algebra.py` §E）：$t=0$ 时 $T_R=T_\infty=28 ^\circ\mathrm C$，
problem2_slove.md,753,0,0.0,ALLOW,零,0.0,对流供热 $q=0$，而蒸发吸热
problem2_slove.md,754,4.928351,4.928351,REGISTRY,EE_qev0,4.160e-08,$q=Hh_m(C_R-C_\infty)=4.928351 \mathrm{W/m}>0$。
problem2_slove.md,754,0,0.0,ALLOW,零,0.0,$q=Hh_m(C_R-C_\infty)=4.928351 \mathrm{W/m}>0$。
problem2_slove.md,758,2,2.0,ALLOW,题面: 半径 2 cm / 通用整数,0.0,=-\frac{q}{\rho c_p(C)M^L}\Big/(2\pi)
problem2_slove.md,759,-11.8257,-11.8257,REGISTRY,EE_rate_M1600,2.287e-05,=-11.8257 \mathrm{K/s} (M=1600)$$
problem2_slove.md,759,1600,1600.0,ALLOW,网格数 M=1600,0.0,=-11.8257 \mathrm{K/s} (M=1600)$$
problem2_slove.md,761,10,10.0,ALLOW,结构,0.0,实测：表面温度在 $t=10 \mathrm s$ 降到 $27.9905 ^\circ\mathrm C$（比初温低
problem2_slove.md,761,27.9905,27.9905,REGISTRY,DV_Tmin,0.000e+00,实测：表面温度在 $t=10 \mathrm s$ 降到 $27.9905 ^\circ\mathrm C$（比初温低
problem2_slove.md,762,0.009500,0.0095,REGISTRY,DV_Ts_dip,7.997e-16,$0.009500 \mathrm K$），$t=34 \mathrm s$ 回升到 $28 ^\circ\mathrm C$ 之上；
problem2_slove.md,762,34,34.0,REGISTRY,DV_Ts_recross,0.000e+00,$0.009500 \mathrm K$），$t=34 \mathrm s$ 回升到 $28 ^\circ\mathrm C$ 之上；
problem2_slove.md,762,28,28.0,ALLOW,题面: 初温 28 degC,0.0,$0.009500 \mathrm K$），$t=34 \mathrm s$ 回升到 $28 ^\circ\mathrm C$ 之上；
problem2_slove.md,763,28.000000,28.0,ALLOW,题面: 初温 28 degC,0.0,这段时间内中心温度仍为 $28.000000 ^\circ\mathrm C$。三个数字互相印证。
problem2_slove.md,765,1,1.0,ALLOW,题面: 半径网格 1 cm,0.0,**温度的时间非单调性另有一个来源：附件 1 的环境温度本身含噪声。**
problem2_slove.md,766,0,0.0,ALLOW,零,0.0,在 $0\sim10800 \mathrm s$ 内 $T_\infty$ 有 66/180 个采样步是下降的，峰值
problem2_slove.md,766,10800,10800.0,ALLOW,题面表3/4 时间点 3 h,0.0,在 $0\sim10800 \mathrm s$ 内 $T_\infty$ 有 66/180 个采样步是下降的，峰值
problem2_slove.md,766,66,66.0,ALLOW,session-1 正特征值个数,0.0,在 $0\sim10800 \mathrm s$ 内 $T_\infty$ 有 66/180 个采样步是下降的，峰值
problem2_slove.md,766,180,180.0,ALLOW,0~10800 s 内 60 s 采样步数,0.0,在 $0\sim10800 \mathrm s$ 内 $T_\infty$ 有 66/180 个采样步是下降的，峰值
problem2_slove.md,767,50.2460,50.246,REGISTRY,V13_Tmax,0.000e+00,$50.2460 ^\circ\mathrm C$ 出现在 $t=10620 \mathrm s$。计算温度如实跟随该噪声：
problem2_slove.md,767,10620,10620.0,REGISTRY,V13_Tpeak_t,0.000e+00,$50.2460 ^\circ\mathrm C$ 出现在 $t=10620 \mathrm s$。计算温度如实跟随该噪声：
problem2_slove.md,769,0,0.0,ALLOW,零,0.0,| 半径 | $0$ | $0.5$ | $1.0$ | $1.5$ | $1.9$ | $2.0 \mathrm{cm}$ |
problem2_slove.md,769,0.5,0.5,ALLOW,题面: 半径网格 0.5 cm,0.0,| 半径 | $0$ | $0.5$ | $1.0$ | $1.5$ | $1.9$ | $2.0 \mathrm{cm}$ |
problem2_slove.md,769,1.0,1.0,ALLOW,题面: 半径网格 1 cm,0.0,| 半径 | $0$ | $0.5$ | $1.0$ | $1.5$ | $1.9$ | $2.0 \mathrm{cm}$ |
problem2_slove.md,769,1.5,1.5,ALLOW,题面: 半径网格 1.5 cm,0.0,| 半径 | $0$ | $0.5$ | $1.0$ | $1.5$ | $1.9$ | $2.0 \mathrm{cm}$ |
problem2_slove.md,769,1.9,1.9,REGISTRY,T4_h2.5_r0.5,2.422e-03,| 半径 | $0$ | $0.5$ | $1.0$ | $1.5$ | $1.9$ | $2.0 \mathrm{cm}$ |
problem2_slove.md,769,2.0,2.0,ALLOW,题面: 半径 2 cm / 通用整数,0.0,| 半径 | $0$ | $0.5$ | $1.0$ | $1.5$ | $1.9$ | $2.0 \mathrm{cm}$ |
problem2_slove.md,771,0,0.0,ALLOW,零,0.0,| 时间方向下降点数 | 0 | 0 | 0 | 72 | 632 | 800 |
problem2_slove.md,771,0,0.0,ALLOW,零,0.0,| 时间方向下降点数 | 0 | 0 | 0 | 72 | 632 | 800 |
problem2_slove.md,771,0,0.0,ALLOW,零,0.0,| 时间方向下降点数 | 0 | 0 | 0 | 72 | 632 | 800 |
problem2_slove.md,771,72,72.0,REGISTRY,DV_nmono_j15,0.000e+00,| 时间方向下降点数 | 0 | 0 | 0 | 72 | 632 | 800 |
problem2_slove.md,771,632,632.0,REGISTRY,DV_nmono_j19,0.000e+00,| 时间方向下降点数 | 0 | 0 | 0 | 72 | 632 | 800 |
problem2_slove.md,771,800,800.0,ALLOW,网格数 M=800,0.0,| 时间方向下降点数 | 0 | 0 | 0 | 72 | 632 | 800 |
problem2_slove.md,773,1.5,1.5,ALLOW,题面: 半径网格 1.5 cm,0.0,外层（$r\ge1.5 \mathrm{cm}$）合计 2417 点，内层（$r\le1.0 \mathrm{cm}$）合计 **0** 点
problem2_slove.md,773,2417,2417.0,REGISTRY,DV_nmono_outer,0.000e+00,外层（$r\ge1.5 \mathrm{cm}$）合计 2417 点，内层（$r\le1.0 \mathrm{cm}$）合计 **0** 点
problem2_slove.md,773,1.0,1.0,ALLOW,题面: 半径网格 1 cm,0.0,外层（$r\ge1.5 \mathrm{cm}$）合计 2417 点，内层（$r\le1.0 \mathrm{cm}$）合计 **0** 点
problem2_slove.md,773,0,0.0,ALLOW,零,0.0,外层（$r\ge1.5 \mathrm{cm}$）合计 2417 点，内层（$r\le1.0 \mathrm{cm}$）合计 **0** 点
problem2_slove.md,775,1,1.0,ALLOW,题面: 半径网格 1 cm,0.0,也说明问题一的结论（附件 1 的水分序列含噪）在温度序列上同样存在。
problem2_slove.md,778,-1e-4,-0.0001,REGISTRY,EV_dCdt,8.030e-06,> $\Delta T<-1e-4 \mathrm K$ 的点数（`src/q2_derive.py` 的 `DV_nmono_j*`），
problem2_slove.md,778,2,2.0,ALLOW,题面: 半径 2 cm / 通用整数,0.0,> $\Delta T<-1e-4 \mathrm K$ 的点数（`src/q2_derive.py` 的 `DV_nmono_j*`），
problem2_slove.md,779,1e-5,1e-05,ALLOW,量级,0.0,> 即已滤掉 $1e-5 \mathrm K$ 量级以下的舍入抖动。**若把阈值放到任意小的负值**
problem2_slove.md,780,-1e-9,-1e-09,REGISTRY,P00_rtol|abs,0.000e+00,> （例如 $-1e-9$），内层（$r\le1.0 \mathrm{cm}$）不再是 $0$ 而是 $10$ 点。
problem2_slove.md,780,1.0,1.0,ALLOW,题面: 半径网格 1 cm,0.0,> （例如 $-1e-9$），内层（$r\le1.0 \mathrm{cm}$）不再是 $0$ 而是 $10$ 点。
problem2_slove.md,780,0,0.0,ALLOW,零,0.0,> （例如 $-1e-9$），内层（$r\le1.0 \mathrm{cm}$）不再是 $0$ 而是 $10$ 点。
problem2_slove.md,780,10,10.0,ALLOW,结构,0.0,> （例如 $-1e-9$），内层（$r\le1.0 \mathrm{cm}$）不再是 $0$ 而是 $10$ 点。
problem2_slove.md,781,10,10.0,ALLOW,结构,0.0,> 这 $10$ 点的幅度在 $1e-5 \mathrm K$ 量级，与本节   的生产不确定度
problem2_slove.md,781,1e-5,1e-05,ALLOW,量级,0.0,> 这 $10$ 点的幅度在 $1e-5 \mathrm K$ 量级，与本节   的生产不确定度
problem2_slove.md,782,1.3808e-5,1.3808e-05,REGISTRY,P01,3.100e-10,> （温度 $1.3808e-5 \mathrm K$）同量级，因此**不可解释为物理信号**，
problem2_slove.md,783,1e-4,0.0001,ALLOW,量级,0.0,> 只是离散误差在环境噪声输入下的残余。本文选择 $1e-4 \mathrm K$ 作为
problem2_slove.md,790,400,400.0,ALLOW,网格数 M=400,0.0,| 水量收支 $\lvert\Delta W+F_w\rvert/\lvert F_w\rvert$（$M=400$，$\Delta t=1/16$） | $7.009e-13$ 
problem2_slove.md,790,1,1.0,ALLOW,题面: 半径网格 1 cm,0.0,| 水量收支 $\lvert\Delta W+F_w\rvert/\lvert F_w\rvert$（$M=400$，$\Delta t=1/16$） | $7.009e-13$ 
problem2_slove.md,790,16,16.0,ALLOW,1/16 s 的时间步分母,0.0,| 水量收支 $\lvert\Delta W+F_w\rvert/\lvert F_w\rvert$（$M=400$，$\Delta t=1/16$） | $7.009e-13$ 
problem2_slove.md,790,7.009e-13,7.009e-13,REGISTRY,V5_Wres,2.654e-17,| 水量收支 $\lvert\Delta W+F_w\rvert/\lvert F_w\rvert$（$M=400$，$\Delta t=1/16$） | $7.009e-13$ 
problem2_slove.md,791,1600,1600.0,ALLOW,网格数 M=1600,0.0,| 水量收支（生产解 $M=1600$，$\Delta t=1/64$） | $9.966e-14$ |
problem2_slove.md,791,1,1.0,ALLOW,题面: 半径网格 1 cm,0.0,| 水量收支（生产解 $M=1600$，$\Delta t=1/64$） | $9.966e-14$ |
problem2_slove.md,791,64,64.0,ALLOW,1/64 s 的时间步分母,0.0,| 水量收支（生产解 $M=1600$，$\Delta t=1/64$） | $9.966e-14$ |
problem2_slove.md,791,9.966e-14,9.966e-14,REGISTRY,P29_Wres,2.961e-18,| 水量收支（生产解 $M=1600$，$\Delta t=1/64$） | $9.966e-14$ |
problem2_slove.md,792,5.2156e4,52156.0,REGISTRY,V5_Edft,4.567e-01,| 热量收支缺口 $\lvert\Delta E+F_h\rvert$（**非保守形式**） | $5.2156e4$（per $2\pi$，J/m） |
problem2_slove.md,792,2,2.0,ALLOW,题面: 半径 2 cm / 通用整数,0.0,| 热量收支缺口 $\lvert\Delta E+F_h\rvert$（**非保守形式**） | $5.2156e4$（per $2\pi$，J/m） |
problem2_slove.md,793,2.8624e-8,2.8624e-08,REGISTRY,V11_Edef_c,3.827e-13,| 热量收支缺口（**守恒形式**） | $2.8624e-8$ |
problem2_slove.md,803,2.8624e-8,2.8624e-08,REGISTRY,V11_Edef_c,3.827e-13,$2.8624e-8$）恰恰**因为把这一项错误地重复计入**才显得守恒——其代价是温度场
problem2_slove.md,804,17.27,17.27,REGISTRY,V11_dT,4.457e-03,"错 17.27 K（ ）。这正是""守恒性检验不能替代模型正确性检验""的例子。"
problem2_slove.md,810,0,0.0,ALLOW,零,0.0,"| 形式 | $T(0,10800 \mathrm s)$ / °C | $\max\lvert\Delta T\rvert$ / K | 热量收支缺口 |"
problem2_slove.md,810,10800,10800.0,ALLOW,题面表3/4 时间点 3 h,0.0,"| 形式 | $T(0,10800 \mathrm s)$ / °C | $\max\lvert\Delta T\rvert$ / K | 热量收支缺口 |"
problem2_slove.md,812,49.7685,49.7685,REGISTRY,V11_Tc_nc,4.605e-06,| $\rho c_p\partial_tT$（**采用**） | $49.7685$ | — | $5.2156e4$ |
problem2_slove.md,812,5.2156e4,52156.0,REGISTRY,V5_Edft,4.567e-01,| $\rho c_p\partial_tT$（**采用**） | $49.7685$ | — | $5.2156e4$ |
problem2_slove.md,813,64.5646,64.5646,REGISTRY,V11_Tc_c,2.749e-05,| $\partial_t(\rho c_pT)$ | $64.5646$ | **17.2745** | $2.8624e-8$ |
problem2_slove.md,813,17.2745,17.2745,REGISTRY,V11_dT,4.283e-05,| $\partial_t(\rho c_pT)$ | $64.5646$ | **17.2745** | $2.8624e-8$ |
problem2_slove.md,813,2.8624e-8,2.8624e-08,REGISTRY,V11_Edef_c,3.827e-13,| $\partial_t(\rho c_pT)$ | $64.5646$ | **17.2745** | $2.8624e-8$ |
problem2_slove.md,815,17.27,17.27,REGISTRY,V11_dT,4.457e-03,两者相差 17.27 K（$\max\lvert\Delta C\rvert=0.2346$ kg/kg）。**这不是数值误差，而是
problem2_slove.md,815,0.2346,0.2346,REGISTRY,V11_dC,2.638e-05,两者相差 17.27 K（$\max\lvert\Delta C\rvert=0.2346$ kg/kg）。**这不是数值误差，而是
problem2_slove.md,816,2,2.0,ALLOW,题面: 半径 2 cm / 通用整数,0.0,模型选择**：见   的推导与 `q2_energy_algebra.py`。
problem2_slove.md,822,10800,10800.0,ALLOW,题面表3/4 时间点 3 h,0.0,"| $T(R,10800 \mathrm s)$ / °C | $49.8888$ | $49.9666$ | $-0.0778$ |"
problem2_slove.md,822,49.8888,49.8888,REGISTRY,DV_Tmax,0.000e+00,"| $T(R,10800 \mathrm s)$ / °C | $49.8888$ | $49.9666$ | $-0.0778$ |"
problem2_slove.md,822,49.9666,49.9666,REGISTRY,V9_s_hoff_TR,3.558e-05,"| $T(R,10800 \mathrm s)$ / °C | $49.8888$ | $49.9666$ | $-0.0778$ |"
problem2_slove.md,822,-0.0778,-0.0778,REGISTRY,V8_TR_diff,6.063e-05,"| $T(R,10800 \mathrm s)$ / °C | $49.8888$ | $49.9666$ | $-0.0778$ |"
problem2_slove.md,823,0,0.0,ALLOW,零,0.0,| $\max\lvert\Delta T\rvert$ over $0\sim3 \mathrm h$ | — | — | $0.108180$ |
problem2_slove.md,823,3,3.0,ALLOW,3 h,0.0,| $\max\lvert\Delta T\rvert$ over $0\sim3 \mathrm h$ | — | — | $0.108180$ |
problem2_slove.md,823,0.108180,0.10818,REGISTRY,V8_maxdT,8.456e-08,| $\max\lvert\Delta T\rvert$ over $0\sim3 \mathrm h$ | — | — | $0.108180$ |
problem2_slove.md,824,0.002007,0.002007,REGISTRY,V8_maxdC,4.500e-07,| $\max\lvert\Delta C\rvert$ / (kg/kg) | — | — | $0.002007$ |
problem2_slove.md,826,3477,3477.0,REGISTRY,V8_dTmax_t,0.000e+00,表面温度差的最大值出现在 $t=3477 \mathrm s$。解析估计
problem2_slove.md,827,0.195337,0.195337,REGISTRY,V8_dTR_ana,2.774e-07,$\Delta T_R\sim q/h=0.195337 \mathrm K$（ ），数值结果
problem2_slove.md,828,0.108180,0.10818,REGISTRY,V8_maxdT,8.456e-08,$0.108180 \mathrm K$ 与之**同量级**（实际值偏小，因为内部的导热补给分担了一部分）。
problem2_slove.md,831,0,0.0,ALLOW,零,0.0,**(c) 边界积分口径（$r=0$ 的集中质量弱点）**
problem2_slove.md,833,800,800.0,ALLOW,网格数 M=800,0.0,对**非线性的生产问题**（$M=800$，$\Delta t=1/16 \mathrm s$）：
problem2_slove.md,833,1,1.0,ALLOW,题面: 半径网格 1 cm,0.0,对**非线性的生产问题**（$M=800$，$\Delta t=1/16 \mathrm s$）：
problem2_slove.md,833,16,16.0,ALLOW,1/16 s 的时间步分母,0.0,对**非线性的生产问题**（$M=800$，$\Delta t=1/16 \mathrm s$）：
problem2_slove.md,835,7.0274e-6,7.0274e-06,REGISTRY,CN_prod_dT,3.228e-12,"$$\max\lvert\Delta T\rvert=7.0274e-6 \mathrm K,"
problem2_slove.md,836,2.0054e-6,2.0054e-06,REGISTRY,CN_prod_dC,2.713e-11,\max\lvert\Delta C\rvert=2.0054e-6 \mathrm{kg/kg}$$
problem2_slove.md,838,1.3808e-5,1.3808e-05,REGISTRY,P01,3.100e-10,两种口径的差别比生产不确定度（$1.3808e-5 \mathrm K$）还小，
problem2_slove.md,839,0,0.0,ALLOW,零,0.0,故**四位小数报告对 $r=0$ 的口径选择是稳健的**。对常数系数问题与 Bessel 解对比
problem2_slove.md,840,2,2.0,ALLOW,题面: 半径 2 cm / 通用整数,0.0,（`src/q2_center_node.py`）进一步确认：集中质量的误差始终集中在 $r=0$，
problem2_slove.md,840,0,0.0,ALLOW,零,0.0,（`src/q2_center_node.py`）进一步确认：集中质量的误差始终集中在 $r=0$，
problem2_slove.md,841,3.4,3.4,REGISTRY,HT_T300_r1.0,2.000e-02,收敛比约 3.4（略低于 2 阶），$M=800$ 时为 $2.1737e-5 \mathrm K$；
problem2_slove.md,841,2,2.0,ALLOW,题面: 半径 2 cm / 通用整数,0.0,收敛比约 3.4（略低于 2 阶），$M=800$ 时为 $2.1737e-5 \mathrm K$；
problem2_slove.md,841,800,800.0,ALLOW,网格数 M=800,0.0,收敛比约 3.4（略低于 2 阶），$M=800$ 时为 $2.1737e-5 \mathrm K$；
problem2_slove.md,841,2.1737e-5,2.1737e-05,REGISTRY,CN_lumped_M800,1.395e-10,收敛比约 3.4（略低于 2 阶），$M=800$ 时为 $2.1737e-5 \mathrm K$；
problem2_slove.md,842,8.0720e-6,8.072e-06,REGISTRY,CN_halfcv_M800,4.984e-11,`halfcv` 口径在同网格为 $8.0720e-6 \mathrm K$。
problem2_slove.md,846,1.0072e-5,1.0072e-05,REGISTRY,V7_T,3.715e-10,"$$\max\lvert\Delta T\rvert=1.0072e-5 \mathrm K,"
problem2_slove.md,847,3.3618e-6,3.3618e-06,REGISTRY,V7_C,4.777e-11,\max\lvert\Delta C\rvert=3.3618e-6 \mathrm{kg/kg}$$
problem2_slove.md,849,3.000,3.0,ALLOW,3 h,0.0,迭代次数：严格 Newton $3.000$ 次，Picard $1.000$ 次。**两者最终解一致到
problem2_slove.md,849,1.000,1.0,ALLOW,题面: 半径网格 1 cm,0.0,迭代次数：严格 Newton $3.000$ 次，Picard $1.000$ 次。**两者最终解一致到
problem2_slove.md,850,1e-5,1e-05,ALLOW,量级,0.0,$1e-5 \mathrm K$**，说明本题的非线性在本网格/时间步下很温和；
problem2_slove.md,851,3,3.0,ALLOW,3 h,0.0,但严格 Newton 的迭代次数极少（3 次即二次收敛），故仍以严格 Newton 为生产方案。
problem2_slove.md,853,400,400.0,ALLOW,网格数 M=400,0.0,**(e) Newton 迭代统计（$M=400$，$\Delta t=1/16 \mathrm s$，172800 步）**
problem2_slove.md,853,1,1.0,ALLOW,题面: 半径网格 1 cm,0.0,**(e) Newton 迭代统计（$M=400$，$\Delta t=1/16 \mathrm s$，172800 步）**
problem2_slove.md,853,16,16.0,ALLOW,1/16 s 的时间步分母,0.0,**(e) Newton 迭代统计（$M=400$，$\Delta t=1/16 \mathrm s$，172800 步）**
problem2_slove.md,853,172800,172800.0,ALLOW,步数 = 10800/0.0625,0.0,**(e) Newton 迭代统计（$M=400$，$\Delta t=1/16 \mathrm s$，172800 步）**
problem2_slove.md,857,3.000,3.0,ALLOW,3 h,0.0,| 平均迭代次数 | $3.000$ |
problem2_slove.md,858,4,4.0,ALLOW,结构/常数,0.0,| 最大 / 最小 | $4$ / $3$ |
problem2_slove.md,858,3,3.0,ALLOW,3 h,0.0,| 最大 / 最小 | $4$ / $3$ |
problem2_slove.md,859,6,6.0,ALLOW,结构: 表格行数,0.0,| 迭代次数 $>6$ 的步数 | $0$ |
problem2_slove.md,859,0,0.0,ALLOW,零,0.0,| 迭代次数 $>6$ 的步数 | $0$ |
problem2_slove.md,861,2,2.0,ALLOW,题面: 半径 2 cm / 通用整数,0.0,与 `problem2.md`   的预期（3–6 次）一致。
problem2_slove.md,861,3,3.0,ALLOW,3 h,0.0,与 `problem2.md`   的预期（3–6 次）一致。
problem2_slove.md,861,6,6.0,ALLOW,结构: 表格行数,0.0,与 `problem2.md`   的预期（3–6 次）一致。
problem2_slove.md,865,0,0.0,ALLOW,零,0.0,问题一与问题二在 $0\sim1800 \mathrm s$ 使用**不同的物性经验式**，结果**本不应相同**。
problem2_slove.md,865,1800,1800.0,ALLOW,题面表1/2 时间点 / 阶段时长,0.0,问题一与问题二在 $0\sim1800 \mathrm s$ 使用**不同的物性经验式**，结果**本不应相同**。
problem2_slove.md,867,2,2.0,ALLOW,题面: 半径 2 cm / 通用整数,0.0,（`src/q2_app2_vs_app3.py`，$M=400$，$\Delta t=1/64 \mathrm s$）。
problem2_slove.md,867,2,2.0,ALLOW,题面: 半径 2 cm / 通用整数,0.0,（`src/q2_app2_vs_app3.py`，$M=400$，$\Delta t=1/64 \mathrm s$）。
problem2_slove.md,867,3,3.0,ALLOW,3 h,0.0,（`src/q2_app2_vs_app3.py`，$M=400$，$\Delta t=1/64 \mathrm s$）。
problem2_slove.md,867,400,400.0,ALLOW,网格数 M=400,0.0,（`src/q2_app2_vs_app3.py`，$M=400$，$\Delta t=1/64 \mathrm s$）。
problem2_slove.md,867,1,1.0,ALLOW,题面: 半径网格 1 cm,0.0,（`src/q2_app2_vs_app3.py`，$M=400$，$\Delta t=1/64 \mathrm s$）。
problem2_slove.md,867,64,64.0,ALLOW,1/64 s 的时间步分母,0.0,（`src/q2_app2_vs_app3.py`，$M=400$，$\Delta t=1/64 \mathrm s$）。
problem2_slove.md,869,3,3.0,ALLOW,3 h,0.0,| 量 | 附录 3（问题二） | 附录 2（问题一） | 差 |
problem2_slove.md,869,2,2.0,ALLOW,题面: 半径 2 cm / 通用整数,0.0,| 量 | 附录 3（问题二） | 附录 2（问题一） | 差 |
problem2_slove.md,871,0,0.0,ALLOW,零,0.0,"| $T(r=0,1800 \mathrm s)$ / °C | $32.1056$ | $33.4771$ | $-1.3715$ |"
problem2_slove.md,871,1800,1800.0,ALLOW,题面表1/2 时间点 / 阶段时长,0.0,"| $T(r=0,1800 \mathrm s)$ / °C | $32.1056$ | $33.4771$ | $-1.3715$ |"
problem2_slove.md,871,32.1056,32.1056,REGISTRY,V6_T0_a3,1.135e-05,"| $T(r=0,1800 \mathrm s)$ / °C | $32.1056$ | $33.4771$ | $-1.3715$ |"
problem2_slove.md,871,33.4771,33.4771,REGISTRY,V6_T0_a2,1.723e-05,"| $T(r=0,1800 \mathrm s)$ / °C | $32.1056$ | $33.4771$ | $-1.3715$ |"
problem2_slove.md,871,-1.3715,-1.3715,REGISTRY,V6_T0_diff,5.877e-06,"| $T(r=0,1800 \mathrm s)$ / °C | $32.1056$ | $33.4771$ | $-1.3715$ |"
problem2_slove.md,872,1800,1800.0,ALLOW,题面表1/2 时间点 / 阶段时长,0.0,"| $T(r=R,1800 \mathrm s)$ / °C | $35.3131$ | $36.6794$ | $-1.3663$ |"
problem2_slove.md,872,35.3131,35.3131,REGISTRY,T3_h0.5_r2,3.283e-06,"| $T(r=R,1800 \mathrm s)$ / °C | $35.3131$ | $36.6794$ | $-1.3663$ |"
problem2_slove.md,872,36.6794,36.6794,REGISTRY,AB_Tr=R_a2,4.052e-05,"| $T(r=R,1800 \mathrm s)$ / °C | $35.3131$ | $36.6794$ | $-1.3663$ |"
problem2_slove.md,872,-1.3663,-1.3663,REGISTRY,V6_TR_diff,4.627e-05,"| $T(r=R,1800 \mathrm s)$ / °C | $35.3131$ | $36.6794$ | $-1.3663$ |"
problem2_slove.md,873,0,0.0,ALLOW,零,0.0,"| $C(r=0,1800 \mathrm s)$ / (kg/kg) | $2.549936$ | $2.549992$ | $-0.000057$ |"
problem2_slove.md,873,1800,1800.0,ALLOW,题面表1/2 时间点 / 阶段时长,0.0,"| $C(r=0,1800 \mathrm s)$ / (kg/kg) | $2.549936$ | $2.549992$ | $-0.000057$ |"
problem2_slove.md,873,2.549936,2.549936,REGISTRY,T4_h0.5_r0,3.668e-07,"| $C(r=0,1800 \mathrm s)$ / (kg/kg) | $2.549936$ | $2.549992$ | $-0.000057$ |"
problem2_slove.md,873,2.549992,2.549992,ALLOW,session-3 对照值,0.0,"| $C(r=0,1800 \mathrm s)$ / (kg/kg) | $2.549936$ | $2.549992$ | $-0.000057$ |"
problem2_slove.md,873,-0.000057,-5.7e-05,REGISTRY,?,1.655e-07,"| $C(r=0,1800 \mathrm s)$ / (kg/kg) | $2.549936$ | $2.549992$ | $-0.000057$ |"
problem2_slove.md,874,1800,1800.0,ALLOW,题面表1/2 时间点 / 阶段时长,0.0,"| $C(r=R,1800 \mathrm s)$ / (kg/kg) | $1.647514$ | $1.510239$ | $+0.137275$ |"
problem2_slove.md,874,1.647514,1.647514,REGISTRY,AB_Cr=R_a3,1.864e-07,"| $C(r=R,1800 \mathrm s)$ / (kg/kg) | $1.647514$ | $1.510239$ | $+0.137275$ |"
problem2_slove.md,874,1.510239,1.510239,REGISTRY,V6_CR_a2,3.568e-07,"| $C(r=R,1800 \mathrm s)$ / (kg/kg) | $1.647514$ | $1.510239$ | $+0.137275$ |"
problem2_slove.md,874,0.137275,0.137275,REGISTRY,V6_maxdC,1.704e-07,"| $C(r=R,1800 \mathrm s)$ / (kg/kg) | $1.647514$ | $1.510239$ | $+0.137275$ |"
problem2_slove.md,875,1.391422,1.391422,REGISTRY,V6_maxdT,3.463e-07,| 全时段 $\max\lvert\Delta T\rvert$ / K | — | — | $1.391422$ |
problem2_slove.md,876,0.137275,0.137275,REGISTRY,V6_maxdC,1.704e-07,| 全时段 $\max\lvert\Delta C\rvert$ / (kg/kg) | — | — | $0.137275$ |
problem2_slove.md,880,2.55,2.55,ALLOW,题面: 初始干基含水率 2.55 kg/kg,0.0,| 物性（$C=2.55$） | 附录 3 | 附录 2 | 相对差 |
problem2_slove.md,880,3,3.0,ALLOW,3 h,0.0,| 物性（$C=2.55$） | 附录 3 | 附录 2 | 相对差 |
problem2_slove.md,880,2,2.0,ALLOW,题面: 半径 2 cm / 通用整数,0.0,| 物性（$C=2.55$） | 附录 3 | 附录 2 | 相对差 |
problem2_slove.md,882,976.40,976.4,ALLOW,"附录3 rho(2.55), 见注册表 A_rho_2.55",0.0,| $\rho$ / (kg/m³) | $976.40$ | $820.00$ | $+19.07%$ |
problem2_slove.md,882,820.00,820.0,ALLOW,附录2: 密度,0.0,| $\rho$ / (kg/m³) | $976.40$ | $820.00$ | $+19.07%$ |
problem2_slove.md,882,19.07,19.07,REGISTRY,FG_loss_3600,1.118e-03,| $\rho$ / (kg/m³) | $976.40$ | $820.00$ | $+19.07%$ |
problem2_slove.md,883,3415.30,3415.3,REGISTRY,A_cp_2.55,4.225e-03,| $c_p$ / (J/(kg·K)) | $3415.30$ | $2600.00$ | $+31.36%$ |
problem2_slove.md,883,2600.00,2600.0,ALLOW,附录2: 比热容,0.0,| $c_p$ / (J/(kg·K)) | $3415.30$ | $2600.00$ | $+31.36%$ |
problem2_slove.md,883,31.36,31.36,REGISTRY,AB_pdiff_cp,2.470e-03,| $c_p$ / (J/(kg·K)) | $3415.30$ | $2600.00$ | $+31.36%$ |
problem2_slove.md,884,0.48296,0.48296,ALLOW,"附录3 k(2.55), 见注册表 A_k_2.55",0.0,| $k$ / (W/(m·K)) | $0.48296$ | $0.36000$ | $+34.15%$ |
problem2_slove.md,884,0.36000,0.36,ALLOW,附录2: 热传导系数,0.0,| $k$ / (W/(m·K)) | $0.48296$ | $0.36000$ | $+34.15%$ |
problem2_slove.md,884,34.15,34.15,REGISTRY,AB_pdiff_k,4.930e-03,| $k$ / (W/(m·K)) | $0.48296$ | $0.36000$ | $+34.15%$ |
problem2_slove.md,885,3334694.8,3334694.8,REGISTRY,A_rcp_2.55,5.634e-03,| $\rho c_p$ / (J/(m³·K)) | $3334694.8$ | $2132000.0$ | $+56.41%$ |
problem2_slove.md,885,2132000.0,2132000.0,REGISTRY,AB_p2_rcp,0.000e+00,| $\rho c_p$ / (J/(m³·K)) | $3334694.8$ | $2132000.0$ | $+56.41%$ |
problem2_slove.md,885,56.41,56.41,REGISTRY,AB_pdiff_rcp,1.576e-03,| $\rho c_p$ / (J/(m³·K)) | $3334694.8$ | $2132000.0$ | $+56.41%$ |
problem2_slove.md,886,1.4483e-7,1.4483e-07,REGISTRY,?,1.829e-12,| $\alpha$ / (m²/s) | $1.4483e-7$ | $1.6886e-7$ | $-14.23%$ |
problem2_slove.md,886,1.6886e-7,1.6886e-07,REGISTRY,?,4.465e-12,| $\alpha$ / (m²/s) | $1.4483e-7$ | $1.6886e-7$ | $-14.23%$ |
problem2_slove.md,886,-14.23,-14.23,REGISTRY,AB_pdiff_alpha,4.610e-04,| $\alpha$ / (m²/s) | $1.4483e-7$ | $1.6886e-7$ | $-14.23%$ |
problem2_slove.md,888,1,1.0,ALLOW,题面: 半径网格 1 cm,0.0,1. 附录 3 的 $\rho c_p$ 大 $56.41%$ 而 $k$ 只大 $34.15%$，故热扩散率 $\alpha$
problem2_slove.md,888,3,3.0,ALLOW,3 h,0.0,1. 附录 3 的 $\rho c_p$ 大 $56.41%$ 而 $k$ 只大 $34.15%$，故热扩散率 $\alpha$
problem2_slove.md,888,56.41,56.41,REGISTRY,AB_pdiff_rcp,1.576e-03,1. 附录 3 的 $\rho c_p$ 大 $56.41%$ 而 $k$ 只大 $34.15%$，故热扩散率 $\alpha$
problem2_slove.md,888,34.15,34.15,REGISTRY,AB_pdiff_k,4.930e-03,1. 附录 3 的 $\rho c_p$ 大 $56.41%$ 而 $k$ 只大 $34.15%$，故热扩散率 $\alpha$
problem2_slove.md,889,14.23,14.23,REGISTRY,AB_pdiff_abs_alpha,4.610e-04,反而**小 $14.23%$**——附录 3 升温更慢，与 $T(r=0)$ 低 $1.3715 \mathrm K$ 一致。
problem2_slove.md,889,3,3.0,ALLOW,3 h,0.0,反而**小 $14.23%$**——附录 3 升温更慢，与 $T(r=0)$ 低 $1.3715 \mathrm K$ 一致。
problem2_slove.md,889,0,0.0,ALLOW,零,0.0,反而**小 $14.23%$**——附录 3 升温更慢，与 $T(r=0)$ 低 $1.3715 \mathrm K$ 一致。
problem2_slove.md,889,1.3715,1.3715,REGISTRY,V6_T0_diff_abs,5.877e-06,反而**小 $14.23%$**——附录 3 升温更慢，与 $T(r=0)$ 低 $1.3715 \mathrm K$ 一致。
problem2_slove.md,890,2,2.0,ALLOW,题面: 半径 2 cm / 通用整数,0.0,2. 附录 3 的 $D$ 处处比附录 2 大 $1.14\sim2.52$ 倍（$C=2.55$、$28 ^\circ\mathrm C$ 时
problem2_slove.md,890,3,3.0,ALLOW,3 h,0.0,2. 附录 3 的 $D$ 处处比附录 2 大 $1.14\sim2.52$ 倍（$C=2.55$、$28 ^\circ\mathrm C$ 时
problem2_slove.md,890,2,2.0,ALLOW,题面: 半径 2 cm / 通用整数,0.0,2. 附录 3 的 $D$ 处处比附录 2 大 $1.14\sim2.52$ 倍（$C=2.55$、$28 ^\circ\mathrm C$ 时
problem2_slove.md,890,1.14,1.14,REGISTRY,CN_halfcv_ratio_M800,1.292e-03,2. 附录 3 的 $D$ 处处比附录 2 大 $1.14\sim2.52$ 倍（$C=2.55$、$28 ^\circ\mathrm C$ 时
problem2_slove.md,890,2.52,2.52,REGISTRY,MD_CR1_M800,2.360e-05,2. 附录 3 的 $D$ 处处比附录 2 大 $1.14\sim2.52$ 倍（$C=2.55$、$28 ^\circ\mathrm C$ 时
problem2_slove.md,890,2.55,2.55,ALLOW,题面: 初始干基含水率 2.55 kg/kg,0.0,2. 附录 3 的 $D$ 处处比附录 2 大 $1.14\sim2.52$ 倍（$C=2.55$、$28 ^\circ\mathrm C$ 时
problem2_slove.md,890,28,28.0,ALLOW,题面: 初温 28 degC,0.0,2. 附录 3 的 $D$ 处处比附录 2 大 $1.14\sim2.52$ 倍（$C=2.55$、$28 ^\circ\mathrm C$ 时
problem2_slove.md,891,5.6417e-9,5.6417e-09,REGISTRY,B_D_2.55_28,1.963e-14,$5.6417e-9$ vs $4.9377e-9$），故 3 h 内**失水更多**：
problem2_slove.md,891,4.9377e-9,4.9377e-09,REGISTRY,AB_D2_2.55_28,4.491e-14,$5.6417e-9$ vs $4.9377e-9$），故 3 h 内**失水更多**：
problem2_slove.md,891,3,3.0,ALLOW,3 h,0.0,$5.6417e-9$ vs $4.9377e-9$），故 3 h 内**失水更多**：
problem2_slove.md,892,10.4806,10.4806,REGISTRY,AB_loss_app3,1.490e-05,$10.4806%$ vs $10.0567%$。
problem2_slove.md,892,10.0567,10.0567,REGISTRY,AB_loss_app2,6.145e-06,$10.4806%$ vs $10.0567%$。
problem2_slove.md,893,3,3.0,ALLOW,3 h,0.0,3. 但 $D$ 更大使内部向表面的补给更强，径向剖面被**抹平**（水分跨距之比
problem2_slove.md,894,0.8679,0.8679,REGISTRY,AB_Cspan_ratio,1.898e-05,$0.8679$，即平坦 $13.21%$），故表面含水率反而**更高**
problem2_slove.md,894,13.21,13.21,REGISTRY,W11_C_ax_1cm,2.424e-05,$0.8679$，即平坦 $13.21%$），故表面含水率反而**更高**
problem2_slove.md,895,1.647514,1.647514,REGISTRY,AB_Cr=R_a3,1.864e-07,（$1.647514$ vs $1.510239$）。**表面浓度低不等于整体更干**——这是一个容易误读的点。
problem2_slove.md,895,1.510239,1.510239,REGISTRY,V6_CR_a2,3.568e-07,（$1.647514$ vs $1.510239$）。**表面浓度低不等于整体更干**——这是一个容易误读的点。
problem2_slove.md,897,1,1.0,ALLOW,题面: 半径网格 1 cm,0.0,> **与问题一结果的交叉校核**：问题一的 `result1.xlsx` 与问题二的 `result2.xlsx`
problem2_slove.md,897,2,2.0,ALLOW,题面: 半径 2 cm / 通用整数,0.0,> **与问题一结果的交叉校核**：问题一的 `result1.xlsx` 与问题二的 `result2.xlsx`
problem2_slove.md,898,1800,1800.0,ALLOW,题面表1/2 时间点 / 阶段时长,0.0,> 在 $t\le1800 \mathrm s$、$r=0$ 处给出 $33.4771$（问题一）与 $32.1056 ^\circ\mathrm C$
problem2_slove.md,898,0,0.0,ALLOW,零,0.0,> 在 $t\le1800 \mathrm s$、$r=0$ 处给出 $33.4771$（问题一）与 $32.1056 ^\circ\mathrm C$
problem2_slove.md,898,33.4771,33.4771,REGISTRY,V6_T0_a2,1.723e-05,> 在 $t\le1800 \mathrm s$、$r=0$ 处给出 $33.4771$（问题一）与 $32.1056 ^\circ\mathrm C$
problem2_slove.md,898,32.1056,32.1056,REGISTRY,V6_T0_a3,1.135e-05,> 在 $t\le1800 \mathrm s$、$r=0$ 处给出 $33.4771$（问题一）与 $32.1056 ^\circ\mathrm C$
problem2_slove.md,899,1.3715,1.3715,REGISTRY,V6_T0_diff_abs,5.877e-06,> （问题二），差 $1.3715 \mathrm K$，方向与量级已由物性差异定量解释。
problem2_slove.md,903,2,2.0,ALLOW,题面: 半径 2 cm / 通用整数,0.0,`src/q2_verify.py` 的 V10 用 IAPWS-95 对   的三条路线作互检：
problem2_slove.md,903,10,10.0,ALLOW,结构,0.0,`src/q2_verify.py` 的 V10 用 IAPWS-95 对   的三条路线作互检：
problem2_slove.md,903,-95,-95.0,ALLOW,国际水物性标准名 IAPWS-95 中的 '-95',0.0,`src/q2_verify.py` 的 V10 用 IAPWS-95 对   的三条路线作互检：
problem2_slove.md,905,-95,-95.0,ALLOW,国际水物性标准名 IAPWS-95 中的 '-95',0.0,| $T$ / °C | $h$ IAPWS-95 / (J/kg) | 精确 Clapeyron / (J/kg) | CC 近似 / (J/kg) | CC 偏差 / % | 
problem2_slove.md,905,1,1.0,ALLOW,题面: 半径网格 1 cm,0.0,| $T$ / °C | $h$ IAPWS-95 / (J/kg) | 精确 Clapeyron / (J/kg) | CC 近似 / (J/kg) | CC 偏差 / % | 
problem2_slove.md,905,-1,-1.0,REGISTRY,V6_TR_diff,3.663e-01,| $T$ / °C | $h$ IAPWS-95 / (J/kg) | 精确 Clapeyron / (J/kg) | CC 近似 / (J/kg) | CC 偏差 / % | 
problem2_slove.md,907,20,20.0,ALLOW,结构,0.0,| 20 | $2453519.3$ | $2453519.4$ | $2456879.9$ | $0.13697$ | $0.13523$ | $0.00173$ |
problem2_slove.md,907,2453519.3,2453519.3,REGISTRY,LH_hfg_20,4.058e-02,| 20 | $2453519.3$ | $2453519.4$ | $2456879.9$ | $0.13697$ | $0.13523$ | $0.00173$ |
problem2_slove.md,907,2453519.4,2453519.4,REGISTRY,LH_clap_20,3.898e-02,| 20 | $2453519.3$ | $2453519.4$ | $2456879.9$ | $0.13697$ | $0.13523$ | $0.00173$ |
problem2_slove.md,907,2456879.9,2456879.9,REGISTRY,registry_q2_latent_heat.csv:L_CC_J_per_kg,4.130e-02,| 20 | $2453519.3$ | $2453519.4$ | $2456879.9$ | $0.13697$ | $0.13523$ | $0.00173$ |
problem2_slove.md,907,0.13697,0.13697,REGISTRY,LH_ccpred_20,2.115e-07,| 20 | $2453519.3$ | $2453519.4$ | $2456879.9$ | $0.13697$ | $0.13523$ | $0.00173$ |
problem2_slove.md,907,0.13523,0.13523,REGISTRY,LH_invZ_20,2.823e-06,| 20 | $2453519.3$ | $2453519.4$ | $2456879.9$ | $0.13697$ | $0.13523$ | $0.00173$ |
problem2_slove.md,907,0.00173,0.00173,REGISTRY,W11_dT_prod_n50,2.532e-06,| 20 | $2453519.3$ | $2453519.4$ | $2456879.9$ | $0.13697$ | $0.13523$ | $0.00173$ |
problem2_slove.md,908,25,25.0,ALLOW,题面: 长度 25 cm,0.0,| 25 | $2441676.2$ | $2441676.3$ | $2445738.8$ | $0.16639$ | $0.16407$ | $0.00231$ |
problem2_slove.md,908,2441676.2,2441676.2,REGISTRY,LH_hfg_25,2.509e-02,| 25 | $2441676.2$ | $2441676.3$ | $2445738.8$ | $0.16639$ | $0.16407$ | $0.00231$ |
problem2_slove.md,908,2441676.3,2441676.3,REGISTRY,LH_clap_25,3.259e-02,| 25 | $2441676.2$ | $2441676.3$ | $2445738.8$ | $0.16639$ | $0.16407$ | $0.00231$ |
problem2_slove.md,908,2445738.8,2445738.8,REGISTRY,registry_q2_latent_heat.csv:L_CC_J_per_kg,4.220e-02,| 25 | $2441676.2$ | $2441676.3$ | $2445738.8$ | $0.16639$ | $0.16407$ | $0.00231$ |
problem2_slove.md,908,0.16639,0.16639,REGISTRY,LH_errcc_25,1.543e-06,| 25 | $2441676.2$ | $2441676.3$ | $2445738.8$ | $0.16639$ | $0.16407$ | $0.00231$ |
problem2_slove.md,908,0.16407,0.16407,REGISTRY,LH_invZ_25,3.604e-06,| 25 | $2441676.2$ | $2441676.3$ | $2445738.8$ | $0.16639$ | $0.16407$ | $0.00231$ |
problem2_slove.md,908,0.00231,0.00231,REGISTRY,LH_vfvg_25,4.416e-06,| 25 | $2441676.2$ | $2441676.3$ | $2445738.8$ | $0.16639$ | $0.16407$ | $0.00231$ |
problem2_slove.md,909,30,30.0,ALLOW,结构,0.0,| 30 | $2429811.2$ | $2429811.3$ | $2434689.9$ | $0.20078$ | $0.19772$ | $0.00305$ |
problem2_slove.md,909,2429811.2,2429811.2,REGISTRY,LH_hfg_30,2.988e-02,| 30 | $2429811.2$ | $2429811.3$ | $2434689.9$ | $0.20078$ | $0.19772$ | $0.00305$ |
problem2_slove.md,909,2429811.3,2429811.3,REGISTRY,registry_q2_latent_heat.csv:L_clapeyron_J_per_kg,1.420e-02,| 30 | $2429811.2$ | $2429811.3$ | $2434689.9$ | $0.20078$ | $0.19772$ | $0.00305$ |
problem2_slove.md,909,2434689.9,2434689.9,REGISTRY,LH_Lcc_30,3.656e-02,| 30 | $2429811.2$ | $2429811.3$ | $2434689.9$ | $0.20078$ | $0.19772$ | $0.00305$ |
problem2_slove.md,909,0.20078,0.20078,REGISTRY,LH_ccpred_30,1.068e-06,| 30 | $2429811.2$ | $2429811.3$ | $2434689.9$ | $0.20078$ | $0.19772$ | $0.00305$ |
problem2_slove.md,909,0.19772,0.19772,REGISTRY,LH_invZ_30,2.146e-06,| 30 | $2429811.2$ | $2429811.3$ | $2434689.9$ | $0.20078$ | $0.19772$ | $0.00305$ |
problem2_slove.md,909,0.00305,0.00305,REGISTRY,LH_vfvg_30,4.944e-06,| 30 | $2429811.2$ | $2429811.3$ | $2434689.9$ | $0.20078$ | $0.19772$ | $0.00305$ |
problem2_slove.md,910,35,35.0,ALLOW,结构,0.0,| 35 | $2417914.6$ | $2417914.7$ | $2423736.5$ | $0.24078$ | $0.23678$ | $0.00399$ |
problem2_slove.md,910,2417914.6,2417914.6,REGISTRY,registry_q2_latent_heat.csv:h_fg_ref_J_per_kg,1.470e-02,| 35 | $2417914.6$ | $2417914.7$ | $2423736.5$ | $0.24078$ | $0.23678$ | $0.00399$ |
problem2_slove.md,910,2417914.7,2417914.7,REGISTRY,LH_clap_35,3.778e-02,| 35 | $2417914.6$ | $2417914.7$ | $2423736.5$ | $0.24078$ | $0.23678$ | $0.00399$ |
problem2_slove.md,910,2423736.5,2423736.5,REGISTRY,LH_Lcc_35,3.346e-02,| 35 | $2417914.6$ | $2417914.7$ | $2423736.5$ | $0.24078$ | $0.23678$ | $0.00399$ |
problem2_slove.md,910,0.24078,0.24078,REGISTRY,LH_ccpred_35,6.748e-07,| 35 | $2417914.6$ | $2417914.7$ | $2423736.5$ | $0.24078$ | $0.23678$ | $0.00399$ |
problem2_slove.md,910,0.23678,0.23678,REGISTRY,LH_invZ_35,3.451e-07,| 35 | $2417914.6$ | $2417914.7$ | $2423736.5$ | $0.24078$ | $0.23678$ | $0.00399$ |
problem2_slove.md,910,0.00399,0.00399,REGISTRY,LH_vfvg_35,1.409e-06,| 35 | $2417914.6$ | $2417914.7$ | $2423736.5$ | $0.24078$ | $0.23678$ | $0.00399$ |
problem2_slove.md,911,40,40.0,ALLOW,结构/40 degC,0.0,| 40 | $2405977.3$ | $2405977.4$ | $2412884.1$ | $0.28707$ | $0.28189$ | $0.00516$ |
problem2_slove.md,911,2405977.3,2405977.3,REGISTRY,registry_q2_latent_heat.csv:h_fg_ref_J_per_kg,1.320e-02,| 40 | $2405977.3$ | $2405977.4$ | $2412884.1$ | $0.28707$ | $0.28189$ | $0.00516$ |
problem2_slove.md,911,2405977.4,2405977.4,REGISTRY,registry_q2_latent_heat.csv:L_clapeyron_J_per_kg,4.290e-02,| 40 | $2405977.3$ | $2405977.4$ | $2412884.1$ | $0.28707$ | $0.28189$ | $0.00516$ |
problem2_slove.md,911,2412884.1,2412884.1,REGISTRY,registry_q2_latent_heat.csv:L_CC_J_per_kg,3.440e-02,| 40 | $2405977.3$ | $2405977.4$ | $2412884.1$ | $0.28707$ | $0.28189$ | $0.00516$ |
problem2_slove.md,911,0.28707,0.28707,REGISTRY,LH_errcc_40,2.503e-06,| 40 | $2405977.3$ | $2405977.4$ | $2412884.1$ | $0.28707$ | $0.28189$ | $0.00516$ |
problem2_slove.md,911,0.28189,0.28189,REGISTRY,LH_invZ_40,4.896e-06,| 40 | $2405977.3$ | $2405977.4$ | $2412884.1$ | $0.28707$ | $0.28189$ | $0.00516$ |
problem2_slove.md,911,0.00516,0.00516,REGISTRY,LH_vfvg_40,4.638e-06,| 40 | $2405977.3$ | $2405977.4$ | $2412884.1$ | $0.28707$ | $0.28189$ | $0.00516$ |
problem2_slove.md,912,45,45.0,ALLOW,结构,0.0,| 45 | $2393990.9$ | $2393990.9$ | $2402138.9$ | $0.34035$ | $0.33371$ | $0.00662$ |
problem2_slove.md,912,2393990.9,2393990.9,REGISTRY,LH_hfg_45,2.035e-02,| 45 | $2393990.9$ | $2393990.9$ | $2402138.9$ | $0.34035$ | $0.33371$ | $0.00662$ |
problem2_slove.md,912,2393990.9,2393990.9,REGISTRY,LH_hfg_45,2.035e-02,| 45 | $2393990.9$ | $2393990.9$ | $2402138.9$ | $0.34035$ | $0.33371$ | $0.00662$ |
problem2_slove.md,912,2402138.9,2402138.9,REGISTRY,registry_q2_latent_heat.csv:L_CC_J_per_kg,1.190e-02,| 45 | $2393990.9$ | $2393990.9$ | $2402138.9$ | $0.34035$ | $0.33371$ | $0.00662$ |
problem2_slove.md,912,0.34035,0.34035,REGISTRY,LH_ccpred_45,8.307e-07,| 45 | $2393990.9$ | $2393990.9$ | $2402138.9$ | $0.34035$ | $0.33371$ | $0.00662$ |
problem2_slove.md,912,0.33371,0.33371,REGISTRY,LH_invZ_45,3.264e-06,| 45 | $2393990.9$ | $2393990.9$ | $2402138.9$ | $0.34035$ | $0.33371$ | $0.00662$ |
problem2_slove.md,912,0.00662,0.00662,REGISTRY,LH_vfvg_45,1.558e-06,| 45 | $2393990.9$ | $2393990.9$ | $2402138.9$ | $0.34035$ | $0.33371$ | $0.00662$ |
problem2_slove.md,913,50,50.0,ALLOW,网格数 M=50,0.0,| 50 | $2381947.1$ | $2381947.2$ | $2391508.4$ | $0.40141$ | $0.39295$ | $0.00842$ |
problem2_slove.md,913,2381947.1,2381947.1,REGISTRY,registry_q2_latent_heat.csv:h_fg_ref_J_per_kg,2.650e-02,| 50 | $2381947.1$ | $2381947.2$ | $2391508.4$ | $0.40141$ | $0.39295$ | $0.00842$ |
problem2_slove.md,913,2381947.2,2381947.2,REGISTRY,LH_clap_50,1.469e-02,| 50 | $2381947.1$ | $2381947.2$ | $2391508.4$ | $0.40141$ | $0.39295$ | $0.00842$ |
problem2_slove.md,913,2391508.4,2391508.4,REGISTRY,LH_Lcc_50,1.778e-02,| 50 | $2381947.1$ | $2381947.2$ | $2391508.4$ | $0.40141$ | $0.39295$ | $0.00842$ |
problem2_slove.md,913,0.40141,0.40141,REGISTRY,V10_cc_max,0.000e+00,| 50 | $2381947.1$ | $2381947.2$ | $2391508.4$ | $0.40141$ | $0.39295$ | $0.00842$ |
problem2_slove.md,913,0.39295,0.39295,REGISTRY,LH_invZ_50,4.564e-06,| 50 | $2381947.1$ | $2381947.2$ | $2391508.4$ | $0.40141$ | $0.39295$ | $0.00842$ |
problem2_slove.md,913,0.00842,0.00842,REGISTRY,LH_vfvg_50,4.295e-06,| 50 | $2381947.1$ | $2381947.2$ | $2391508.4$ | $0.40141$ | $0.39295$ | $0.00842$ |
problem2_slove.md,915,-95,-95.0,ALLOW,国际水物性标准名 IAPWS-95 中的 '-95',0.0,（水蒸气比气体常数取 IAPWS-95 自带的 $R_v=461.518050 \mathrm{J/(kg\cdot K)}$。）
problem2_slove.md,915,461.518050,461.51805,ALLOW,水蒸气比气体常数 R_v (IAPWS-95 精确值),0.0,（水蒸气比气体常数取 IAPWS-95 自带的 $R_v=461.518050 \mathrm{J/(kg\cdot K)}$。）
problem2_slove.md,917,5,5.0,ALLOW,结构/常数,0.0,- **精确 Clapeyron 式 (5) 复现 IAPWS-95 的 $h$，最大偏差 $0.101602 \mathrm{J/kg}$**
problem2_slove.md,917,-95,-95.0,ALLOW,国际水物性标准名 IAPWS-95 中的 '-95',0.0,- **精确 Clapeyron 式 (5) 复现 IAPWS-95 的 $h$，最大偏差 $0.101602 \mathrm{J/kg}$**
problem2_slove.md,917,0.101602,0.101602,REGISTRY,V10_clap,3.444e-09,- **精确 Clapeyron 式 (5) 复现 IAPWS-95 的 $h$，最大偏差 $0.101602 \mathrm{J/kg}$**
problem2_slove.md,918,4.2e-8,4.2e-08,REGISTRY,V10_clap_rel,2.668e-10,（相对 $4.2e-8$）——式 (5) 的推导正确。
problem2_slove.md,918,5,5.0,ALLOW,结构/常数,0.0,（相对 $4.2e-8$）——式 (5) 的推导正确。
problem2_slove.md,919,1,1.0,ALLOW,题面: 半径网格 1 cm,0.0,- **CC 偏差被精确分解为两项**：气相非理想性 $1/Z$（$0.13523%\to0.39295%$）与被略去的
problem2_slove.md,919,0.13523,0.13523,REGISTRY,LH_invZ_20,2.823e-06,- **CC 偏差被精确分解为两项**：气相非理想性 $1/Z$（$0.13523%\to0.39295%$）与被略去的
problem2_slove.md,919,0.39295,0.39295,REGISTRY,LH_invZ_50,4.564e-06,- **CC 偏差被精确分解为两项**：气相非理想性 $1/Z$（$0.13523%\to0.39295%$）与被略去的
problem2_slove.md,920,0.00173,0.00173,REGISTRY,LH_vf_over_vg,4.589e-08,$v_l/v_v$（$0.00173%\to0.00842%$）；二者之和与实测偏差逐点吻合到 $0.4%$ 以内，
problem2_slove.md,920,0.00842,0.00842,REGISTRY,LH_vfvg_50,4.295e-06,$v_l/v_v$（$0.00173%\to0.00842%$）；二者之和与实测偏差逐点吻合到 $0.4%$ 以内，
problem2_slove.md,920,0.4,0.4,REGISTRY,A_k_1.0,0.000e+00,$v_l/v_v$（$0.00173%\to0.00842%$）；二者之和与实测偏差逐点吻合到 $0.4%$ 以内，
problem2_slove.md,921,1,1.0,ALLOW,题面: 半径网格 1 cm,0.0,且精确关系 $1/[Z(1-v_l/v_v)]-1$ 把它复现到 $1e-5$ 个百分点。见  (ii) 的更正。
problem2_slove.md,921,1,1.0,ALLOW,题面: 半径网格 1 cm,0.0,且精确关系 $1/[Z(1-v_l/v_v)]-1$ 把它复现到 $1e-5$ 个百分点。见  (ii) 的更正。
problem2_slove.md,921,-1,-1.0,REGISTRY,V6_TR_diff,3.663e-01,且精确关系 $1/[Z(1-v_l/v_v)]-1$ 把它复现到 $1e-5$ 个百分点。见  (ii) 的更正。
problem2_slove.md,921,1e-5,1e-05,ALLOW,量级,0.0,且精确关系 $1/[Z(1-v_l/v_v)]-1$ 把它复现到 $1e-5$ 个百分点。见  (ii) 的更正。
problem2_slove.md,922,28,28.0,ALLOW,题面: 初温 28 degC,0.0,- 28 °C 锚点定标：$h(28 ^\circ\mathrm C)=2434560.4856 \mathrm{J/kg}$，
problem2_slove.md,922,28,28.0,ALLOW,题面: 初温 28 degC,0.0,- 28 °C 锚点定标：$h(28 ^\circ\mathrm C)=2434560.4856 \mathrm{J/kg}$，
problem2_slove.md,922,2434560.4856,2434560.4856,REGISTRY,V10_L28,1.620e-05,- 28 °C 锚点定标：$h(28 ^\circ\mathrm C)=2434560.4856 \mathrm{J/kg}$，
problem2_slove.md,923,-2391.0094,-2391.0094,REGISTRY,V10_slope,1.838e-05,斜率 $-2391.0094 \mathrm{J/(kg\cdot K)}$；定标式在 $28\sim50 ^\circ\mathrm C$ 上的
problem2_slove.md,923,28,28.0,ALLOW,题面: 初温 28 degC,0.0,斜率 $-2391.0094 \mathrm{J/(kg\cdot K)}$；定标式在 $28\sim50 ^\circ\mathrm C$ 上的
problem2_slove.md,923,50,50.0,ALLOW,网格数 M=50,0.0,斜率 $-2391.0094 \mathrm{J/(kg\cdot K)}$；定标式在 $28\sim50 ^\circ\mathrm C$ 上的
problem2_slove.md,924,109.2122,109.2122,REGISTRY,V10_resid,4.941e-05,最大残差 $109.2122 \mathrm{J/kg}$（$0.00449%$）。
problem2_slove.md,924,0.00449,0.00449,REGISTRY,LH_resid28_pct,4.088e-06,最大残差 $109.2122 \mathrm{J/kg}$（$0.00449%$）。
problem2_slove.md,925,2.4346e6,2434600.0,REGISTRY,D_Hevap_28,0.000e+00,- 处理采用的 $H=2.4346e6-2.391e3(T-28 ^\circ\mathrm C)$
problem2_slove.md,925,-2.391e3,-2391.0,ALLOW,定标斜率,0.0,- 处理采用的 $H=2.4346e6-2.391e3(T-28 ^\circ\mathrm C)$
problem2_slove.md,925,-28,-28.0,ALLOW,L_v 定标式中 (T - 28 degC) 的偏移量,0.0,- 处理采用的 $H=2.4346e6-2.391e3(T-28 ^\circ\mathrm C)$
problem2_slove.md,926,0.00162,0.00162,REGISTRY,V13b_int_pct,3.061e-06,与本次独立定标的相对差为**截距 $+0.00162%$、斜率 $+0.00039%$**，确认一致。
problem2_slove.md,926,0.00039,0.00039,REGISTRY,HD_T1200_r2.0,1.353e-08,与本次独立定标的相对差为**截距 $+0.00162%$、斜率 $+0.00039%$**，确认一致。
problem2_slove.md,932,3,3.0,ALLOW,3 h,0.0,### 8.1 表 3（3 小时内药材的温度，单位 °C）
problem2_slove.md,932,3,3.0,ALLOW,3 h,0.0,### 8.1 表 3（3 小时内药材的温度，单位 °C）
problem2_slove.md,934,1600,1600.0,ALLOW,网格数 M=1600,0.0,生产解 $M=1600$、$\Delta t=1/64 \mathrm s$。列：到药材中心的距离 / cm。
problem2_slove.md,934,1,1.0,ALLOW,题面: 半径网格 1 cm,0.0,生产解 $M=1600$、$\Delta t=1/64 \mathrm s$。列：到药材中心的距离 / cm。
problem2_slove.md,934,64,64.0,ALLOW,1/64 s 的时间步分母,0.0,生产解 $M=1600$、$\Delta t=1/64 \mathrm s$。列：到药材中心的距离 / cm。
problem2_slove.md,936,0,0.0,ALLOW,零,0.0,| 时间/h | 0 | 0.5 | 1 | 1.5 | 2 |
problem2_slove.md,936,0.5,0.5,ALLOW,题面: 半径网格 0.5 cm,0.0,| 时间/h | 0 | 0.5 | 1 | 1.5 | 2 |
problem2_slove.md,936,1,1.0,ALLOW,题面: 半径网格 1 cm,0.0,| 时间/h | 0 | 0.5 | 1 | 1.5 | 2 |
problem2_slove.md,936,1.5,1.5,ALLOW,题面: 半径网格 1.5 cm,0.0,| 时间/h | 0 | 0.5 | 1 | 1.5 | 2 |
problem2_slove.md,936,2,2.0,ALLOW,题面: 半径 2 cm / 通用整数,0.0,| 时间/h | 0 | 0.5 | 1 | 1.5 | 2 |
problem2_slove.md,938,0.5,0.5,ALLOW,题面: 半径网格 0.5 cm,0.0,| 0.5 | 32.1056 | 32.2973 | 32.8775 | 33.8671 | 35.3131 |
problem2_slove.md,938,32.1056,32.1056,REGISTRY,V6_T0_a3,1.135e-05,| 0.5 | 32.1056 | 32.2973 | 32.8775 | 33.8671 | 35.3131 |
problem2_slove.md,938,32.2973,32.2973,REGISTRY,T3_h0.5_r0.5,3.542e-05,| 0.5 | 32.1056 | 32.2973 | 32.8775 | 33.8671 | 35.3131 |
problem2_slove.md,938,32.8775,32.8775,REGISTRY,T3_h0.5_r1,1.827e-06,| 0.5 | 32.1056 | 32.2973 | 32.8775 | 33.8671 | 35.3131 |
problem2_slove.md,938,33.8671,33.8671,REGISTRY,T3_h0.5_r1.5,6.513e-06,| 0.5 | 32.1056 | 32.2973 | 32.8775 | 33.8671 | 35.3131 |
problem2_slove.md,938,35.3131,35.3131,REGISTRY,T3_h0.5_r2,3.283e-06,| 0.5 | 32.1056 | 32.2973 | 32.8775 | 33.8671 | 35.3131 |
problem2_slove.md,939,1.0,1.0,ALLOW,题面: 半径网格 1 cm,0.0,| 1.0 | 40.2754 | 40.4472 | 40.9536 | 41.7705 | 42.8919 |
problem2_slove.md,939,40.2754,40.2754,REGISTRY,T3_h1.0_r0,4.776e-05,| 1.0 | 40.2754 | 40.4472 | 40.9536 | 41.7705 | 42.8919 |
problem2_slove.md,939,40.4472,40.4472,REGISTRY,T3_h1.0_r0.5,1.374e-05,| 1.0 | 40.2754 | 40.4472 | 40.9536 | 41.7705 | 42.8919 |
problem2_slove.md,939,40.9536,40.9536,REGISTRY,T3_h1.0_r1,6.013e-07,| 1.0 | 40.2754 | 40.4472 | 40.9536 | 41.7705 | 42.8919 |
problem2_slove.md,939,41.7705,41.7705,REGISTRY,T3_h1.0_r1.5,1.037e-05,| 1.0 | 40.2754 | 40.4472 | 40.9536 | 41.7705 | 42.8919 |
problem2_slove.md,939,42.8919,42.8919,REGISTRY,T3_h1.0_r2,3.549e-05,| 1.0 | 40.2754 | 40.4472 | 40.9536 | 41.7705 | 42.8919 |
problem2_slove.md,940,1.5,1.5,ALLOW,题面: 半径网格 1.5 cm,0.0,| 1.5 | 45.7411 | 45.8293 | 46.0878 | 46.5008 | 47.0362 |
problem2_slove.md,940,45.7411,45.7411,REGISTRY,T3_h1.5_r0,2.432e-06,| 1.5 | 45.7411 | 45.8293 | 46.0878 | 46.5008 | 47.0362 |
problem2_slove.md,940,45.8293,45.8293,REGISTRY,T3_h1.5_r0.5,8.918e-06,| 1.5 | 45.7411 | 45.8293 | 46.0878 | 46.5008 | 47.0362 |
problem2_slove.md,940,46.0878,46.0878,REGISTRY,T3_h1.5_r1,4.777e-05,| 1.5 | 45.7411 | 45.8293 | 46.0878 | 46.5008 | 47.0362 |
problem2_slove.md,940,46.5008,46.5008,REGISTRY,T3_h1.5_r1.5,3.268e-05,| 1.5 | 45.7411 | 45.8293 | 46.0878 | 46.5008 | 47.0362 |
problem2_slove.md,940,47.0362,47.0362,REGISTRY,T3_h1.5_r2,1.033e-05,| 1.5 | 45.7411 | 45.8293 | 46.0878 | 46.5008 | 47.0362 |
problem2_slove.md,941,2.0,2.0,ALLOW,题面: 半径 2 cm / 通用整数,0.0,| 2.0 | 48.3516 | 48.3896 | 48.5006 | 48.6767 | 48.9078 |
problem2_slove.md,941,48.3516,48.3516,REGISTRY,T3_h2.0_r0,1.334e-05,| 2.0 | 48.3516 | 48.3896 | 48.5006 | 48.6767 | 48.9078 |
problem2_slove.md,941,48.3896,48.3896,REGISTRY,T3_h2.0_r0.5,3.558e-05,| 2.0 | 48.3516 | 48.3896 | 48.5006 | 48.6767 | 48.9078 |
problem2_slove.md,941,48.5006,48.5006,REGISTRY,T3_h2.0_r1,1.163e-06,| 2.0 | 48.3516 | 48.3896 | 48.5006 | 48.6767 | 48.9078 |
problem2_slove.md,941,48.6767,48.6767,REGISTRY,T3_h2.0_r1.5,1.315e-05,| 2.0 | 48.3516 | 48.3896 | 48.5006 | 48.6767 | 48.9078 |
problem2_slove.md,941,48.9078,48.9078,REGISTRY,T3_h2.0_r2,4.071e-05,| 2.0 | 48.3516 | 48.3896 | 48.5006 | 48.6767 | 48.9078 |
problem2_slove.md,942,2.5,2.5,ALLOW,结构: 2.5 h,0.0,| 2.5 | 49.3772 | 49.3896 | 49.4246 | 49.4765 | 49.5751 |
problem2_slove.md,942,49.3772,49.3772,REGISTRY,T3_h2.5_r0,2.238e-05,| 2.5 | 49.3772 | 49.3896 | 49.4246 | 49.4765 | 49.5751 |
problem2_slove.md,942,49.3896,49.3896,REGISTRY,T3_h2.5_r0.5,4.602e-05,| 2.5 | 49.3772 | 49.3896 | 49.4246 | 49.4765 | 49.5751 |
problem2_slove.md,942,49.4246,49.4246,REGISTRY,T3_h2.5_r1,1.473e-05,| 2.5 | 49.3772 | 49.3896 | 49.4246 | 49.4765 | 49.5751 |
problem2_slove.md,942,49.4765,49.4765,REGISTRY,T3_h2.5_r1.5,5.476e-06,| 2.5 | 49.3772 | 49.3896 | 49.4246 | 49.4765 | 49.5751 |
problem2_slove.md,942,49.5751,49.5751,REGISTRY,T3_h2.5_r2,2.740e-05,| 2.5 | 49.3772 | 49.3896 | 49.4246 | 49.4765 | 49.5751 |
problem2_slove.md,943,3.0,3.0,ALLOW,3 h,0.0,| 3.0 | 49.7685 | 49.7746 | 49.7945 | 49.8309 | 49.8888 |
problem2_slove.md,943,49.7685,49.7685,REGISTRY,V11_Tc_nc,4.605e-06,| 3.0 | 49.7685 | 49.7746 | 49.7945 | 49.8309 | 49.8888 |
problem2_slove.md,943,49.7746,49.7746,REGISTRY,T3_h3.0_r0.5,6.587e-06,| 3.0 | 49.7685 | 49.7746 | 49.7945 | 49.8309 | 49.8888 |
problem2_slove.md,943,49.7945,49.7945,REGISTRY,T3_h3.0_r1,1.046e-05,| 3.0 | 49.7685 | 49.7746 | 49.7945 | 49.8309 | 49.8888 |
problem2_slove.md,943,49.8309,49.8309,REGISTRY,T3_h3.0_r1.5,7.988e-07,| 3.0 | 49.7685 | 49.7746 | 49.7945 | 49.8309 | 49.8888 |
problem2_slove.md,943,49.8888,49.8888,REGISTRY,DV_Tmax,0.000e+00,| 3.0 | 49.7685 | 49.7746 | 49.7945 | 49.8309 | 49.8888 |
problem2_slove.md,945,4,4.0,ALLOW,结构/常数,0.0,### 8.2 表 4（3 小时内药材的水分浓度，单位 kg/kg）
problem2_slove.md,945,3,3.0,ALLOW,3 h,0.0,### 8.2 表 4（3 小时内药材的水分浓度，单位 kg/kg）
problem2_slove.md,947,0,0.0,ALLOW,零,0.0,| 时间/h | 0 | 0.5 | 1 | 1.5 | 2 |
problem2_slove.md,947,0.5,0.5,ALLOW,题面: 半径网格 0.5 cm,0.0,| 时间/h | 0 | 0.5 | 1 | 1.5 | 2 |
problem2_slove.md,947,1,1.0,ALLOW,题面: 半径网格 1 cm,0.0,| 时间/h | 0 | 0.5 | 1 | 1.5 | 2 |
problem2_slove.md,947,1.5,1.5,ALLOW,题面: 半径网格 1.5 cm,0.0,| 时间/h | 0 | 0.5 | 1 | 1.5 | 2 |
problem2_slove.md,947,2,2.0,ALLOW,题面: 半径 2 cm / 通用整数,0.0,| 时间/h | 0 | 0.5 | 1 | 1.5 | 2 |
problem2_slove.md,949,0.5,0.5,ALLOW,题面: 半径网格 0.5 cm,0.0,| 0.5 | 2.5499 | 2.5489 | 2.5257 | 2.3262 | 1.6475 |
problem2_slove.md,949,2.5499,2.5499,REGISTRY,DV_C0_h0p5,0.000e+00,| 0.5 | 2.5499 | 2.5489 | 2.5257 | 2.3262 | 1.6475 |
problem2_slove.md,949,2.5489,2.5489,REGISTRY,T4_h0.5_r0.5,8.300e-07,| 0.5 | 2.5499 | 2.5489 | 2.5257 | 2.3262 | 1.6475 |
problem2_slove.md,949,2.5257,2.5257,REGISTRY,DV_Cm_1800,0.000e+00,| 0.5 | 2.5499 | 2.5489 | 2.5257 | 2.3262 | 1.6475 |
problem2_slove.md,949,2.3262,2.3262,REGISTRY,T4_h0.5_r1.5,5.924e-06,| 0.5 | 2.5499 | 2.5489 | 2.5257 | 2.3262 | 1.6475 |
problem2_slove.md,949,1.6475,1.6475,REGISTRY,DV_CR_h0p5,0.000e+00,| 0.5 | 2.5499 | 2.5489 | 2.5257 | 2.3262 | 1.6475 |
problem2_slove.md,950,1.0,1.0,ALLOW,题面: 半径网格 1 cm,0.0,| 1.0 | 2.5261 | 2.4953 | 2.3587 | 2.0235 | 1.4699 |
problem2_slove.md,950,2.5261,2.5261,REGISTRY,DV_Cc_3600,0.000e+00,| 1.0 | 2.5261 | 2.4953 | 2.3587 | 2.0235 | 1.4699 |
problem2_slove.md,950,2.4953,2.4953,REGISTRY,T4_h1.0_r0.5,5.144e-06,| 1.0 | 2.5261 | 2.4953 | 2.3587 | 2.0235 | 1.4699 |
problem2_slove.md,950,2.3587,2.3587,REGISTRY,DV_Cm_3600,0.000e+00,| 1.0 | 2.5261 | 2.4953 | 2.3587 | 2.0235 | 1.4699 |
problem2_slove.md,950,2.0235,2.0235,REGISTRY,T4_h1.0_r1.5,3.987e-05,| 1.0 | 2.5261 | 2.4953 | 2.3587 | 2.0235 | 1.4699 |
problem2_slove.md,950,1.4699,1.4699,REGISTRY,DV_Cs_3600,0.000e+00,| 1.0 | 2.5261 | 2.4953 | 2.3587 | 2.0235 | 1.4699 |
problem2_slove.md,951,1.5,1.5,ALLOW,题面: 半径网格 1.5 cm,0.0,| 1.5 | 2.3874 | 2.3270 | 2.1356 | 1.8024 | 1.3465 |
problem2_slove.md,951,2.3874,2.3874,REGISTRY,T4_h1.5_r0,2.361e-05,| 1.5 | 2.3874 | 2.3270 | 2.1356 | 1.8024 | 1.3465 |
problem2_slove.md,951,2.3270,2.327,REGISTRY,DV_Cs_60,0.000e+00,| 1.5 | 2.3874 | 2.3270 | 2.1356 | 1.8024 | 1.3465 |
problem2_slove.md,951,2.1356,2.1356,REGISTRY,T4_h1.5_r1,4.183e-05,| 1.5 | 2.3874 | 2.3270 | 2.1356 | 1.8024 | 1.3465 |
problem2_slove.md,951,1.8024,1.8024,REGISTRY,T4_h1.5_r1.5,8.128e-06,| 1.5 | 2.3874 | 2.3270 | 2.1356 | 1.8024 | 1.3465 |
problem2_slove.md,951,1.3465,1.3465,REGISTRY,T4_h1.5_r2,3.403e-05,| 1.5 | 2.3874 | 2.3270 | 2.1356 | 1.8024 | 1.3465 |
problem2_slove.md,952,2.0,2.0,ALLOW,题面: 半径 2 cm / 通用整数,0.0,| 2.0 | 2.1727 | 2.1102 | 1.9249 | 1.6263 | 1.2303 |
problem2_slove.md,952,2.1727,2.1727,REGISTRY,DV_Cc_7200,0.000e+00,| 2.0 | 2.1727 | 2.1102 | 1.9249 | 1.6263 | 1.2303 |
problem2_slove.md,952,2.1102,2.1102,REGISTRY,T4_h2.0_r0.5,2.274e-05,| 2.0 | 2.1727 | 2.1102 | 1.9249 | 1.6263 | 1.2303 |
problem2_slove.md,952,1.9249,1.9249,REGISTRY,DV_Cm_7200,0.000e+00,| 2.0 | 2.1727 | 2.1102 | 1.9249 | 1.6263 | 1.2303 |
problem2_slove.md,952,1.6263,1.6263,REGISTRY,T4_h2.0_r1.5,4.368e-05,| 2.0 | 2.1727 | 2.1102 | 1.9249 | 1.6263 | 1.2303 |
problem2_slove.md,952,1.2303,1.2303,REGISTRY,DV_Cs_7200,0.000e+00,| 2.0 | 2.1727 | 2.1102 | 1.9249 | 1.6263 | 1.2303 |
problem2_slove.md,953,2.5,2.5,ALLOW,结构: 2.5 h,0.0,| 2.5 | 1.9586 | 1.9024 | 1.7373 | 1.4725 | 1.1161 |
problem2_slove.md,953,1.9586,1.9586,REGISTRY,T4_h2.5_r0,4.429e-05,| 2.5 | 1.9586 | 1.9024 | 1.7373 | 1.4725 | 1.1161 |
problem2_slove.md,953,1.9024,1.9024,REGISTRY,T4_h2.5_r0.5,2.250e-05,| 2.5 | 1.9586 | 1.9024 | 1.7373 | 1.4725 | 1.1161 |
problem2_slove.md,953,1.7373,1.7373,REGISTRY,T4_h2.5_r1,1.525e-05,| 2.5 | 1.9586 | 1.9024 | 1.7373 | 1.4725 | 1.1161 |
problem2_slove.md,953,1.4725,1.4725,REGISTRY,T4_h2.5_r1.5,2.905e-05,| 2.5 | 1.9586 | 1.9024 | 1.7373 | 1.4725 | 1.1161 |
problem2_slove.md,953,1.1161,1.1161,REGISTRY,T4_h2.5_r2,2.142e-05,| 2.5 | 1.9586 | 1.9024 | 1.7373 | 1.4725 | 1.1161 |
problem2_slove.md,954,3.0,3.0,ALLOW,3 h,0.0,| 3.0 | 1.7681 | 1.7183 | 1.5715 | 1.3338 | 1.0078 |
problem2_slove.md,954,1.7681,1.7681,REGISTRY,DV_Cc_10800,0.000e+00,| 3.0 | 1.7681 | 1.7183 | 1.5715 | 1.3338 | 1.0078 |
problem2_slove.md,954,1.7183,1.7183,REGISTRY,T4_h3.0_r0.5,4.046e-06,| 3.0 | 1.7681 | 1.7183 | 1.5715 | 1.3338 | 1.0078 |
problem2_slove.md,954,1.5715,1.5715,REGISTRY,DV_Cm_10800,0.000e+00,| 3.0 | 1.7681 | 1.7183 | 1.5715 | 1.3338 | 1.0078 |
problem2_slove.md,954,1.3338,1.3338,REGISTRY,T4_h3.0_r1.5,2.768e-05,| 3.0 | 1.7681 | 1.7183 | 1.5715 | 1.3338 | 1.0078 |
problem2_slove.md,954,1.0078,1.0078,REGISTRY,DV_Cs_10800,0.000e+00,| 3.0 | 1.7681 | 1.7183 | 1.5715 | 1.3338 | 1.0078 |
problem2_slove.md,956,1,1.0,ALLOW,题面: 半径网格 1 cm,0.0,"完整结果（$t=1\ldots10800 \mathrm s$ 每秒、$r=0,0.1,\ldots,2.0 \mathrm{cm}$"
problem2_slove.md,956,10800,10800.0,ALLOW,题面表3/4 时间点 3 h,0.0,"完整结果（$t=1\ldots10800 \mathrm s$ 每秒、$r=0,0.1,\ldots,2.0 \mathrm{cm}$"
problem2_slove.md,956,0,0.0,ALLOW,零,0.0,"完整结果（$t=1\ldots10800 \mathrm s$ 每秒、$r=0,0.1,\ldots,2.0 \mathrm{cm}$"
problem2_slove.md,956,0.1,0.1,ALLOW,题面: 半径步长 0.1 cm,0.0,"完整结果（$t=1\ldots10800 \mathrm s$ 每秒、$r=0,0.1,\ldots,2.0 \mathrm{cm}$"
problem2_slove.md,956,2.0,2.0,ALLOW,题面: 半径 2 cm / 通用整数,0.0,"完整结果（$t=1\ldots10800 \mathrm s$ 每秒、$r=0,0.1,\ldots,2.0 \mathrm{cm}$"
problem2_slove.md,957,10800,10800.0,ALLOW,题面表3/4 时间点 3 h,0.0,共 $10800x21$ 个值，两个工作表）见 **`outputs/result2.xlsx`**。
problem2_slove.md,957,21,21.0,ALLOW,result2 半径列数,0.0,共 $10800x21$ 个值，两个工作表）见 **`outputs/result2.xlsx`**。
problem2_slove.md,957,2,2.0,ALLOW,题面: 半径 2 cm / 通用整数,0.0,共 $10800x21$ 个值，两个工作表）见 **`outputs/result2.xlsx`**。
problem2_slove.md,959,3,3.0,ALLOW,3 h,0.0,表 3/表 4 的每一个数值都由 `src/q2_produce.py` 与 `result2.xlsx` **同源写出**，
problem2_slove.md,959,4,4.0,ALLOW,结构/常数,0.0,表 3/表 4 的每一个数值都由 `src/q2_produce.py` 与 `result2.xlsx` **同源写出**，
problem2_slove.md,959,2,2.0,ALLOW,题面: 半径 2 cm / 通用整数,0.0,表 3/表 4 的每一个数值都由 `src/q2_produce.py` 与 `result2.xlsx` **同源写出**，
problem2_slove.md,959,2,2.0,ALLOW,题面: 半径 2 cm / 通用整数,0.0,表 3/表 4 的每一个数值都由 `src/q2_produce.py` 与 `result2.xlsx` **同源写出**，
problem2_slove.md,960,2,2.0,ALLOW,题面: 半径 2 cm / 通用整数,0.0,并由 `src/q2_reconcile.py` 的第二关逐位核对（不设容差）。
problem2_slove.md,964,3,3.0,ALLOW,3 h,0.0,**(a) 温度场：3 h 内已趋于准稳态且几乎均匀。**
problem2_slove.md,966,0,0.0,ALLOW,零,0.0,| 时刻 | $T(0)$ / °C | $T(R)$ / °C | 径向跨距 / K |
problem2_slove.md,968,0.5,0.5,ALLOW,题面: 半径网格 0.5 cm,0.0,| 0.5 h | 32.1056 | 35.3131 | 3.2075 |
problem2_slove.md,968,32.1056,32.1056,REGISTRY,V6_T0_a3,1.135e-05,| 0.5 h | 32.1056 | 35.3131 | 3.2075 |
problem2_slove.md,968,35.3131,35.3131,REGISTRY,T3_h0.5_r2,3.283e-06,| 0.5 h | 32.1056 | 35.3131 | 3.2075 |
problem2_slove.md,968,3.2075,3.2075,REGISTRY,DV_Tspan_h0.5,0.000e+00,| 0.5 h | 32.1056 | 35.3131 | 3.2075 |
problem2_slove.md,969,1.0,1.0,ALLOW,题面: 半径网格 1 cm,0.0,| 1.0 h | 40.2754 | 42.8919 | 2.6165 |
problem2_slove.md,969,40.2754,40.2754,REGISTRY,T3_h1.0_r0,4.776e-05,| 1.0 h | 40.2754 | 42.8919 | 2.6165 |
problem2_slove.md,969,42.8919,42.8919,REGISTRY,T3_h1.0_r2,3.549e-05,| 1.0 h | 40.2754 | 42.8919 | 2.6165 |
problem2_slove.md,969,2.6165,2.6165,REGISTRY,DV_Tspan_h1.0,0.000e+00,| 1.0 h | 40.2754 | 42.8919 | 2.6165 |
problem2_slove.md,970,1.5,1.5,ALLOW,题面: 半径网格 1.5 cm,0.0,| 1.5 h | 45.7411 | 47.0362 | 1.2951 |
problem2_slove.md,970,45.7411,45.7411,REGISTRY,T3_h1.5_r0,2.432e-06,| 1.5 h | 45.7411 | 47.0362 | 1.2951 |
problem2_slove.md,970,47.0362,47.0362,REGISTRY,T3_h1.5_r2,1.033e-05,| 1.5 h | 45.7411 | 47.0362 | 1.2951 |
problem2_slove.md,970,1.2951,1.2951,REGISTRY,DV_Tspan_h1.5,0.000e+00,| 1.5 h | 45.7411 | 47.0362 | 1.2951 |
problem2_slove.md,971,2.0,2.0,ALLOW,题面: 半径 2 cm / 通用整数,0.0,| 2.0 h | 48.3516 | 48.9078 | 0.5562 |
problem2_slove.md,971,48.3516,48.3516,REGISTRY,T3_h2.0_r0,1.334e-05,| 2.0 h | 48.3516 | 48.9078 | 0.5562 |
problem2_slove.md,971,48.9078,48.9078,REGISTRY,T3_h2.0_r2,4.071e-05,| 2.0 h | 48.3516 | 48.9078 | 0.5562 |
problem2_slove.md,971,0.5562,0.5562,REGISTRY,DV_Tspan_h2.0,0.000e+00,| 2.0 h | 48.3516 | 48.9078 | 0.5562 |
problem2_slove.md,972,2.5,2.5,ALLOW,结构: 2.5 h,0.0,| 2.5 h | 49.3772 | 49.5751 | 0.1979 |
problem2_slove.md,972,49.3772,49.3772,REGISTRY,T3_h2.5_r0,2.238e-05,| 2.5 h | 49.3772 | 49.5751 | 0.1979 |
problem2_slove.md,972,49.5751,49.5751,REGISTRY,T3_h2.5_r2,2.740e-05,| 2.5 h | 49.3772 | 49.5751 | 0.1979 |
problem2_slove.md,972,0.1979,0.1979,REGISTRY,DV_Tspan_h2.5,0.000e+00,| 2.5 h | 49.3772 | 49.5751 | 0.1979 |
problem2_slove.md,973,3.0,3.0,ALLOW,3 h,0.0,| 3.0 h | 49.7685 | 49.8888 | 0.1203 |
problem2_slove.md,973,49.7685,49.7685,REGISTRY,V11_Tc_nc,4.605e-06,| 3.0 h | 49.7685 | 49.8888 | 0.1203 |
problem2_slove.md,973,49.8888,49.8888,REGISTRY,DV_Tmax,0.000e+00,| 3.0 h | 49.7685 | 49.8888 | 0.1203 |
problem2_slove.md,973,0.1203,0.1203,REGISTRY,DV_Tspan_h3.0,0.000e+00,| 3.0 h | 49.7685 | 49.8888 | 0.1203 |
problem2_slove.md,975,3.2075,3.2075,REGISTRY,DV_Tspan_h0.5,0.000e+00,跨距由 $3.2075 \mathrm K$ 单调收窄到 $0.1203 \mathrm K$。3 h 末中心与表面仅差
problem2_slove.md,975,0.1203,0.1203,REGISTRY,DV_Tspan_h3.0,0.000e+00,跨距由 $3.2075 \mathrm K$ 单调收窄到 $0.1203 \mathrm K$。3 h 末中心与表面仅差
problem2_slove.md,975,3,3.0,ALLOW,3 h,0.0,跨距由 $3.2075 \mathrm K$ 单调收窄到 $0.1203 \mathrm K$。3 h 末中心与表面仅差
problem2_slove.md,976,0.12,0.12,ALLOW,附录4: k 常数项,0.0,$0.12 \mathrm K$，且都逼近环境 $50.1950 ^\circ\mathrm C$（分别差 $0.4265$ 与
problem2_slove.md,976,50.1950,50.195,REGISTRY,ENV_Tinf10800,0.000e+00,$0.12 \mathrm K$，且都逼近环境 $50.1950 ^\circ\mathrm C$（分别差 $0.4265$ 与
problem2_slove.md,976,0.4265,0.4265,REGISTRY,DV_Tgap_center,9.992e-15,$0.12 \mathrm K$，且都逼近环境 $50.1950 ^\circ\mathrm C$（分别差 $0.4265$ 与
problem2_slove.md,977,0.3062,0.3062,REGISTRY,DV_Tgap_surf,1.005e-14,$0.3062 \mathrm K$）。
problem2_slove.md,978,2761.9,2761.9,REGISTRY,?,6.382e-03,这与   的时间尺度分析一致：$R/\alpha(C)=2761.9 \mathrm s$ 远小于
problem2_slove.md,979,10800,10800.0,ALLOW,题面表3/4 时间点 3 h,0.0,$10800 \mathrm s$，故温度在 3 h 内已基本达到准稳态。**这一阶段温度不是限制环节。**
problem2_slove.md,979,3,3.0,ALLOW,3 h,0.0,$10800 \mathrm s$，故温度在 3 h 内已基本达到准稳态。**这一阶段温度不是限制环节。**
problem2_slove.md,981,3,3.0,ALLOW,3 h,0.0,**(b) 水分场：干燥显著由表及里，3 h 末核心仍然很湿。**
problem2_slove.md,983,0,0.0,ALLOW,零,0.0,| 时刻 | $C(0)$ | $C(1.0 \mathrm{cm})$ | $C(R)$ | 径向跨距 |
problem2_slove.md,983,1.0,1.0,ALLOW,题面: 半径网格 1 cm,0.0,| 时刻 | $C(0)$ | $C(1.0 \mathrm{cm})$ | $C(R)$ | 径向跨距 |
problem2_slove.md,985,60,60.0,ALLOW,附件1 采样间隔 60 s,0.0,| 60 s | 2.55000 | 2.55000 | 2.32700 | — |
problem2_slove.md,985,2.55000,2.55,ALLOW,题面: 初始干基含水率 2.55 kg/kg,0.0,| 60 s | 2.55000 | 2.55000 | 2.32700 | — |
problem2_slove.md,985,2.55000,2.55,ALLOW,题面: 初始干基含水率 2.55 kg/kg,0.0,| 60 s | 2.55000 | 2.55000 | 2.32700 | — |
problem2_slove.md,985,2.32700,2.327,REGISTRY,DV_Cs_60,0.000e+00,| 60 s | 2.55000 | 2.55000 | 2.32700 | — |
problem2_slove.md,986,600,600.0,ALLOW,题面表1/2 时间点,0.0,| 600 s | 2.55000 | 2.55000 | 1.93170 | — |
problem2_slove.md,986,2.55000,2.55,ALLOW,题面: 初始干基含水率 2.55 kg/kg,0.0,| 600 s | 2.55000 | 2.55000 | 1.93170 | — |
problem2_slove.md,986,2.55000,2.55,ALLOW,题面: 初始干基含水率 2.55 kg/kg,0.0,| 600 s | 2.55000 | 2.55000 | 1.93170 | — |
problem2_slove.md,986,1.93170,1.9317,REGISTRY,DV_Cs_600,0.000e+00,| 600 s | 2.55000 | 2.55000 | 1.93170 | — |
problem2_slove.md,987,0.5,0.5,ALLOW,题面: 半径网格 0.5 cm,0.0,| 0.5 h | 2.54990 | 2.52570 | 1.64750 | 0.9024 |
problem2_slove.md,987,2.54990,2.5499,REGISTRY,DV_C0_h0p5,0.000e+00,| 0.5 h | 2.54990 | 2.52570 | 1.64750 | 0.9024 |
problem2_slove.md,987,2.52570,2.5257,REGISTRY,DV_Cm_1800,0.000e+00,| 0.5 h | 2.54990 | 2.52570 | 1.64750 | 0.9024 |
problem2_slove.md,987,1.64750,1.6475,REGISTRY,DV_CR_h0p5,0.000e+00,| 0.5 h | 2.54990 | 2.52570 | 1.64750 | 0.9024 |
problem2_slove.md,987,0.9024,0.9024,REGISTRY,DV_Cspan_h0.5,0.000e+00,| 0.5 h | 2.54990 | 2.52570 | 1.64750 | 0.9024 |
problem2_slove.md,988,1,1.0,ALLOW,题面: 半径网格 1 cm,0.0,| 1 h | 2.52610 | 2.35870 | 1.46990 | 1.0562 |
problem2_slove.md,988,2.52610,2.5261,REGISTRY,DV_Cc_3600,0.000e+00,| 1 h | 2.52610 | 2.35870 | 1.46990 | 1.0562 |
problem2_slove.md,988,2.35870,2.3587,REGISTRY,DV_Cm_3600,0.000e+00,| 1 h | 2.52610 | 2.35870 | 1.46990 | 1.0562 |
problem2_slove.md,988,1.46990,1.4699,REGISTRY,DV_Cs_3600,0.000e+00,| 1 h | 2.52610 | 2.35870 | 1.46990 | 1.0562 |
problem2_slove.md,988,1.0562,1.0562,REGISTRY,DV_Cspan_h1.0,0.000e+00,| 1 h | 2.52610 | 2.35870 | 1.46990 | 1.0562 |
problem2_slove.md,989,2,2.0,ALLOW,题面: 半径 2 cm / 通用整数,0.0,| 2 h | 2.17270 | 1.92490 | 1.23030 | 0.9424 |
problem2_slove.md,989,2.17270,2.1727,REGISTRY,DV_Cc_7200,0.000e+00,| 2 h | 2.17270 | 1.92490 | 1.23030 | 0.9424 |
problem2_slove.md,989,1.92490,1.9249,REGISTRY,DV_Cm_7200,0.000e+00,| 2 h | 2.17270 | 1.92490 | 1.23030 | 0.9424 |
problem2_slove.md,989,1.23030,1.2303,REGISTRY,DV_Cs_7200,0.000e+00,| 2 h | 2.17270 | 1.92490 | 1.23030 | 0.9424 |
problem2_slove.md,989,0.9424,0.9424,REGISTRY,DV_Cspan_h2.0,0.000e+00,| 2 h | 2.17270 | 1.92490 | 1.23030 | 0.9424 |
problem2_slove.md,990,3,3.0,ALLOW,3 h,0.0,| 3 h | 1.76810 | 1.57150 | 1.00780 | 0.7603 |
problem2_slove.md,990,1.76810,1.7681,REGISTRY,DV_Cc_10800,0.000e+00,| 3 h | 1.76810 | 1.57150 | 1.00780 | 0.7603 |
problem2_slove.md,990,1.57150,1.5715,REGISTRY,DV_Cm_10800,0.000e+00,| 3 h | 1.76810 | 1.57150 | 1.00780 | 0.7603 |
problem2_slove.md,990,1.00780,1.0078,REGISTRY,DV_Cs_10800,0.000e+00,| 3 h | 1.76810 | 1.57150 | 1.00780 | 0.7603 |
problem2_slove.md,990,0.7603,0.7603,REGISTRY,DV_Cspan_h3.0,0.000e+00,| 3 h | 1.76810 | 1.57150 | 1.00780 | 0.7603 |
problem2_slove.md,992,0.5,0.5,ALLOW,题面: 半径网格 0.5 cm,0.0,- 前 0.5 h 内中心含水率由 $2.55$ 只变到 $2.54990$（变化 $0.004%$），而表面已降到
problem2_slove.md,992,2.55,2.55,ALLOW,题面: 初始干基含水率 2.55 kg/kg,0.0,- 前 0.5 h 内中心含水率由 $2.55$ 只变到 $2.54990$（变化 $0.004%$），而表面已降到
problem2_slove.md,992,2.54990,2.5499,REGISTRY,DV_C0_h0p5,0.000e+00,- 前 0.5 h 内中心含水率由 $2.55$ 只变到 $2.54990$（变化 $0.004%$），而表面已降到
problem2_slove.md,992,0.004,0.004,REGISTRY,V4_q2_dt025_dC,2.447e-07,- 前 0.5 h 内中心含水率由 $2.55$ 只变到 $2.54990$（变化 $0.004%$），而表面已降到
problem2_slove.md,993,1.64750,1.6475,REGISTRY,DV_CR_h0p5,0.000e+00,$1.64750$——**干燥几乎只发生在表层，核心尚未响应**。
problem2_slove.md,994,3,3.0,ALLOW,3 h,0.0,- 3 h 末：中心 $1.76810$（初值的 $69.34%$），表面 $1.00780$（初值的 $39.52%$），
problem2_slove.md,994,1.76810,1.7681,REGISTRY,DV_Cc_10800,0.000e+00,- 3 h 末：中心 $1.76810$（初值的 $69.34%$），表面 $1.00780$（初值的 $39.52%$），
problem2_slove.md,994,69.34,69.34,REGISTRY,DV_C0_pct,2.745e-03,- 3 h 末：中心 $1.76810$（初值的 $69.34%$），表面 $1.00780$（初值的 $39.52%$），
problem2_slove.md,994,1.00780,1.0078,REGISTRY,DV_Cs_10800,0.000e+00,- 3 h 末：中心 $1.76810$（初值的 $69.34%$），表面 $1.00780$（初值的 $39.52%$），
problem2_slove.md,994,39.52,39.52,REGISTRY,DV_CR_pct,1.569e-03,- 3 h 末：中心 $1.76810$（初值的 $69.34%$），表面 $1.00780$（初值的 $39.52%$），
problem2_slove.md,995,1.383261,1.383261,REGISTRY,DV_Cbar,1.978e-07,体积平均 $1.383261 \mathrm{kg/kg}$。
problem2_slove.md,996,45.7545,45.7545,REGISTRY,P28_loss,2.166e-05,- 总失水率 $45.7545%$（$W(0)=5.100000e-4$ →
problem2_slove.md,996,0,0.0,ALLOW,零,0.0,- 总失水率 $45.7545%$（$W(0)=5.100000e-4$ →
problem2_slove.md,996,5.100000e-4,0.00051,REGISTRY,P26_W0,0.000e+00,- 总失水率 $45.7545%$（$W(0)=5.100000e-4$ →
problem2_slove.md,997,10800,10800.0,ALLOW,题面表3/4 时间点 3 h,0.0,$W(10800)=2.766522e-4$，per $2\pi$、单位轴长）。
problem2_slove.md,997,2.766522e-4,0.0002766522,REGISTRY,P27_W_end,3.956e-11,$W(10800)=2.766522e-4$，per $2\pi$、单位轴长）。
problem2_slove.md,997,2,2.0,ALLOW,题面: 半径 2 cm / 通用整数,0.0,$W(10800)=2.766522e-4$，per $2\pi$、单位轴长）。
problem2_slove.md,998,7.090e4,70900.0,REGISTRY,C_tauC,8.617e-01,"- 这与 $R/D(C,T)=7.090e4 \mathrm s$（$19.694 \mathrm h$）一致："
problem2_slove.md,998,19.694,19.694,REGISTRY,DV_tauC_h,6.838e-04,"- 这与 $R/D(C,T)=7.090e4 \mathrm s$（$19.694 \mathrm h$）一致："
problem2_slove.md,999,3,3.0,ALLOW,3 h,0.0,3 h 只是水分过程的一小部分（$0.1523$ 倍），**水分是限制环节**。
problem2_slove.md,999,0.1523,0.1523,REGISTRY,G_3h_over_tauC,2.537e-05,3 h 只是水分过程的一小部分（$0.1523$ 倍），**水分是限制环节**。
problem2_slove.md,1003,3,3.0,ALLOW,3 h,0.0,| 通路 | 机理 | 3 h 内的表现 |
problem2_slove.md,1005,28,28.0,ALLOW,题面: 初温 28 degC,0.0,| $T\to D\to C$ | Arrhenius | 温度由 $28$ 升到 $49.9 ^\circ\mathrm C$，$D(C)$ 由 $5.6417e-9$ 增至 $
problem2_slove.md,1005,49.9,49.9,REGISTRY,V9_s_h08_TR,4.343e-03,| $T\to D\to C$ | Arrhenius | 温度由 $28$ 升到 $49.9 ^\circ\mathrm C$，$D(C)$ 由 $5.6417e-9$ 增至 $
problem2_slove.md,1005,5.6417e-9,5.6417e-09,REGISTRY,B_D_2.55_28,1.963e-14,| $T\to D\to C$ | Arrhenius | 温度由 $28$ 升到 $49.9 ^\circ\mathrm C$，$D(C)$ 由 $5.6417e-9$ 增至 $
problem2_slove.md,1005,1.3471e-8,1.3471e-08,REGISTRY,B_D_2.55_50,3.178e-14,| $T\to D\to C$ | Arrhenius | 温度由 $28$ 升到 $49.9 ^\circ\mathrm C$，$D(C)$ 由 $5.6417e-9$ 增至 $
problem2_slove.md,1005,2.3878,2.3878,REGISTRY,B_D_ratio_28_50,4.186e-05,| $T\to D\to C$ | Arrhenius | 温度由 $28$ 升到 $49.9 ^\circ\mathrm C$，$D(C)$ 由 $5.6417e-9$ 增至 $
problem2_slove.md,1006,1.0,1.0,ALLOW,题面: 半径网格 1 cm,0.0,"| $C\to\rho c_p,k\to T$ | 热惯性 | 表层 $C$ 降到 $1.0$，$\rho c_p$ 由 $3.335e6$ 降至约 $2.2e6$，**表层升温加"
problem2_slove.md,1006,3.335e6,3335000.0,REGISTRY,A_rcp_2.55,3.052e+02,"| $C\to\rho c_p,k\to T$ | 热惯性 | 表层 $C$ 降到 $1.0$，$\rho c_p$ 由 $3.335e6$ 降至约 $2.2e6$，**表层升温加"
problem2_slove.md,1006,2.2e6,2200000.0,REGISTRY,A_rcp_1.0,7.596e+03,"| $C\to\rho c_p,k\to T$ | 热惯性 | 表层 $C$ 降到 $1.0$，$\rho c_p$ 由 $3.335e6$ 降至约 $2.2e6$，**表层升温加"
problem2_slove.md,1007,0.1082,0.1082,REGISTRY,V8_maxdT,2.008e-05,| $C(R)\to q\to T(R)$ | 相变潜热 | 表面温降 $0.1082 \mathrm K$；$t=10800 \mathrm s$ 时 $q$ 为 $0.0365
problem2_slove.md,1007,10800,10800.0,ALLOW,题面表3/4 时间点 3 h,0.0,| $C(R)\to q\to T(R)$ | 相变潜热 | 表面温降 $0.1082 \mathrm K$；$t=10800 \mathrm s$ 时 $q$ 为 $0.0365
problem2_slove.md,1007,0.036516,0.036516,REGISTRY,DV_qevap_end,4.842e-07,| $C(R)\to q\to T(R)$ | 相变潜热 | 表面温降 $0.1082 \mathrm K$；$t=10800 \mathrm s$ 时 $q$ 为 $0.0365
problem2_slove.md,1007,-0.1531,-0.1531,REGISTRY,DV_qconv_end,1.002e-14,| $C(R)\to q\to T(R)$ | 相变潜热 | 表面温降 $0.1082 \mathrm K$；$t=10800 \mathrm s$ 时 $q$ 为 $0.0365
problem2_slove.md,1007,2,2.0,ALLOW,题面: 半径 2 cm / 通用整数,0.0,| $C(R)\to q\to T(R)$ | 相变潜热 | 表面温降 $0.1082 \mathrm K$；$t=10800 \mathrm s$ 时 $q$ 为 $0.0365
problem2_slove.md,1007,0.2385,0.2385,REGISTRY,DV_qratio_end,1.394e-05,| $C(R)\to q\to T(R)$ | 相变潜热 | 表面温降 $0.1082 \mathrm K$；$t=10800 \mathrm s$ 时 $q$ 为 $0.0365
problem2_slove.md,1009,3,3.0,ALLOW,3 h,0.0,**(d) 与问题三的关系（仅作提示，不在本文范围内）。** 3 h 末表面含水率
problem2_slove.md,1010,1.0078,1.0078,REGISTRY,DV_Cs_10800,0.000e+00,$1.0078$ 仍远高于 $0.15 \mathrm{kg/kg}$，中心更高达 $1.7681$；而水分特征时间
problem2_slove.md,1010,0.15,0.15,ALLOW,题面问题3: 含水率目标 0.15 kg/kg,0.0,$1.0078$ 仍远高于 $0.15 \mathrm{kg/kg}$，中心更高达 $1.7681$；而水分特征时间
problem2_slove.md,1010,1.7681,1.7681,REGISTRY,DV_Cc_10800,0.000e+00,$1.0078$ 仍远高于 $0.15 \mathrm{kg/kg}$，中心更高达 $1.7681$；而水分特征时间
problem2_slove.md,1011,19.694,19.694,REGISTRY,DV_tauC_h,6.838e-04,"$R/D$ 为 $19.694 \mathrm h$。故""各处低于 $0.15$""所需时间必然**远超 3 h**，"
problem2_slove.md,1011,0.15,0.15,ALLOW,题面问题3: 含水率目标 0.15 kg/kg,0.0,"$R/D$ 为 $19.694 \mathrm h$。故""各处低于 $0.15$""所需时间必然**远超 3 h**，"
problem2_slove.md,1011,3,3.0,ALLOW,3 h,0.0,"$R/D$ 为 $19.694 \mathrm h$。故""各处低于 $0.15$""所需时间必然**远超 3 h**，"
problem2_slove.md,1020,8e-7,8e-07,ALLOW,附录2: 对流传质系数,0.0,"题面给定的 $h_m=8e-7 \mathrm{m/s}$ 与""热质传递类比""估计"
problem2_slove.md,1021,2e-2,0.02,ALLOW,长度换算 / dt=0.02 s,0.0,（$\sim2e-2 \mathrm{m/s}$，见问题一  ）相差约 4 个数量级。
problem2_slove.md,1021,4,4.0,ALLOW,结构/常数,0.0,（$\sim2e-2 \mathrm{m/s}$，见问题一  ）相差约 4 个数量级。
problem2_slove.md,1023,200,200.0,ALLOW,网格数 M=200,0.0,（$M=200$，$\Delta t=0.25 \mathrm s$）：
problem2_slove.md,1023,0.25,0.25,ALLOW,dt=0.25 s,0.0,（$M=200$，$\Delta t=0.25 \mathrm s$）：
problem2_slove.md,1025,10800,10800.0,ALLOW,题面表3/4 时间点 3 h,0.0,"| 变体 | $T(R,10800 \mathrm s)$ / °C | $\max\lvert\Delta T(R)\rvert$ / K | $C(R,10800 \mathr"
problem2_slove.md,1025,10800,10800.0,ALLOW,题面表3/4 时间点 3 h,0.0,"| 变体 | $T(R,10800 \mathrm s)$ / °C | $\max\lvert\Delta T(R)\rvert$ / K | $C(R,10800 \mathr"
problem2_slove.md,1027,8e-7,8e-07,ALLOW,附录2: 对流传质系数,0.0,| 基准（$h_m=8e-7$） | $49.8888$ | — | $1.00778$ |
problem2_slove.md,1027,49.8888,49.8888,REGISTRY,DV_Tmax,0.000e+00,| 基准（$h_m=8e-7$） | $49.8888$ | — | $1.00778$ |
problem2_slove.md,1027,1.00778,1.00778,REGISTRY,V9b_base_CR,5.614e-07,| 基准（$h_m=8e-7$） | $49.8888$ | — | $1.00778$ |
problem2_slove.md,1028,1.2,1.2,REGISTRY,?,0.000e+00,| $Hx1.2$ | $49.8732$ | $0.021620$ | $1.00771$ |
problem2_slove.md,1028,49.8732,49.8732,REGISTRY,V9_s_h12_TR,9.723e-06,| $Hx1.2$ | $49.8732$ | $0.021620$ | $1.00771$ |
problem2_slove.md,1028,0.021620,0.02162,REGISTRY,V9_s_h12,4.519e-07,| $Hx1.2$ | $49.8732$ | $0.021620$ | $1.00771$ |
problem2_slove.md,1028,1.00771,1.00771,REGISTRY,V9_s_h12_CR,2.482e-06,| $Hx1.2$ | $49.8732$ | $0.021620$ | $1.00771$ |
problem2_slove.md,1029,0.8,0.8,REGISTRY,?,2.657e-03,| $Hx0.8$ | $49.9043$ | $0.021625$ | $1.00785$ |
problem2_slove.md,1029,49.9043,49.9043,REGISTRY,V9_s_h08_TR,4.264e-05,| $Hx0.8$ | $49.9043$ | $0.021625$ | $1.00785$ |
problem2_slove.md,1029,0.021625,0.021625,REGISTRY,V9_s_h08,2.972e-08,| $Hx0.8$ | $49.9043$ | $0.021625$ | $1.00785$ |
problem2_slove.md,1029,1.00785,1.00785,REGISTRY,V9_s_h08_CR,1.413e-06,| $Hx0.8$ | $49.9043$ | $0.021625$ | $1.00785$ |
problem2_slove.md,1030,0,0.0,ALLOW,零,0.0,| $H=0$ | $49.9666$ | $0.108179$ | $1.00812$ |
problem2_slove.md,1030,49.9666,49.9666,REGISTRY,V9_s_hoff_TR,3.558e-05,| $H=0$ | $49.9666$ | $0.108179$ | $1.00812$ |
problem2_slove.md,1030,0.108179,0.108179,REGISTRY,V9_s_hoff,4.023e-08,| $H=0$ | $49.9666$ | $0.108179$ | $1.00812$ |
problem2_slove.md,1030,1.00812,1.00812,REGISTRY,V9_s_hoff_CR,1.488e-07,| $H=0$ | $49.9666$ | $0.108179$ | $1.00812$ |
problem2_slove.md,1031,10,10.0,ALLOW,结构,0.0,| $h_mx10$ | $49.9528$ | $0.457488$ | $\mathbf{0.12668}$ |
problem2_slove.md,1031,49.9528,49.9528,REGISTRY,V9_s_hm10_TR,1.736e-06,| $h_mx10$ | $49.9528$ | $0.457488$ | $\mathbf{0.12668}$ |
problem2_slove.md,1031,0.457488,0.457488,REGISTRY,V9_s_hm10,3.558e-07,| $h_mx10$ | $49.9528$ | $0.457488$ | $\mathbf{0.12668}$ |
problem2_slove.md,1031,0.12668,0.12668,REGISTRY,V9_s_hm10_CR,3.260e-07,| $h_mx10$ | $49.9528$ | $0.457488$ | $\mathbf{0.12668}$ |
problem2_slove.md,1032,100,100.0,ALLOW,题面表1/2 时间点,0.0,| $h_mx100$ | $49.9555$ | $0.498589$ | $\mathbf{0.05729}$ |
problem2_slove.md,1032,49.9555,49.9555,REGISTRY,V9_s_hm100_TR,1.509e-05,| $h_mx100$ | $49.9555$ | $0.498589$ | $\mathbf{0.05729}$ |
problem2_slove.md,1032,0.498589,0.498589,REGISTRY,V9_s_hm100,4.846e-07,| $h_mx100$ | $49.9555$ | $0.498589$ | $\mathbf{0.05729}$ |
problem2_slove.md,1032,0.05729,0.05729,REGISTRY,V9_s_hm100_CR,3.307e-06,| $h_mx100$ | $49.9555$ | $0.498589$ | $\mathbf{0.05729}$ |
problem2_slove.md,1036,1,1.0,ALLOW,题面: 半径网格 1 cm,0.0,1. **$H$ 的不确定性影响很小**：$\pm20%$ 只改变表面温度 $0.0216 \mathrm K$
problem2_slove.md,1036,20,20.0,ALLOW,结构,0.0,1. **$H$ 的不确定性影响很小**：$\pm20%$ 只改变表面温度 $0.0216 \mathrm K$
problem2_slove.md,1036,0.0216,0.0216,REGISTRY,V9_s_h12,1.955e-05,1. **$H$ 的不确定性影响很小**：$\pm20%$ 只改变表面温度 $0.0216 \mathrm K$
problem2_slove.md,1038,2,2.0,ALLOW,题面: 半径 2 cm / 通用整数,0.0,2. **$h_m$ 的口径影响是决定性的**：取 $h_mx10$ 时，3 h 末表面含水率变成
problem2_slove.md,1038,10,10.0,ALLOW,结构,0.0,2. **$h_m$ 的口径影响是决定性的**：取 $h_mx10$ 时，3 h 末表面含水率变成
problem2_slove.md,1038,3,3.0,ALLOW,3 h,0.0,2. **$h_m$ 的口径影响是决定性的**：取 $h_mx10$ 时，3 h 末表面含水率变成
problem2_slove.md,1039,0.12668,0.12668,REGISTRY,V9_s_hm10_CR,3.260e-07,$0.12668$ —— **已经低于问题三的 $0.15$ 目标**，与基准的 $1.00778$ 相差近一个数量级。
problem2_slove.md,1039,0.15,0.15,ALLOW,题面问题3: 含水率目标 0.15 kg/kg,0.0,$0.12668$ —— **已经低于问题三的 $0.15$ 目标**，与基准的 $1.00778$ 相差近一个数量级。
problem2_slove.md,1039,1.00778,1.00778,REGISTRY,V9b_base_CR,5.614e-07,$0.12668$ —— **已经低于问题三的 $0.15$ 目标**，与基准的 $1.00778$ 相差近一个数量级。
problem2_slove.md,1047,1,1.0,ALLOW,题面: 半径网格 1 cm,0.0,通过量级论证选择式 (1)（非保守形式）：它与守恒形式的差别达 $17.27 \mathrm K$。
problem2_slove.md,1047,17.27,17.27,REGISTRY,V11_dT,4.457e-03,通过量级论证选择式 (1)（非保守形式）：它与守恒形式的差别达 $17.27 \mathrm K$。
problem2_slove.md,1050,1,1.0,ALLOW,题面: 半径网格 1 cm,0.0,1. **混合物关系**。附录 3 的 $\rho(C)c_p(C)$ 恰为混合物形式
problem2_slove.md,1050,3,3.0,ALLOW,3 h,0.0,1. **混合物关系**。附录 3 的 $\rho(C)c_p(C)$ 恰为混合物形式
problem2_slove.md,1051,1450,1450.0,ALLOW,附录3: cp 常数项,0.0,（$c_s=1450$、$c_l=4186 \mathrm{J/(kg\cdot K)}$，相对差 $1.93e-16$）。
problem2_slove.md,1051,4186,4186.0,REGISTRY,EA_cl,0.000e+00,（$c_s=1450$、$c_l=4186 \mathrm{J/(kg\cdot K)}$，相对差 $1.93e-16$）。
problem2_slove.md,1051,1.93e-16,1.93e-16,REGISTRY,EA_equiv_max,4.438e-19,（$c_s=1450$、$c_l=4186 \mathrm{J/(kg\cdot K)}$，相对差 $1.93e-16$）。
problem2_slove.md,1053,2,2.0,ALLOW,题面: 半径 2 cm / 通用整数,0.0,2. **严格方程自身可能有余项，且其大小依赖温度基准。** 式 (1) 不是严格守恒形式的
problem2_slove.md,1053,1,1.0,ALLOW,题面: 半径网格 1 cm,0.0,2. **严格方程自身可能有余项，且其大小依赖温度基准。** 式 (1) 不是严格守恒形式的
problem2_slove.md,1056,1.71,1.71,REGISTRY,EX_resid_pct,2.633e-03,它正比于 $(T-T)$，故占主项的比例随基准从 $1.71%$（$T=28 ^\circ\mathrm C$）
problem2_slove.md,1056,28,28.0,ALLOW,题面: 初温 28 degC,0.0,它正比于 $(T-T)$，故占主项的比例随基准从 $1.71%$（$T=28 ^\circ\mathrm C$）
problem2_slove.md,1057,76.77,76.77,REGISTRY,EX_R0pct_Tref0,7.876e-04,变到 $76.77%$（$T=0 \mathrm K$）。**基准依赖性说明 $R$ 不是物理源项，
problem2_slove.md,1057,0,0.0,ALLOW,零,0.0,变到 $76.77%$（$T=0 \mathrm K$）。**基准依赖性说明 $R$ 不是物理源项，
problem2_slove.md,1058,3,3.0,ALLOW,3 h,0.0,"而是附录 3 的 $\rho(C)$ 与""干物质守恒""不自洽的产物**（ ）："
problem2_slove.md,1059,0,0.0,ALLOW,零,0.0,在自洽读法（$\rho_s$ 为常数）下 $\mathrm d\rho_s/\mathrm dC=0$、$R\equiv0$，
problem2_slove.md,1059,0,0.0,ALLOW,零,0.0,在自洽读法（$\rho_s$ 为常数）下 $\mathrm d\rho_s/\mathrm dC=0$、$R\equiv0$，
problem2_slove.md,1060,1,1.0,ALLOW,题面: 半径网格 1 cm,0.0,式 (1) **精确**成立，与基准无关。
problem2_slove.md,1062,1,1.0,ALLOW,题面: 半径网格 1 cm,0.0,结论：本文的选择在**两种可选写法之间**是明确的，且在自洽物性读法下式 (1) 精确。
problem2_slove.md,1063,1.71,1.71,REGISTRY,EX_resid_pct,2.633e-03,"论文中应给出上面两点，并**不要**引用""$R$ 占 $1.71%$ vs 伪源项占 $829.7%$、"
problem2_slove.md,1063,829.7,829.7,REGISTRY,EX_Sfalse_pct,3.556e-02,"论文中应给出上面两点，并**不要**引用""$R$ 占 $1.71%$ vs 伪源项占 $829.7%$、"
problem2_slove.md,1064,486,486.0,REGISTRY,EV_ratio_Tref30115,2.631e-02,"相差 $486$ 倍""这种论证——那是两个温度基准混用的结果（  的表）。"
problem2_slove.md,1068,3,3.0,ALLOW,3 h,0.0,附录 3 的 $\rho(C)$ 反推的干基骨架密度 $\rho_s$ 由 $275.0423$ 升到
problem2_slove.md,1068,275.0423,275.0423,REGISTRY,EB_rhos_2.55,4.648e-05,附录 3 的 $\rho(C)$ 反推的干基骨架密度 $\rho_s$ 由 $275.0423$ 升到
problem2_slove.md,1069,581.9130,581.913,REGISTRY,EB_rhos_0.15,4.348e-05,"$581.9130 \mathrm{kg/m}$（$+111.57%$），与""体积不收缩 $+$ 干物质守恒""不自洽。"
problem2_slove.md,1069,111.57,111.57,REGISTRY,EB_rhos_drift,2.235e-03,"$581.9130 \mathrm{kg/m}$（$+111.57%$），与""体积不收缩 $+$ 干物质守恒""不自洽。"
problem2_slove.md,1070,4,4.0,ALLOW,结构/常数,0.0,本文按题面式 (4) 的口径取 $C$ 为守恒量（ ），这使模型自洽，但意味着
problem2_slove.md,1073,2,2.0,ALLOW,题面: 半径 2 cm / 通用整数,0.0,此外，附件 2 给出半径的时间历程：$R(0)=2.000$ cm、$R(1800 \mathrm s)=1.873$ cm、
problem2_slove.md,1073,0,0.0,ALLOW,零,0.0,此外，附件 2 给出半径的时间历程：$R(0)=2.000$ cm、$R(1800 \mathrm s)=1.873$ cm、
problem2_slove.md,1073,2.000,2.0,ALLOW,题面: 半径 2 cm / 通用整数,0.0,此外，附件 2 给出半径的时间历程：$R(0)=2.000$ cm、$R(1800 \mathrm s)=1.873$ cm、
problem2_slove.md,1073,1800,1800.0,ALLOW,题面表1/2 时间点 / 阶段时长,0.0,此外，附件 2 给出半径的时间历程：$R(0)=2.000$ cm、$R(1800 \mathrm s)=1.873$ cm、
problem2_slove.md,1073,1.873,1.873,REGISTRY,H_R_1800,0.000e+00,此外，附件 2 给出半径的时间历程：$R(0)=2.000$ cm、$R(1800 \mathrm s)=1.873$ cm、
problem2_slove.md,1074,3600,3600.0,ALLOW,题面表3/4 时间点 1 h,0.0,$R(3600 \mathrm s)=1.794$ cm、$R(10800 \mathrm s)=1.552$ cm，
problem2_slove.md,1074,1.794,1.794,REGISTRY,H_R_3600,0.000e+00,$R(3600 \mathrm s)=1.794$ cm、$R(10800 \mathrm s)=1.552$ cm，
problem2_slove.md,1074,10800,10800.0,ALLOW,题面表3/4 时间点 3 h,0.0,$R(3600 \mathrm s)=1.794$ cm、$R(10800 \mathrm s)=1.552$ cm，
problem2_slove.md,1074,1.552,1.552,REGISTRY,H_R_10800,0.000e+00,$R(3600 \mathrm s)=1.794$ cm、$R(10800 \mathrm s)=1.552$ cm，
problem2_slove.md,1075,3,3.0,ALLOW,3 h,0.0,即 **3 h 内收缩 $22.4%$**（0.5 h 内收缩 $6.35%$）。本文按假设 B7 **不计收缩**。
problem2_slove.md,1075,22.4,22.4,REGISTRY,H_shrink_10800,0.000e+00,即 **3 h 内收缩 $22.4%$**（0.5 h 内收缩 $6.35%$）。本文按假设 B7 **不计收缩**。
problem2_slove.md,1075,0.5,0.5,ALLOW,题面: 半径网格 0.5 cm,0.0,即 **3 h 内收缩 $22.4%$**（0.5 h 内收缩 $6.35%$）。本文按假设 B7 **不计收缩**。
problem2_slove.md,1075,6.35,6.35,REGISTRY,H_shrink_1800,0.000e+00,即 **3 h 内收缩 $22.4%$**（0.5 h 内收缩 $6.35%$）。本文按假设 B7 **不计收缩**。
problem2_slove.md,1075,7,7.0,ALLOW,结构,0.0,即 **3 h 内收缩 $22.4%$**（0.5 h 内收缩 $6.35%$）。本文按假设 B7 **不计收缩**。
problem2_slove.md,1076,4,4.0,ALLOW,结构/常数,0.0,收缩的显式处理属问题 4，但它在 3 h 内已有 $22.4%$ 的线性尺度效应、
problem2_slove.md,1076,3,3.0,ALLOW,3 h,0.0,收缩的显式处理属问题 4，但它在 3 h 内已有 $22.4%$ 的线性尺度效应、
problem2_slove.md,1076,22.4,22.4,REGISTRY,H_shrink_10800,0.000e+00,收缩的显式处理属问题 4，但它在 3 h 内已有 $22.4%$ 的线性尺度效应、
problem2_slove.md,1077,40,40.0,ALLOW,结构/40 degC,0.0,约 $40%$ 的体积效应，是本文的**已知偏差来源**，量级上远超 $h_m$ 之外的所有其他假设。
problem2_slove.md,1079,2,2.0,ALLOW,题面: 半径 2 cm / 通用整数,0.0,"> **更正记录（本次）**：`problem2.md` 的 B7 原先写作""3 h 内 $R$ 由 2.000 降至约 1.75 cm"
problem2_slove.md,1079,7,7.0,ALLOW,结构,0.0,"> **更正记录（本次）**：`problem2.md` 的 B7 原先写作""3 h 内 $R$ 由 2.000 降至约 1.75 cm"
problem2_slove.md,1079,3,3.0,ALLOW,3 h,0.0,"> **更正记录（本次）**：`problem2.md` 的 B7 原先写作""3 h 内 $R$ 由 2.000 降至约 1.75 cm"
problem2_slove.md,1079,2.000,2.0,ALLOW,题面: 半径 2 cm / 通用整数,0.0,"> **更正记录（本次）**：`problem2.md` 的 B7 原先写作""3 h 内 $R$ 由 2.000 降至约 1.75 cm"
problem2_slove.md,1079,1.75,1.75,ALLOW,附件2: 3 h 内半径由 2.000 降至约 1.75 cm,0.0,"> **更正记录（本次）**：`problem2.md` 的 B7 原先写作""3 h 内 $R$ 由 2.000 降至约 1.75 cm"
problem2_slove.md,1080,12,12.0,ALLOW,网格数 M=12 (Jacobian 校核),0.0,"> （收缩约 12 %）""。**该数值是错的**：由附件 2，$t=10800 \mathrm s$ 时 $R=1.552$ cm，"
problem2_slove.md,1080,2,2.0,ALLOW,题面: 半径 2 cm / 通用整数,0.0,"> （收缩约 12 %）""。**该数值是错的**：由附件 2，$t=10800 \mathrm s$ 时 $R=1.552$ cm，"
problem2_slove.md,1080,10800,10800.0,ALLOW,题面表3/4 时间点 3 h,0.0,"> （收缩约 12 %）""。**该数值是错的**：由附件 2，$t=10800 \mathrm s$ 时 $R=1.552$ cm，"
problem2_slove.md,1080,1.552,1.552,REGISTRY,H_R_10800,0.000e+00,"> （收缩约 12 %）""。**该数值是错的**：由附件 2，$t=10800 \mathrm s$ 时 $R=1.552$ cm，"
problem2_slove.md,1081,22.4,22.4,REGISTRY,H_shrink_10800,0.000e+00,> 收缩 $22.4%$。已按附件 2 的原始数据更正（`registry_q2_model.csv` 的 `H_R_*` /
problem2_slove.md,1081,2,2.0,ALLOW,题面: 半径 2 cm / 通用整数,0.0,> 收缩 $22.4%$。已按附件 2 的原始数据更正（`registry_q2_model.csv` 的 `H_R_*` /
problem2_slove.md,1081,2,2.0,ALLOW,题面: 半径 2 cm / 通用整数,0.0,> 收缩 $22.4%$。已按附件 2 的原始数据更正（`registry_q2_model.csv` 的 `H_R_*` /
problem2_slove.md,1089,2,2.0,ALLOW,题面: 半径 2 cm / 通用整数,0.0,| B2 | 一维径向，忽略轴向与周向 | 端面面积仅占侧面 $4%$；中截面 $\partial_z=0$ 为精确条件 |
problem2_slove.md,1089,4,4.0,ALLOW,结构/常数,0.0,| B2 | 一维径向，忽略轴向与周向 | 端面面积仅占侧面 $4%$；中截面 $\partial_z=0$ 为精确条件 |
problem2_slove.md,1089,0,0.0,ALLOW,零,0.0,| B2 | 一维径向，忽略轴向与周向 | 端面面积仅占侧面 $4%$；中截面 $\partial_z=0$ 为精确条件 |
problem2_slove.md,1090,3,3.0,ALLOW,3 h,0.0,| B3 | 局部热平衡（LTE） | 未量化（需两相模型），凭 $\mathrm{Bi}=1.035$ 与多孔介质孔径判断为合理 |
problem2_slove.md,1090,1.035,1.035,REGISTRY,C_Bi,2.873e-04,| B3 | 局部热平衡（LTE） | 未量化（需两相模型），凭 $\mathrm{Bi}=1.035$ 与多孔介质孔径判断为合理 |
problem2_slove.md,1091,5,5.0,ALLOW,结构/常数,0.0,| B5 | Fick 扩散，忽略毛细压力与重力 | 题面给定 $D$ 的定义即以此为前提 |
problem2_slove.md,1092,9,9.0,ALLOW,结构,0.0,| B9 | $H$ 由热力学推导 | 见  ：推导链经 IAPWS-95 独立复核，斜率/截距误差 $<0.002%$ |
problem2_slove.md,1092,-95,-95.0,ALLOW,国际水物性标准名 IAPWS-95 中的 '-95',0.0,| B9 | $H$ 由热力学推导 | 见  ：推导链经 IAPWS-95 独立复核，斜率/截距误差 $<0.002%$ |
problem2_slove.md,1092,0.002,0.002,ALLOW,量级,0.0,| B9 | $H$ 由热力学推导 | 见  ：推导链经 IAPWS-95 独立复核，斜率/截距误差 $<0.002%$ |
problem2_slove.md,1098,2,2.0,ALLOW,题面: 半径 2 cm / 通用整数,0.0,| 时空离散，口径 (i) 增量（$Mx2$ 与 $\Delta t/2$ 校核） | $1.3808e-5$ | $3.8467e-5$ |
problem2_slove.md,1098,2,2.0,ALLOW,题面: 半径 2 cm / 通用整数,0.0,| 时空离散，口径 (i) 增量（$Mx2$ 与 $\Delta t/2$ 校核） | $1.3808e-5$ | $3.8467e-5$ |
problem2_slove.md,1098,1.3808e-5,1.3808e-05,REGISTRY,P01,3.100e-10,| 时空离散，口径 (i) 增量（$Mx2$ 与 $\Delta t/2$ 校核） | $1.3808e-5$ | $3.8467e-5$ |
problem2_slove.md,1098,3.8467e-5,3.8467e-05,REGISTRY,UC_win_t1_60s_dC,0.000e+00,| 时空离散，口径 (i) 增量（$Mx2$ 与 $\Delta t/2$ 校核） | $1.3808e-5$ | $3.8467e-5$ |
problem2_slove.md,1099,2.7615e-5,2.7615e-05,REGISTRY,V2_T_0.03125_0.015625,1.198e-10,| 时空离散，口径 (iii) Richardson-粗（对交付网格） | $2.7615e-5$ | $\mathbf{5.9677e-5}$ |
problem2_slove.md,1099,5.9677e-5,5.9677e-05,REGISTRY,UR_cC_t,4.393e-10,| 时空离散，口径 (iii) Richardson-粗（对交付网格） | $2.7615e-5$ | $\mathbf{5.9677e-5}$ |
problem2_slove.md,1100,2.9459e-5,2.9459e-05,REGISTRY,UC_iv_T,4.316e-10,| 时空离散，口径 (iv) 求和（最保守） | $2.9459e-5$ | $\mathbf{1.1097e-4}$ |
problem2_slove.md,1100,1.1097e-4,0.00011097,REGISTRY,UC_iv_C,3.069e-09,| 时空离散，口径 (iv) 求和（最保守） | $2.9459e-5$ | $\mathbf{1.1097e-4}$ |
problem2_slove.md,1101,0,0.0,ALLOW,零,0.0,| $r=0$ 的集中质量口径选择 | $7.0274e-6$ | $2.0054e-6$ |
problem2_slove.md,1101,7.0274e-6,7.0274e-06,REGISTRY,CN_prod_dT,3.228e-12,| $r=0$ 的集中质量口径选择 | $7.0274e-6$ | $2.0054e-6$ |
problem2_slove.md,1101,2.0054e-6,2.0054e-06,REGISTRY,CN_prod_dC,2.713e-11,| $r=0$ 的集中质量口径选择 | $7.0274e-6$ | $2.0054e-6$ |
problem2_slove.md,1102,1.0072e-5,1.0072e-05,REGISTRY,V7_T,3.715e-10,| 非线性处理（严格 Newton vs Picard） | $1.0072e-5$ | $3.3618e-6$ |
problem2_slove.md,1102,3.3618e-6,3.3618e-06,REGISTRY,V7_C,4.777e-11,| 非线性处理（严格 Newton vs Picard） | $1.0072e-5$ | $3.3618e-6$ |
problem2_slove.md,1103,2.9459e-5,2.9459e-05,REGISTRY,UC_iv_T,4.316e-10,| **温度合计（取最保守口径）** | $\mathbf{2.9459e-5}$（$58.92%$ 阈值） | — |
problem2_slove.md,1103,58.92,58.92,REGISTRY,UC_iv_Tpct,2.863e-03,| **温度合计（取最保守口径）** | $\mathbf{2.9459e-5}$（$58.92%$ 阈值） | — |
problem2_slove.md,1104,1.1097e-4,0.00011097,REGISTRY,UC_iv_C,3.069e-09,| **水分合计（取最保守口径）** | — | $\mathbf{1.1097e-4}$（$221.93%$ 阈值） |
problem2_slove.md,1104,221.93,221.93,REGISTRY,UC_iv_Cpct,3.862e-03,| **水分合计（取最保守口径）** | — | $\mathbf{1.1097e-4}$（$221.93%$ 阈值） |
problem2_slove.md,1106,5e-5,5e-05,ALLOW,四位小数的半 ulp 阈值,0.0,四位小数阈值 $5e-5$ 的对照（  的完整讨论）：
problem2_slove.md,1108,58.92,58.92,REGISTRY,UC_iv_Tpct,2.863e-03,- **温度**：最保守口径为 $58.92%$ 阈值，**四位小数可靠**。
problem2_slove.md,1109,76.93,76.93,REGISTRY,UC_win_t1_60s_pct,4.000e-03,- **水分**：口径 (i) 为 $76.93%$（阈值内），但**对交付网格自身的 Richardson 估计为
problem2_slove.md,1110,119.35,119.35,REGISTRY,UC_iii_Cpct,4.879e-03,$119.35%$、求和口径为 $221.93%$，均超出阈值**。故水分第 4 位**只在较松的
problem2_slove.md,1110,221.93,221.93,REGISTRY,UC_iv_Cpct,3.862e-03,$119.35%$、求和口径为 $221.93%$，均超出阈值**。故水分第 4 位**只在较松的
problem2_slove.md,1110,4,4.0,ALLOW,结构/常数,0.0,$119.35%$、求和口径为 $221.93%$，均超出阈值**。故水分第 4 位**只在较松的
problem2_slove.md,1112,60,60.0,ALLOW,附件1 采样间隔 60 s,0.0,- **受影响范围**：水分超阈只发生在 $t\le60 \mathrm s$ 的表面边界层；
problem2_slove.md,1113,3,3.0,ALLOW,3 h,0.0,**表 3 / 表 4（$0.5\sim3 \mathrm h$）的偏差 $\le3.8e-6$（$<8%$ 阈值），
problem2_slove.md,1113,4,4.0,ALLOW,结构/常数,0.0,**表 3 / 表 4（$0.5\sim3 \mathrm h$）的偏差 $\le3.8e-6$（$<8%$ 阈值），
problem2_slove.md,1113,0.5,0.5,ALLOW,题面: 半径网格 0.5 cm,0.0,**表 3 / 表 4（$0.5\sim3 \mathrm h$）的偏差 $\le3.8e-6$（$<8%$ 阈值），
problem2_slove.md,1113,3,3.0,ALLOW,3 h,0.0,**表 3 / 表 4（$0.5\sim3 \mathrm h$）的偏差 $\le3.8e-6$（$<8%$ 阈值），
problem2_slove.md,1113,3.8e-6,3.8e-06,ALLOW,待补: session-9 §7.3 的'表3/表4 时刻水分余量'上界 (其注册行未提供),0.0,**表 3 / 表 4（$0.5\sim3 \mathrm h$）的偏差 $\le3.8e-6$（$<8%$ 阈值），
problem2_slove.md,1113,8,8.0,ALLOW,结构,0.0,**表 3 / 表 4（$0.5\sim3 \mathrm h$）的偏差 $\le3.8e-6$（$<8%$ 阈值），
problem2_slove.md,1117,1e-4,0.0001,ALLOW,量级,0.0,的收缩与物性自洽性，其量级远大于 $1e-4$。**四位小数的报告精度是题面规定的
problem2_slove.md,1124,1,1.0,ALLOW,题面: 半径网格 1 cm,0.0,"1. 问题二与问题一的差别不是""换一组参数""，而是**模型结构**的三处变化："
problem2_slove.md,1125,17.2745,17.2745,REGISTRY,V11_dT,4.283e-05,能量方程形式不可再写成守恒形式（相差 17.2745 K）、引入蒸发吸热（表面温降
problem2_slove.md,1126,0.1082,0.1082,REGISTRY,V8_maxdT,2.008e-05,$0.1082 \mathrm K$ 且使极值原理下界失效）、两场双向强耦合
problem2_slove.md,1127,25.67,25.67,REGISTRY,C_ratio_inv,1.105e-03,（$\alpha/D=25.67$，需 Newton 迭代）。
problem2_slove.md,1128,2,2.0,ALLOW,题面: 半径 2 cm / 通用整数,0.0,2. 采用的数值方案（线性单元 $+$ 行和集中质量 $+$ 后向 Euler $+$ 阻尼 Newton）
problem2_slove.md,1130,1e-13,1e-13,ALLOW,数值量级,0.0,空间二阶、时间一阶；水量收支精确到 $1e-13$。
problem2_slove.md,1131,3,3.0,ALLOW,3 h,0.0,3. 生产设置 $M=1600$、$\Delta t=1/64 \mathrm s$ 下的四位小数可靠性**须分列**：
problem2_slove.md,1131,1600,1600.0,ALLOW,网格数 M=1600,0.0,3. 生产设置 $M=1600$、$\Delta t=1/64 \mathrm s$ 下的四位小数可靠性**须分列**：
problem2_slove.md,1131,1,1.0,ALLOW,题面: 半径网格 1 cm,0.0,3. 生产设置 $M=1600$、$\Delta t=1/64 \mathrm s$ 下的四位小数可靠性**须分列**：
problem2_slove.md,1131,64,64.0,ALLOW,1/64 s 的时间步分母,0.0,3. 生产设置 $M=1600$、$\Delta t=1/64 \mathrm s$ 下的四位小数可靠性**须分列**：
problem2_slove.md,1132,2.9459e-5,2.9459e-05,REGISTRY,UC_iv_T,4.316e-10,- **温度**：最保守口径 $2.9459e-5 \mathrm K=58.92%$ 阈值，**可靠**；
problem2_slove.md,1132,58.92,58.92,REGISTRY,UC_iv_Tpct,2.863e-03,- **温度**：最保守口径 $2.9459e-5 \mathrm K=58.92%$ 阈值，**可靠**；
problem2_slove.md,1133,76.93,76.93,REGISTRY,UC_win_t1_60s_pct,4.000e-03,- **水分**：口径 (i) $76.93%$（阈值内），但对交付网格自身的 Richardson 估计为
problem2_slove.md,1134,119.35,119.35,REGISTRY,UC_iii_Cpct,4.879e-03,$119.35%$、求和口径 $221.93%$，**超出阈值**。水分第 4 位只在较松口径下成立。
problem2_slove.md,1134,221.93,221.93,REGISTRY,UC_iv_Cpct,3.862e-03,$119.35%$、求和口径 $221.93%$，**超出阈值**。水分第 4 位只在较松口径下成立。
problem2_slove.md,1134,4,4.0,ALLOW,结构/常数,0.0,$119.35%$、求和口径 $221.93%$，**超出阈值**。水分第 4 位只在较松口径下成立。
problem2_slove.md,1135,3,3.0,ALLOW,3 h,0.0,- **表 3 / 表 4（$0.5\sim3 \mathrm h$）不受影响**：所在时刻偏差 $\le3.8e-6$
problem2_slove.md,1135,4,4.0,ALLOW,结构/常数,0.0,- **表 3 / 表 4（$0.5\sim3 \mathrm h$）不受影响**：所在时刻偏差 $\le3.8e-6$
problem2_slove.md,1135,0.5,0.5,ALLOW,题面: 半径网格 0.5 cm,0.0,- **表 3 / 表 4（$0.5\sim3 \mathrm h$）不受影响**：所在时刻偏差 $\le3.8e-6$
problem2_slove.md,1135,3,3.0,ALLOW,3 h,0.0,- **表 3 / 表 4（$0.5\sim3 \mathrm h$）不受影响**：所在时刻偏差 $\le3.8e-6$
problem2_slove.md,1135,3.8e-6,3.8e-06,ALLOW,待补: session-9 §7.3 的'表3/表4 时刻水分余量'上界 (其注册行未提供),0.0,- **表 3 / 表 4（$0.5\sim3 \mathrm h$）不受影响**：所在时刻偏差 $\le3.8e-6$
problem2_slove.md,1136,8,8.0,ALLOW,结构,0.0,（$<8%$ 阈值），四位数可靠；受影响的是 `result2.xlsx` 中 $t\le60 \mathrm s$ 的
problem2_slove.md,1136,2,2.0,ALLOW,题面: 半径 2 cm / 通用整数,0.0,（$<8%$ 阈值），四位数可靠；受影响的是 `result2.xlsx` 中 $t\le60 \mathrm s$ 的
problem2_slove.md,1136,60,60.0,ALLOW,附件1 采样间隔 60 s,0.0,（$<8%$ 阈值），四位数可靠；受影响的是 `result2.xlsx` 中 $t\le60 \mathrm s$ 的
problem2_slove.md,1138,10800,10800.0,ALLOW,题面表3/4 时间点 3 h,0.0,- 若要求全部 $10800x21$ 个值都满足四位小数，须同时加密到
problem2_slove.md,1138,21,21.0,ALLOW,result2 半径列数,0.0,- 若要求全部 $10800x21$ 个值都满足四位小数，须同时加密到
problem2_slove.md,1139,1,1.0,ALLOW,题面: 半径网格 1 cm,0.0,$\Delta t=1/128$ 与 $M=3200$。
problem2_slove.md,1139,128,128.0,ALLOW,附录3: rho 的 C 系数,0.0,$\Delta t=1/128$ 与 $M=3200$。
problem2_slove.md,1139,3200,3200.0,ALLOW,网格数 M=3200,0.0,$\Delta t=1/128$ 与 $M=3200$。
problem2_slove.md,1140,4,4.0,ALLOW,结构/常数,0.0,4. 结果：3 h 内温度趋于准稳态且几乎均匀（径向跨距由 $3.2075 \mathrm K$ 降到
problem2_slove.md,1140,3,3.0,ALLOW,3 h,0.0,4. 结果：3 h 内温度趋于准稳态且几乎均匀（径向跨距由 $3.2075 \mathrm K$ 降到
problem2_slove.md,1140,3.2075,3.2075,REGISTRY,DV_Tspan_h0.5,0.000e+00,4. 结果：3 h 内温度趋于准稳态且几乎均匀（径向跨距由 $3.2075 \mathrm K$ 降到
problem2_slove.md,1141,0.1203,0.1203,REGISTRY,DV_Tspan_h3.0,0.000e+00,$0.1203 \mathrm K$）；水分则显著由表及里，3 h 末中心 $1.7681$、表面 $1.0078$
problem2_slove.md,1141,3,3.0,ALLOW,3 h,0.0,$0.1203 \mathrm K$）；水分则显著由表及里，3 h 末中心 $1.7681$、表面 $1.0078$
problem2_slove.md,1141,1.7681,1.7681,REGISTRY,DV_Cc_10800,0.000e+00,$0.1203 \mathrm K$）；水分则显著由表及里，3 h 末中心 $1.7681$、表面 $1.0078$
problem2_slove.md,1141,1.0078,1.0078,REGISTRY,DV_Cs_10800,0.000e+00,$0.1203 \mathrm K$）；水分则显著由表及里，3 h 末中心 $1.7681$、表面 $1.0078$
problem2_slove.md,1142,45.7545,45.7545,REGISTRY,P28_loss,2.166e-05,$\mathrm{kg/kg}$，总失水 $45.7545%$。**水分是限制环节**。
problem2_slove.md,1143,5,5.0,ALLOW,结构/常数,0.0,5. 最大的模型不确定性是 **$h_m$ 的物理口径**（ ）与**不计收缩的假设**
problem2_slove.md,1144,3,3.0,ALLOW,3 h,0.0,（ ，3 h 内实际收缩 $22.4%$）；论文中应显式声明。
problem2_slove.md,1144,22.4,22.4,REGISTRY,H_shrink_10800,0.000e+00,（ ，3 h 内实际收缩 $22.4%$）；论文中应显式声明。
problem2_slove.md,1145,6,6.0,ALLOW,结构: 表格行数,0.0,6. 如实的弱点清单：能量方程的非保守形式自身带 $R\sim1.71%$ 主项的模型残差
problem2_slove.md,1145,1.71,1.71,REGISTRY,EX_resid_pct,2.633e-03,6. 如实的弱点清单：能量方程的非保守形式自身带 $R\sim1.71%$ 主项的模型残差
problem2_slove.md,1146,3,3.0,ALLOW,3 h,0.0,（ 、 ）；附录 3 的 $\rho(C)$ 与无收缩假设不自洽（ ）；
problem2_slove.md,1147,4,4.0,ALLOW,结构/常数,0.0,水分第 4 位在严格口径下超出阈值（ 、 ）。
problem2.md,3,2026,2026.0,ALLOW,年份: 2026 高教社杯,0.0,> 本文建立 2026 年高教社杯 A 题问题二（烘干全过程，输出前 3 h）的数学模型。
problem2.md,3,3,3.0,ALLOW,3 h,0.0,> 本文建立 2026 年高教社杯 A 题问题二（烘干全过程，输出前 3 h）的数学模型。
problem2.md,4,3,3.0,ALLOW,3 h,0.0,> 全部物性经验式取自题面**附录 3**，环境激励取自**附件 1**。
problem2.md,4,1,1.0,ALLOW,题面: 半径网格 1 cm,0.0,> 全部物性经验式取自题面**附录 3**，环境激励取自**附件 1**。
problem2.md,16,25,25.0,ALLOW,题面: 长度 25 cm,0.0,一根圆柱形中药材，长 $L=25 \mathrm{cm}$、半径 $R=2 \mathrm{cm}$，初始温度
problem2.md,16,2,2.0,ALLOW,题面: 半径 2 cm / 通用整数,0.0,一根圆柱形中药材，长 $L=25 \mathrm{cm}$、半径 $R=2 \mathrm{cm}$，初始温度
problem2.md,17,28,28.0,ALLOW,题面: 初温 28 degC,0.0,$T=28 ^\circ\mathrm{C}$、初始干基含水率 $C=2.55 \mathrm{kg/kg}$，置于热风烘房中。
problem2.md,17,2.55,2.55,ALLOW,题面: 初始干基含水率 2.55 kg/kg,0.0,$T=28 ^\circ\mathrm{C}$、初始干基含水率 $C=2.55 \mathrm{kg/kg}$，置于热风烘房中。
problem2.md,20,3,3.0,ALLOW,3 h,0.0,"与水分浓度场 $C(r,t)$ 的数学模型，其中物性经验式**统一采用附录 3**；并给出"
problem2.md,22,3,3.0,ALLOW,3 h,0.0,"- **表 3 / 表 4**：3 h 内每隔 0.5 h（即 $0.5,1.0,1.5,2.0,2.5,3.0 \mathrm{h}$）、"
problem2.md,22,4,4.0,ALLOW,结构/常数,0.0,"- **表 3 / 表 4**：3 h 内每隔 0.5 h（即 $0.5,1.0,1.5,2.0,2.5,3.0 \mathrm{h}$）、"
problem2.md,22,3,3.0,ALLOW,3 h,0.0,"- **表 3 / 表 4**：3 h 内每隔 0.5 h（即 $0.5,1.0,1.5,2.0,2.5,3.0 \mathrm{h}$）、"
problem2.md,22,0.5,0.5,ALLOW,题面: 半径网格 0.5 cm,0.0,"- **表 3 / 表 4**：3 h 内每隔 0.5 h（即 $0.5,1.0,1.5,2.0,2.5,3.0 \mathrm{h}$）、"
problem2.md,22,0.5,0.5,ALLOW,题面: 半径网格 0.5 cm,0.0,"- **表 3 / 表 4**：3 h 内每隔 0.5 h（即 $0.5,1.0,1.5,2.0,2.5,3.0 \mathrm{h}$）、"
problem2.md,22,1.0,1.0,ALLOW,题面: 半径网格 1 cm,0.0,"- **表 3 / 表 4**：3 h 内每隔 0.5 h（即 $0.5,1.0,1.5,2.0,2.5,3.0 \mathrm{h}$）、"
problem2.md,22,1.5,1.5,ALLOW,题面: 半径网格 1.5 cm,0.0,"- **表 3 / 表 4**：3 h 内每隔 0.5 h（即 $0.5,1.0,1.5,2.0,2.5,3.0 \mathrm{h}$）、"
problem2.md,22,2.0,2.0,ALLOW,题面: 半径 2 cm / 通用整数,0.0,"- **表 3 / 表 4**：3 h 内每隔 0.5 h（即 $0.5,1.0,1.5,2.0,2.5,3.0 \mathrm{h}$）、"
problem2.md,22,2.5,2.5,ALLOW,结构: 2.5 h,0.0,"- **表 3 / 表 4**：3 h 内每隔 0.5 h（即 $0.5,1.0,1.5,2.0,2.5,3.0 \mathrm{h}$）、"
problem2.md,22,3.0,3.0,ALLOW,3 h,0.0,"- **表 3 / 表 4**：3 h 内每隔 0.5 h（即 $0.5,1.0,1.5,2.0,2.5,3.0 \mathrm{h}$）、"
problem2.md,23,0,0.0,ALLOW,零,0.0,"到中心距离 $0,0.5,1,1.5,2 \mathrm{cm}$ 处的温度与水分浓度；"
problem2.md,23,0.5,0.5,ALLOW,题面: 半径网格 0.5 cm,0.0,"到中心距离 $0,0.5,1,1.5,2 \mathrm{cm}$ 处的温度与水分浓度；"
problem2.md,23,1,1.0,ALLOW,题面: 半径网格 1 cm,0.0,"到中心距离 $0,0.5,1,1.5,2 \mathrm{cm}$ 处的温度与水分浓度；"
problem2.md,23,1.5,1.5,ALLOW,题面: 半径网格 1.5 cm,0.0,"到中心距离 $0,0.5,1,1.5,2 \mathrm{cm}$ 处的温度与水分浓度；"
problem2.md,23,2,2.0,ALLOW,题面: 半径 2 cm / 通用整数,0.0,"到中心距离 $0,0.5,1,1.5,2 \mathrm{cm}$ 处的温度与水分浓度；"
problem2.md,24,2,2.0,ALLOW,题面: 半径 2 cm / 通用整数,0.0,- **`result2.xlsx`**：$0\sim 10800 \mathrm{s}$ 内每隔 $1 \mathrm{s}$、径向每隔
problem2.md,24,0,0.0,ALLOW,零,0.0,- **`result2.xlsx`**：$0\sim 10800 \mathrm{s}$ 内每隔 $1 \mathrm{s}$、径向每隔
problem2.md,24,10800,10800.0,ALLOW,题面表3/4 时间点 3 h,0.0,- **`result2.xlsx`**：$0\sim 10800 \mathrm{s}$ 内每隔 $1 \mathrm{s}$、径向每隔
problem2.md,24,1,1.0,ALLOW,题面: 半径网格 1 cm,0.0,- **`result2.xlsx`**：$0\sim 10800 \mathrm{s}$ 内每隔 $1 \mathrm{s}$、径向每隔
problem2.md,25,0.1,0.1,ALLOW,题面: 半径步长 0.1 cm,0.0,$0.1 \mathrm{cm}$ 的完整结果（工作表 `温度`、`水分浓度`）。
problem2.md,27,0,0.0,ALLOW,零,0.0,"**待求解的未知场**：$T(r,t)$、$C(r,t)$，$r\in[0,R]$，$t\in[0,10800 \mathrm{s}]$。"
problem2.md,27,0,0.0,ALLOW,零,0.0,"**待求解的未知场**：$T(r,t)$、$C(r,t)$，$r\in[0,R]$，$t\in[0,10800 \mathrm{s}]$。"
problem2.md,27,10800,10800.0,ALLOW,题面表3/4 时间点 3 h,0.0,"**待求解的未知场**：$T(r,t)$、$C(r,t)$，$r\in[0,R]$，$t\in[0,10800 \mathrm{s}]$。"
problem2.md,35,7e-9,7e-09,ALLOW,附录2: 扩散系数系数,0.0,| 扩散系数 | $D=7e-9e$，**只依赖 $C$** | $D=2.4e-3ee$，**依赖 $C$ 与 $T$** |
problem2.md,35,2.4e-3,0.0024,ALLOW,附录3: D 的系数,0.0,| 扩散系数 | $D=7e-9e$，**只依赖 $C$** | $D=2.4e-3ee$，**依赖 $C$ 与 $T$** |
problem2.md,36,820,820.0,ALLOW,附录2: 密度,0.0,| 密度 | $\rho=820$ 常数 | $\rho=650+128C$，**随 $C$ 变化** |
problem2.md,36,650,650.0,ALLOW,附录3: rho 常数项,0.0,| 密度 | $\rho=820$ 常数 | $\rho=650+128C$，**随 $C$ 变化** |
problem2.md,36,128,128.0,ALLOW,附录3: rho 的 C 系数,0.0,| 密度 | $\rho=820$ 常数 | $\rho=650+128C$，**随 $C$ 变化** |
problem2.md,37,2600,2600.0,ALLOW,附录2: 比热容,0.0,| 比热容 | $c_p=2600$ 常数 | $c_p=1450+(2736C)/(C+1)$，**随 $C$ 变化** |
problem2.md,37,1450,1450.0,ALLOW,附录3: cp 常数项,0.0,| 比热容 | $c_p=2600$ 常数 | $c_p=1450+(2736C)/(C+1)$，**随 $C$ 变化** |
problem2.md,37,2736,2736.0,ALLOW,附录3: cp 的 C 系数,0.0,| 比热容 | $c_p=2600$ 常数 | $c_p=1450+(2736C)/(C+1)$，**随 $C$ 变化** |
problem2.md,37,1,1.0,ALLOW,题面: 半径网格 1 cm,0.0,| 比热容 | $c_p=2600$ 常数 | $c_p=1450+(2736C)/(C+1)$，**随 $C$ 变化** |
problem2.md,38,0.36,0.36,ALLOW,附录2: 热传导系数,0.0,| 导热系数 | $k=0.36$ 常数 | $k=0.21+(0.38C)/(C+1)$，**随 $C$ 变化** |
problem2.md,38,0.21,0.21,ALLOW,附录3: k 常数项,0.0,| 导热系数 | $k=0.36$ 常数 | $k=0.21+(0.38C)/(C+1)$，**随 $C$ 变化** |
problem2.md,38,0.38,0.38,ALLOW,附录3: k 的 C 系数,0.0,| 导热系数 | $k=0.36$ 常数 | $k=0.21+(0.38C)/(C+1)$，**随 $C$ 变化** |
problem2.md,38,1,1.0,ALLOW,题面: 半径网格 1 cm,0.0,| 导热系数 | $k=0.36$ 常数 | $k=0.21+(0.38C)/(C+1)$，**随 $C$ 变化** |
problem2.md,45,1,1.0,ALLOW,题面: 半径网格 1 cm,0.0,1. $T\to D\to C$：温度经 Arrhenius 项 $\exp(-3850/T)$ 影响水分扩散速率（强，$\partial\ln D/\partial T\appr
problem2.md,45,-3850,-3850.0,ALLOW,附录3: Arrhenius 常数(带符号),0.0,1. $T\to D\to C$：温度经 Arrhenius 项 $\exp(-3850/T)$ 影响水分扩散速率（强，$\partial\ln D/\partial T\appr
problem2.md,45,4.25,4.25,ALLOW,d lnD/dT 的百分比形式 (%/K),0.0,1. $T\to D\to C$：温度经 Arrhenius 项 $\exp(-3850/T)$ 影响水分扩散速率（强，$\partial\ln D/\partial T\appr
problem2.md,46,2,2.0,ALLOW,题面: 半径 2 cm / 通用整数,0.0,"2. $C\to\rho c_p,k\to T$：含水率经物性影响热惯性与导热能力（强，$\rho c_p$ 全程变化 $63.7%$）；"
problem2.md,46,63.7,63.7,ALLOW,rho cp 降幅 (%),0.0,"2. $C\to\rho c_p,k\to T$：含水率经物性影响热惯性与导热能力（强，$\rho c_p$ 全程变化 $63.7%$）；"
problem2.md,47,3,3.0,ALLOW,3 h,0.0,"3. **$C(R,t)\to q\to T(R,t)$**：表面含水率经相变潜热**直接**影响表面热平衡（弱但不可忽略，见  (c)）。"
problem2.md,57,1,1.0,ALLOW,题面: 半径网格 1 cm,0.0,"| **B1** | 药材为均质、各向同性的连续介质，形状为正圆柱 | 题面给定""形状大致呈圆柱形"" |"
problem2.md,58,2,2.0,ALLOW,题面: 半径 2 cm / 通用整数,0.0,| **B2** | 只考虑径向一维传递，忽略轴向与周向 | 中截面 $\partial_z=0$ 为对称性带来的**精确**条件（见问题一  ）；端面换热面积仅占侧面 4 % |
problem2.md,58,0,0.0,ALLOW,零,0.0,| **B2** | 只考虑径向一维传递，忽略轴向与周向 | 中截面 $\partial_z=0$ 为对称性带来的**精确**条件（见问题一  ）；端面换热面积仅占侧面 4 % |
problem2.md,58,4,4.0,ALLOW,结构/常数,0.0,| **B2** | 只考虑径向一维传递，忽略轴向与周向 | 中截面 $\partial_z=0$ 为对称性带来的**精确**条件（见问题一  ）；端面换热面积仅占侧面 4 % |
problem2.md,59,3,3.0,ALLOW,3 h,0.0,| **B3** | 药材内部满足局部热平衡（LTE），固相与液相温度相同 | Biot 数量级分析见   |
problem2.md,60,4,4.0,ALLOW,结构/常数,0.0,"| **B4** | 物性 $\rho,c_p,k$ 随含水率 $C$ 按附录 3 经验式变化，**不显式依赖 $T$** | 题面明确""经验公式统一采用附录 3"" |"
problem2.md,60,3,3.0,ALLOW,3 h,0.0,"| **B4** | 物性 $\rho,c_p,k$ 随含水率 $C$ 按附录 3 经验式变化，**不显式依赖 $T$** | 题面明确""经验公式统一采用附录 3"" |"
problem2.md,60,3,3.0,ALLOW,3 h,0.0,"| **B4** | 物性 $\rho,c_p,k$ 随含水率 $C$ 按附录 3 经验式变化，**不显式依赖 $T$** | 题面明确""经验公式统一采用附录 3"" |"
problem2.md,61,5,5.0,ALLOW,结构/常数,0.0,"| **B5** | 水分迁移由 Fick 扩散描述，$D=D(C,T)$ 由附录 3 给定 | 题面给定；忽略毛细压力驱动、重力与对流传质项 |"
problem2.md,61,3,3.0,ALLOW,3 h,0.0,"| **B5** | 水分迁移由 Fick 扩散描述，$D=D(C,T)$ 由附录 3 给定 | 题面给定；忽略毛细压力驱动、重力与对流传质项 |"
problem2.md,62,6,6.0,ALLOW,结构: 表格行数,0.0,| **B6** | 表面为第三类（Robin）边界，平衡值取环境值 $T_\infty(t)$、$C_\infty(t)$ | 与附录 2 的 $h$、$h_m$ 配套；适用性边
problem2.md,62,2,2.0,ALLOW,题面: 半径 2 cm / 通用整数,0.0,| **B6** | 表面为第三类（Robin）边界，平衡值取环境值 $T_\infty(t)$、$C_\infty(t)$ | 与附录 2 的 $h$、$h_m$ 配套；适用性边
problem2.md,63,7,7.0,ALLOW,结构,0.0,| **B7** | 前 3 h 内体积不收缩，$R$ 取常数 | 附件 2 显示 $R$ 由 2.000 cm（$t=0$）降至 1.552 cm（$t=10800 \mathr
problem2.md,63,3,3.0,ALLOW,3 h,0.0,| **B7** | 前 3 h 内体积不收缩，$R$ 取常数 | 附件 2 显示 $R$ 由 2.000 cm（$t=0$）降至 1.552 cm（$t=10800 \mathr
problem2.md,63,2,2.0,ALLOW,题面: 半径 2 cm / 通用整数,0.0,| **B7** | 前 3 h 内体积不收缩，$R$ 取常数 | 附件 2 显示 $R$ 由 2.000 cm（$t=0$）降至 1.552 cm（$t=10800 \mathr
problem2.md,63,2.000,2.0,ALLOW,题面: 半径 2 cm / 通用整数,0.0,| **B7** | 前 3 h 内体积不收缩，$R$ 取常数 | 附件 2 显示 $R$ 由 2.000 cm（$t=0$）降至 1.552 cm（$t=10800 \mathr
problem2.md,63,0,0.0,ALLOW,零,0.0,| **B7** | 前 3 h 内体积不收缩，$R$ 取常数 | 附件 2 显示 $R$ 由 2.000 cm（$t=0$）降至 1.552 cm（$t=10800 \mathr
problem2.md,63,1.552,1.552,REGISTRY,H_R_10800,0.000e+00,| **B7** | 前 3 h 内体积不收缩，$R$ 取常数 | 附件 2 显示 $R$ 由 2.000 cm（$t=0$）降至 1.552 cm（$t=10800 \mathr
problem2.md,63,10800,10800.0,ALLOW,题面表3/4 时间点 3 h,0.0,| **B7** | 前 3 h 内体积不收缩，$R$ 取常数 | 附件 2 显示 $R$ 由 2.000 cm（$t=0$）降至 1.552 cm（$t=10800 \mathr
problem2.md,63,3,3.0,ALLOW,3 h,0.0,| **B7** | 前 3 h 内体积不收缩，$R$ 取常数 | 附件 2 显示 $R$ 由 2.000 cm（$t=0$）降至 1.552 cm（$t=10800 \mathr
problem2.md,63,22.4,22.4,REGISTRY,H_shrink_10800,0.000e+00,| **B7** | 前 3 h 内体积不收缩，$R$ 取常数 | 附件 2 显示 $R$ 由 2.000 cm（$t=0$）降至 1.552 cm（$t=10800 \mathr
problem2.md,63,1800,1800.0,ALLOW,题面表1/2 时间点 / 阶段时长,0.0,| **B7** | 前 3 h 内体积不收缩，$R$ 取常数 | 附件 2 显示 $R$ 由 2.000 cm（$t=0$）降至 1.552 cm（$t=10800 \mathr
problem2.md,63,1.873,1.873,REGISTRY,H_R_1800,0.000e+00,| **B7** | 前 3 h 内体积不收缩，$R$ 取常数 | 附件 2 显示 $R$ 由 2.000 cm（$t=0$）降至 1.552 cm（$t=10800 \mathr
problem2.md,63,6.4,6.4,REGISTRY,H_shrink_1800,5.000e-02,| **B7** | 前 3 h 内体积不收缩，$R$ 取常数 | 附件 2 显示 $R$ 由 2.000 cm（$t=0$）降至 1.552 cm（$t=10800 \mathr
problem2.md,63,4,4.0,ALLOW,结构/常数,0.0,| **B7** | 前 3 h 内体积不收缩，$R$ 取常数 | 附件 2 显示 $R$ 由 2.000 cm（$t=0$）降至 1.552 cm（$t=10800 \mathr
problem2.md,63,3,3.0,ALLOW,3 h,0.0,| **B7** | 前 3 h 内体积不收缩，$R$ 取常数 | 附件 2 显示 $R$ 由 2.000 cm（$t=0$）降至 1.552 cm（$t=10800 \mathr
problem2.md,63,2,2.0,ALLOW,题面: 半径 2 cm / 通用整数,0.0,| **B7** | 前 3 h 内体积不收缩，$R$ 取常数 | 附件 2 显示 $R$ 由 2.000 cm（$t=0$）降至 1.552 cm（$t=10800 \mathr
problem2.md,64,8,8.0,ALLOW,结构,0.0,"| **B8** | 预热平衡与恒温干燥两阶段的差异**由环境激励 $T_\infty(t),C_\infty(t)$ 的时间历程体现**，控制方程形式统一 | 题面""相关经验公式"
problem2.md,64,3,3.0,ALLOW,3 h,0.0,"| **B8** | 预热平衡与恒温干燥两阶段的差异**由环境激励 $T_\infty(t),C_\infty(t)$ 的时间历程体现**，控制方程形式统一 | 题面""相关经验公式"
problem2.md,65,9,9.0,ALLOW,结构,0.0,| **B9** | **计入水分蒸发吸热**：表面相变潜热 $q=Hh_m(C_R-C_\infty)$，其中 $H(T)$ 由 **Clapeyron 方程 + Kirchho
problem2.md,65,-95,-95.0,ALLOW,国际水物性标准名 IAPWS-95 中的 '-95',0.0,| **B9** | **计入水分蒸发吸热**：表面相变潜热 $q=Hh_m(C_R-C_\infty)$，其中 $H(T)$ 由 **Clapeyron 方程 + Kirchho
problem2.md,65,2.43e6,2430000.0,REGISTRY,LH_clap_30,1.887e+02,| **B9** | **计入水分蒸发吸热**：表面相变潜热 $q=Hh_m(C_R-C_\infty)$，其中 $H(T)$ 由 **Clapeyron 方程 + Kirchho
problem2.md,65,0,0.0,ALLOW,零,0.0,| **B9** | **计入水分蒸发吸热**：表面相变潜热 $q=Hh_m(C_R-C_\infty)$，其中 $H(T)$ 由 **Clapeyron 方程 + Kirchho
problem2.md,67,8,8.0,ALLOW,结构,0.0,"> **对 B8 的说明**：题目指出""预热平衡与恒温干燥阶段的参数有所不同""，但同时要求"
problem2.md,68,3,3.0,ALLOW,3 h,0.0,"> ""相关经验公式统一采用附录 3""。本文据此理解为：**控制方程与物性经验式在全程统一**，"
problem2.md,69,1,1.0,ALLOW,题面: 半径网格 1 cm,0.0,> 两阶段的差别体现为环境条件 $T_\infty(t)$、$C_\infty(t)$（附件 1）在不同时段的变化。
problem2.md,81,1,1.0,ALLOW,题面: 半径网格 1 cm,0.0,=(1)/(r)(\partial)/(\partial r)(k(C)r(\partial T)/(\partial r))
problem2.md,85,2,2.0,ALLOW,题面: 半径 2 cm / 通用整数,0.0,扩散描述水分迁移（式 2），水分以液相扩散至表面后蒸发，故**相变吸热发生在表面**，
problem2.md,92,1,1.0,ALLOW,题面: 半径网格 1 cm,0.0,本文采用式 (1) 的形式（以 $T$ 为状态量、$\rho c_p$ 作为系数），**理由不是表述习惯，而是
problem2.md,95,3,3.0,ALLOW,3 h,0.0,附录 3 的两式可以**精确**写成混合物形式（`src/q2_energy_algebra.py` §A 用 sympy 解出，
problem2.md,95,2,2.0,ALLOW,题面: 半径 2 cm / 通用整数,0.0,附录 3 的两式可以**精确**写成混合物形式（`src/q2_energy_algebra.py` §A 用 sympy 解出，
problem2.md,96,1.93e-16,1.93e-16,REGISTRY,EA_equiv_max,4.438e-19,数值核验相对差 $1.93e-16$）：
problem2.md,98,1,1.0,ALLOW,题面: 半径网格 1 cm,0.0,"$$\rho=\rho_s(1+C),  \rhoc_p=\rho_s(c_s+Cc_l),"
problem2.md,99,1450,1450.0,ALLOW,附录3: cp 常数项,0.0,"c_s=1450,  c_l=4186 \mathrm{J/(kg\cdot K)}$$"
problem2.md,99,4186,4186.0,REGISTRY,EA_cl,0.000e+00,"c_s=1450,  c_l=4186 \mathrm{J/(kg\cdot K)}$$"
problem2.md,101,4186,4186.0,REGISTRY,EA_cl,0.000e+00,$c_l=4186 \mathrm{J/(kg\cdot K)}$ 正是液态水的教科书比热——说明附录 3 的 $\rho(C)$ 与
problem2.md,101,3,3.0,ALLOW,3 h,0.0,$c_l=4186 \mathrm{J/(kg\cdot K)}$ 正是液态水的教科书比热——说明附录 3 的 $\rho(C)$ 与
problem2.md,118,1,1.0,ALLOW,题面: 半径网格 1 cm,0.0,即式 (1) 的非保守形式**才是正确的**。而守恒形式
problem2.md,123,7,7.0,ALLOW,结构,0.0,取 $T-T\sim7 \mathrm K$、$\rho_s=275.04 \mathrm{kg/m}$、
problem2.md,123,275.04,275.04,REGISTRY,EB_rhos_2.55,2.254e-03,取 $T-T\sim7 \mathrm K$、$\rho_s=275.04 \mathrm{kg/m}$、
problem2.md,124,-8.3e-5,-8.3e-05,REGISTRY,EC_dCdt_avg,1.852e-07,体积平均 $\partial_tC=-8.3e-5 \mathrm{kg/(kg\cdot s)}$，得
problem2.md,125,6.56e2,656.0,REGISTRY,EC_Sfalse_abs,4.748e-02,$|S|=6.56e2 \mathrm{W/m}$，为主项
problem2.md,126,2.60e3,2600.0,ALLOW,附录2: 比热容,0.0,$\rho c_p\partial_tT\sim2.60e3 \mathrm{W/m}$ 的 **25.2%**——同量级，不可忽略。
problem2.md,126,25.2,25.2,REGISTRY,EC_ratio,2.283e-05,$\rho c_p\partial_tT\sim2.60e3 \mathrm{W/m}$ 的 **25.2%**——同量级，不可忽略。
problem2.md,127,3.3e-4,0.00033,REGISTRY,EC_cJgradT_rel,1.905e-06,保留的 $-c_l\mathbf J_w\!\cdot\!\nabla T$ 仅为主项的 $3.3e-4$，可略。
problem2.md,129,2,2.0,ALLOW,题面: 半径 2 cm / 通用整数,0.0,数值验证（`q2_verify.py` V11）：$M=200$、$\Delta t=0.25 \mathrm s$ 下两种形式的**温度场
problem2.md,129,11,11.0,ALLOW,结构,0.0,数值验证（`q2_verify.py` V11）：$M=200$、$\Delta t=0.25 \mathrm s$ 下两种形式的**温度场
problem2.md,129,200,200.0,ALLOW,网格数 M=200,0.0,数值验证（`q2_verify.py` V11）：$M=200$、$\Delta t=0.25 \mathrm s$ 下两种形式的**温度场
problem2.md,129,0.25,0.25,ALLOW,dt=0.25 s,0.0,数值验证（`q2_verify.py` V11）：$M=200$、$\Delta t=0.25 \mathrm s$ 下两种形式的**温度场
problem2.md,130,17.2745,17.2745,REGISTRY,V11_dT,4.283e-05,最大差别为 17.2745 K**（中心温度在 $t=10800 \mathrm s$ 相差 14.7961 K：非保守
problem2.md,130,10800,10800.0,ALLOW,题面表3/4 时间点 3 h,0.0,最大差别为 17.2745 K**（中心温度在 $t=10800 \mathrm s$ 相差 14.7961 K：非保守
problem2.md,130,14.7961,14.7961,REGISTRY,V11_dT_center,2.288e-05,最大差别为 17.2745 K**（中心温度在 $t=10800 \mathrm s$ 相差 14.7961 K：非保守
problem2.md,131,49.7685,49.7685,REGISTRY,V11_Tc_nc,4.605e-06,49.7685 对 守恒 64.5646 °C）。问题一中 $\rho c_p$ 为常数，两种形式恒等
problem2.md,131,64.5646,64.5646,REGISTRY,V11_Tc_c,2.749e-05,49.7685 对 守恒 64.5646 °C）。问题一中 $\rho c_p$ 为常数，两种形式恒等
problem2.md,132,0,0.0,ALLOW,零,0.0,（sympy 验证差为 0），故这一分歧**只在问题二出现**。
problem2.md,139,1,1.0,ALLOW,题面: 半径网格 1 cm,0.0,"=(1)/(r)(\partial)/(\partial r)(rD(C,T)(\partial C)/(\partial r))$$"
problem2.md,141,3,3.0,ALLOW,3 h,0.0,### 4.3 附录 3 物性经验式
problem2.md,143,650,650.0,ALLOW,附录3: rho 常数项,0.0,"$$\rho(C)=650+128C (\mathrm{kg/m}),"
problem2.md,143,128,128.0,ALLOW,附录3: rho 的 C 系数,0.0,"$$\rho(C)=650+128C (\mathrm{kg/m}),"
problem2.md,144,1450,1450.0,ALLOW,附录3: cp 常数项,0.0,"c_p(C)=1450+(2736C)/(C+1) (\mathrm{J/(kg\cdot K)}),"
problem2.md,144,2736,2736.0,ALLOW,附录3: cp 的 C 系数,0.0,"c_p(C)=1450+(2736C)/(C+1) (\mathrm{J/(kg\cdot K)}),"
problem2.md,144,1,1.0,ALLOW,题面: 半径网格 1 cm,0.0,"c_p(C)=1450+(2736C)/(C+1) (\mathrm{J/(kg\cdot K)}),"
problem2.md,145,0.21,0.21,ALLOW,附录3: k 常数项,0.0,k(C)=0.21+(0.38C)/(C+1) (\mathrm{W/(m\cdot K)})$$
problem2.md,145,0.38,0.38,ALLOW,附录3: k 的 C 系数,0.0,k(C)=0.21+(0.38C)/(C+1) (\mathrm{W/(m\cdot K)})$$
problem2.md,145,1,1.0,ALLOW,题面: 半径网格 1 cm,0.0,k(C)=0.21+(0.38C)/(C+1) (\mathrm{W/(m\cdot K)})$$
problem2.md,147,2.4e-3,0.0024,ALLOW,附录3: D 的系数,0.0,"$$D(C,T)=2.4e-3\exp\!(-(0.45)/(C))\exp\!(-(3850)/(T))"
problem2.md,147,0.45,0.45,ALLOW,附录3: D 的指数常数,0.0,"$$D(C,T)=2.4e-3\exp\!(-(0.45)/(C))\exp\!(-(3850)/(T))"
problem2.md,147,3850,3850.0,ALLOW,附录3: Arrhenius 常数,0.0,"$$D(C,T)=2.4e-3\exp\!(-(0.45)/(C))\exp\!(-(3850)/(T))"
problem2.md,152,1,1.0,ALLOW,题面: 半径网格 1 cm,0.0,1. $D$ 对 $C$ 呈 $\exp(-0.45/C)$ 型强非线性——$C$ 越小时 $D$ 衰减越快；
problem2.md,152,-0.45,-0.45,ALLOW,附录3: D 的指数常数(带符号),0.0,1. $D$ 对 $C$ 呈 $\exp(-0.45/C)$ 型强非线性——$C$ 越小时 $D$ 衰减越快；
problem2.md,153,2,2.0,ALLOW,题面: 半径 2 cm / 通用整数,0.0,2. $D$ 对 $T$ 呈 Arrhenius 型 $\exp(-3850/T)$——温度每升高 $10 \mathrm{K}$（$50\to60 ^\circ\mathrm{C
problem2.md,153,-3850,-3850.0,ALLOW,附录3: Arrhenius 常数(带符号),0.0,2. $D$ 对 $T$ 呈 Arrhenius 型 $\exp(-3850/T)$——温度每升高 $10 \mathrm{K}$（$50\to60 ^\circ\mathrm{C
problem2.md,153,10,10.0,ALLOW,结构,0.0,2. $D$ 对 $T$ 呈 Arrhenius 型 $\exp(-3850/T)$——温度每升高 $10 \mathrm{K}$（$50\to60 ^\circ\mathrm{C
problem2.md,153,50,50.0,ALLOW,网格数 M=50,0.0,2. $D$ 对 $T$ 呈 Arrhenius 型 $\exp(-3850/T)$——温度每升高 $10 \mathrm{K}$（$50\to60 ^\circ\mathrm{C
problem2.md,153,60,60.0,ALLOW,附件1 采样间隔 60 s,0.0,2. $D$ 对 $T$ 呈 Arrhenius 型 $\exp(-3850/T)$——温度每升高 $10 \mathrm{K}$（$50\to60 ^\circ\mathrm{C
problem2.md,154,1.43,1.43,ALLOW,D 在 50->60 degC 的倍率,0.0,$D$ 约增大 $1.43$ 倍；
problem2.md,155,3,3.0,ALLOW,3 h,0.0,3. $(\rho c_p)(C)$ 随 $C$ 单调下降（$C:2.55\to0.15$ 时由 $3.335e6$ 降至
problem2.md,155,2.55,2.55,ALLOW,题面: 初始干基含水率 2.55 kg/kg,0.0,3. $(\rho c_p)(C)$ 随 $C$ 单调下降（$C:2.55\to0.15$ 时由 $3.335e6$ 降至
problem2.md,155,0.15,0.15,ALLOW,题面问题3: 含水率目标 0.15 kg/kg,0.0,3. $(\rho c_p)(C)$ 随 $C$ 单调下降（$C:2.55\to0.15$ 时由 $3.335e6$ 降至
problem2.md,155,3.335e6,3335000.0,REGISTRY,A_rcp_2.55,3.052e+02,3. $(\rho c_p)(C)$ 随 $C$ 单调下降（$C:2.55\to0.15$ 时由 $3.335e6$ 降至
problem2.md,156,1.209e6,1209000.0,REGISTRY,A_rcp_0.15,1.571e+02,$1.209e6 \mathrm{J/(m\cdot K)}$，降幅 $63.7%$），使热惯性在干燥过程中显著改变。
problem2.md,156,63.7,63.7,ALLOW,rho cp 降幅 (%),0.0,$1.209e6 \mathrm{J/(m\cdot K)}$，降幅 $63.7%$），使热惯性在干燥过程中显著改变。
problem2.md,179,4,4.0,ALLOW,结构/常数,0.0,其中 $\phi_w|_R$ 为表面水分通量。与题面给定的传质边界（式 4）联立，在表面上恒有
problem2.md,187,3,3.0,ALLOW,3 h,0.0,**符号约定的一致性**：式 (3'') 采用与题面边界条件（式 3、4）**相同的通量口径**——
problem2.md,187,3,3.0,ALLOW,3 h,0.0,**符号约定的一致性**：式 (3'') 采用与题面边界条件（式 3、4）**相同的通量口径**——
problem2.md,187,4,4.0,ALLOW,结构/常数,0.0,**符号约定的一致性**：式 (3'') 采用与题面边界条件（式 3、4）**相同的通量口径**——
problem2.md,189,8e-7,8e-07,ALLOW,附录2: 对流传质系数,0.0,不额外乘以密度因子。本文沿用该口径以保证与题面参数（$h_m=8e-7 \mathrm{m/s}$）
problem2.md,192,0,0.0,ALLOW,零,0.0,**方向验证**：$C>C_\infty$ 时 $q>0$，式 (3') 右端增大，即**向外传导的热流
problem2.md,192,3,3.0,ALLOW,3 h,0.0,**方向验证**：$C>C_\infty$ 时 $q>0$，式 (3') 右端增大，即**向外传导的热流
problem2.md,201,3,3.0,ALLOW,3 h,0.0,| **表面热流**（式 3'） | 进入 Robin 边界，为边界项 | 单场 Fick 扩散（液相迁移为主，相变在表面发生） | **采用** |
problem2.md,204,2,2.0,ALLOW,题面: 半径 2 cm / 通用整数,0.0,**理由**：本文采用单一含水率场 $C$ 的 Fick 扩散模型（式 2），模型中**不含独立的水
problem2.md,207,2005,2005.0,ALLOW,文献年份: 杨历 2005,0.0,形式施加。这与文献做法一致（杨历 2005 的边界含 $r_l\alpha_m(M-M_f)$ 潜热项；
problem2.md,210,2020,2020.0,ALLOW,文献年份: 胡众欢 2020,0.0,若要在本模型中加入分布式内部蒸发，需升级为含气相场的多相模型（如胡众欢 2020 的
problem2.md,215,2,2.0,ALLOW,题面: 半径 2 cm / 通用整数,0.0,"题面附录 2/3 **未给出** $H$（假设 B9）。本节不作""直接抄文献常数""的处理，"
problem2.md,215,3,3.0,ALLOW,3 h,0.0,"题面附录 2/3 **未给出** $H$（假设 B9）。本节不作""直接抄文献常数""的处理，"
problem2.md,215,9,9.0,ALLOW,结构,0.0,"题面附录 2/3 **未给出** $H$（假设 B9）。本节不作""直接抄文献常数""的处理，"
problem2.md,216,-95,-95.0,ALLOW,国际水物性标准名 IAPWS-95 中的 '-95',0.0,而是由**热力学基本关系推导其函数形式与温度系数**，再用国际水物性标准 IAPWS-95 定标，
problem2.md,237,3,3.0,ALLOW,3 h,0.0,"式 (3a) 即**精确的 Clapeyron 方程**（$v_l,v_v$ 为液、气两相的比容），它把潜热这一"
problem2.md,242,3,3.0,ALLOW,3 h,0.0,对式 (3a) 引入两项近似：
problem2.md,244,1,1.0,ALLOW,题面: 半径网格 1 cm,0.0,1. **$v_l\ll v_v$**：$20 ^\circ\mathrm{C}$ 时 $v_v=57.76 \mathrm{m/kg}$、
problem2.md,244,20,20.0,ALLOW,结构,0.0,1. **$v_l\ll v_v$**：$20 ^\circ\mathrm{C}$ 时 $v_v=57.76 \mathrm{m/kg}$、
problem2.md,244,57.76,57.76,ALLOW,20 degC 饱和水蒸气比容 v_v,0.0,1. **$v_l\ll v_v$**：$20 ^\circ\mathrm{C}$ 时 $v_v=57.76 \mathrm{m/kg}$、
problem2.md,245,1.002e-3,0.001002,REGISTRY,registry_q2_latent_heat.csv:v_f_m3_per_kg,1.584e-07,$v_l=1.002e-3 \mathrm{m/kg}$，$v_l/v_v=1.7e-5$，
problem2.md,245,1.7e-5,1.7e-05,ALLOW,v_l/v_v 量级,0.0,$v_l=1.002e-3 \mathrm{m/kg}$，$v_l/v_v=1.7e-5$，
problem2.md,246,1e-5,1e-05,ALLOW,量级,0.0,忽略 $v_l$ 的相对误差为 $O(1e-5)$；
problem2.md,247,2,2.0,ALLOW,题面: 半径 2 cm / 通用整数,0.0,2. **气相为理想气体**：$v_v=R_vT/p$，其中
problem2.md,248,8.314462618,8.314462618,ALLOW,通用气体常数 R_u (IUPAC 2019),0.0,$R_v=(R_u)/(M_w)=(8.314462618)/(0.0180153)=461.5 \mathrm{J/(kg\cdot K)}$。
problem2.md,248,0.0180153,0.0180153,ALLOW,水摩尔质量 M_w = 18.0153 g/mol,0.0,$R_v=(R_u)/(M_w)=(8.314462618)/(0.0180153)=461.5 \mathrm{J/(kg\cdot K)}$。
problem2.md,248,461.5,461.5,ALLOW,水蒸气比气体常数 R_v ≈ 461.5 J/(kg K),0.0,$R_v=(R_u)/(M_w)=(8.314462618)/(0.0180153)=461.5 \mathrm{J/(kg\cdot K)}$。
problem2.md,250,3,3.0,ALLOW,3 h,0.0,代入式 (3a) 即得 **Clausius–Clapeyron（CC）方程**：
problem2.md,259,3,3.0,ALLOW,3 h,0.0,代回式 (3a) 得 $H=R_vT(\mathrm{d}\ln p/\mathrm{d}T)/Z$，故
problem2.md,261,1,1.0,ALLOW,题面: 半径网格 1 cm,0.0,$$\frac{H}{H}=(1)/(Z)$$
problem2.md,263,-95,-95.0,ALLOW,国际水物性标准名 IAPWS-95 中的 '-95',0.0,数值验证（IAPWS-95）：
problem2.md,265,20,20.0,ALLOW,结构,0.0,| $T$ (°C) | 20 | 30 | 40 | 50 |
problem2.md,265,30,30.0,ALLOW,结构,0.0,| $T$ (°C) | 20 | 30 | 40 | 50 |
problem2.md,265,40,40.0,ALLOW,结构/40 degC,0.0,| $T$ (°C) | 20 | 30 | 40 | 50 |
problem2.md,265,50,50.0,ALLOW,网格数 M=50,0.0,| $T$ (°C) | 20 | 30 | 40 | 50 |
problem2.md,267,0.998649,0.998649,ALLOW,20 degC 压缩因子 Z (IAPWS-95),0.0,| 压缩因子 $Z$ | 0.998649 | 0.998027 | 0.997189 | 0.996086 |
problem2.md,267,0.998027,0.998027,ALLOW,30 degC 压缩因子 Z,0.0,| 压缩因子 $Z$ | 0.998649 | 0.998027 | 0.997189 | 0.996086 |
problem2.md,267,0.997189,0.997189,ALLOW,40 degC 压缩因子 Z,0.0,| 压缩因子 $Z$ | 0.998649 | 0.998027 | 0.997189 | 0.996086 |
problem2.md,267,0.996086,0.996086,ALLOW,50 degC 压缩因子 Z,0.0,| 压缩因子 $Z$ | 0.998649 | 0.998027 | 0.997189 | 0.996086 |
problem2.md,268,1,1.0,ALLOW,题面: 半径网格 1 cm,0.0,| $1/Z-1$（理论预测） | $0.1352%$ | $0.1977%$ | $0.2819%$ | $0.3930%$ |
problem2.md,268,-1,-1.0,REGISTRY,V6_TR_diff,3.663e-01,| $1/Z-1$（理论预测） | $0.1352%$ | $0.1977%$ | $0.2819%$ | $0.3930%$ |
problem2.md,268,0.1352,0.1352,ALLOW,20 degC 的 1/Z-1 (%),0.0,| $1/Z-1$（理论预测） | $0.1352%$ | $0.1977%$ | $0.2819%$ | $0.3930%$ |
problem2.md,268,0.1977,0.1977,ALLOW,30 degC 的 1/Z-1 (%),0.0,| $1/Z-1$（理论预测） | $0.1352%$ | $0.1977%$ | $0.2819%$ | $0.3930%$ |
problem2.md,268,0.2819,0.2819,ALLOW,40 degC 的 1/Z-1 (%),0.0,| $1/Z-1$（理论预测） | $0.1352%$ | $0.1977%$ | $0.2819%$ | $0.3930%$ |
problem2.md,268,0.3930,0.393,ALLOW,50 degC 的 1/Z-1 (%),0.0,| $1/Z-1$（理论预测） | $0.1352%$ | $0.1977%$ | $0.2819%$ | $0.3930%$ |
problem2.md,269,3,3.0,ALLOW,3 h,0.0,| 式 (3b) 实测偏差 | $0.1370%$ | $0.2008%$ | $0.2871%$ | $0.4014%$ |
problem2.md,269,0.1370,0.137,ALLOW,20 degC CC 实测偏差 (%),0.0,| 式 (3b) 实测偏差 | $0.1370%$ | $0.2008%$ | $0.2871%$ | $0.4014%$ |
problem2.md,269,0.2008,0.2008,ALLOW,30 degC CC 实测偏差 (%),0.0,| 式 (3b) 实测偏差 | $0.1370%$ | $0.2008%$ | $0.2871%$ | $0.4014%$ |
problem2.md,269,0.2871,0.2871,ALLOW,40 degC CC 实测偏差 (%),0.0,| 式 (3b) 实测偏差 | $0.1370%$ | $0.2008%$ | $0.2871%$ | $0.4014%$ |
problem2.md,269,0.4014,0.4014,ALLOW,50 degC CC 实测偏差 (%),0.0,| 式 (3b) 实测偏差 | $0.1370%$ | $0.2008%$ | $0.2871%$ | $0.4014%$ |
problem2.md,271,0.002,0.002,ALLOW,量级,0.0,理论与实测吻合到 $0.002%\sim0.009%$——**证实 CC 近似的偏差确实全部来自气相非理想性**，
problem2.md,271,0.009,0.009,ALLOW,理论与实测吻合度 (%),0.0,理论与实测吻合到 $0.002%\sim0.009%$——**证实 CC 近似的偏差确实全部来自气相非理想性**，
problem2.md,272,0.5,0.5,ALLOW,题面: 半径网格 0.5 cm,0.0,且其量级（$<0.5%$）在本题精度要求下可忽略。
problem2.md,286,-95,-95.0,ALLOW,国际水物性标准名 IAPWS-95 中的 '-95',0.0,数值（IAPWS-95，$20\sim50 ^\circ\mathrm{C}$）：
problem2.md,286,20,20.0,ALLOW,结构,0.0,数值（IAPWS-95，$20\sim50 ^\circ\mathrm{C}$）：
problem2.md,286,50,50.0,ALLOW,网格数 M=50,0.0,数值（IAPWS-95，$20\sim50 ^\circ\mathrm{C}$）：
problem2.md,288,20,20.0,ALLOW,结构,0.0,| $T$ (°C) | 20 | 25 | 30 | 35 | 40 | 45 | 50 |
problem2.md,288,25,25.0,ALLOW,题面: 长度 25 cm,0.0,| $T$ (°C) | 20 | 25 | 30 | 35 | 40 | 45 | 50 |
problem2.md,288,30,30.0,ALLOW,结构,0.0,| $T$ (°C) | 20 | 25 | 30 | 35 | 40 | 45 | 50 |
problem2.md,288,35,35.0,ALLOW,结构,0.0,| $T$ (°C) | 20 | 25 | 30 | 35 | 40 | 45 | 50 |
problem2.md,288,40,40.0,ALLOW,结构/40 degC,0.0,| $T$ (°C) | 20 | 25 | 30 | 35 | 40 | 45 | 50 |
problem2.md,288,45,45.0,ALLOW,结构,0.0,| $T$ (°C) | 20 | 25 | 30 | 35 | 40 | 45 | 50 |
problem2.md,288,50,50.0,ALLOW,网格数 M=50,0.0,| $T$ (°C) | 20 | 25 | 30 | 35 | 40 | 45 | 50 |
problem2.md,290,4184.4,4184.4,ALLOW,"20 degC c_p,l (IAPWS-95)",0.0,| $c$ (J/(kg·K)) | 4184.4 | 4181.6 | 4180.1 | 4179.5 | 4179.6 | 4180.4 | 4181.5 |
problem2.md,290,4181.6,4181.6,ALLOW,"25 degC c_p,l",0.0,| $c$ (J/(kg·K)) | 4184.4 | 4181.6 | 4180.1 | 4179.5 | 4179.6 | 4180.4 | 4181.5 |
problem2.md,290,4180.1,4180.1,ALLOW,"30 degC c_p,l",0.0,| $c$ (J/(kg·K)) | 4184.4 | 4181.6 | 4180.1 | 4179.5 | 4179.6 | 4180.4 | 4181.5 |
problem2.md,290,4179.5,4179.5,ALLOW,"35 degC c_p,l",0.0,| $c$ (J/(kg·K)) | 4184.4 | 4181.6 | 4180.1 | 4179.5 | 4179.6 | 4180.4 | 4181.5 |
problem2.md,290,4179.6,4179.6,ALLOW,"40 degC c_p,l",0.0,| $c$ (J/(kg·K)) | 4184.4 | 4181.6 | 4180.1 | 4179.5 | 4179.6 | 4180.4 | 4181.5 |
problem2.md,290,4180.4,4180.4,ALLOW,"45 degC c_p,l",0.0,| $c$ (J/(kg·K)) | 4184.4 | 4181.6 | 4180.1 | 4179.5 | 4179.6 | 4180.4 | 4181.5 |
problem2.md,290,4181.5,4181.5,ALLOW,"50 degC c_p,l",0.0,| $c$ (J/(kg·K)) | 4184.4 | 4181.6 | 4180.1 | 4179.5 | 4179.6 | 4180.4 | 4181.5 |
problem2.md,291,1863.2,1863.2,ALLOW,"20 degC c0_p,v",0.0,| $c$（理想气体） | 1863.2 | 1864.4 | 1865.6 | 1867.0 | 1868.4 | 1869.8 | 1871.3 |
problem2.md,291,1864.4,1864.4,ALLOW,"25 degC c0_p,v",0.0,| $c$（理想气体） | 1863.2 | 1864.4 | 1865.6 | 1867.0 | 1868.4 | 1869.8 | 1871.3 |
problem2.md,291,1865.6,1865.6,ALLOW,"30 degC c0_p,v",0.0,| $c$（理想气体） | 1863.2 | 1864.4 | 1865.6 | 1867.0 | 1868.4 | 1869.8 | 1871.3 |
problem2.md,291,1867.0,1867.0,ALLOW,"35 degC c0_p,v",0.0,| $c$（理想气体） | 1863.2 | 1864.4 | 1865.6 | 1867.0 | 1868.4 | 1869.8 | 1871.3 |
problem2.md,291,1868.4,1868.4,ALLOW,"40 degC c0_p,v",0.0,| $c$（理想气体） | 1863.2 | 1864.4 | 1865.6 | 1867.0 | 1868.4 | 1869.8 | 1871.3 |
problem2.md,291,1869.8,1869.8,ALLOW,"45 degC c0_p,v",0.0,| $c$（理想气体） | 1863.2 | 1864.4 | 1865.6 | 1867.0 | 1868.4 | 1869.8 | 1871.3 |
problem2.md,291,1871.3,1871.3,ALLOW,"50 degC c0_p,v",0.0,| $c$（理想气体） | 1863.2 | 1864.4 | 1865.6 | 1867.0 | 1868.4 | 1869.8 | 1871.3 |
problem2.md,292,-2321.2,-2321.2,ALLOW,20 degC 的 dcp0,0.0,| $\Delta c_p=c-c$ | $-2321.2$ | $-2317.2$ | $-2314.4$ | $-2312.5$ | $-2311.3$ | $-2310.5$
problem2.md,292,-2317.2,-2317.2,ALLOW,25 degC 的 dcp0,0.0,| $\Delta c_p=c-c$ | $-2321.2$ | $-2317.2$ | $-2314.4$ | $-2312.5$ | $-2311.3$ | $-2310.5$
problem2.md,292,-2314.4,-2314.4,ALLOW,30 degC,0.0,| $\Delta c_p=c-c$ | $-2321.2$ | $-2317.2$ | $-2314.4$ | $-2312.5$ | $-2311.3$ | $-2310.5$
problem2.md,292,-2312.5,-2312.5,ALLOW,35 degC,0.0,| $\Delta c_p=c-c$ | $-2321.2$ | $-2317.2$ | $-2314.4$ | $-2312.5$ | $-2311.3$ | $-2310.5$
problem2.md,292,-2311.3,-2311.3,ALLOW,40 degC,0.0,| $\Delta c_p=c-c$ | $-2321.2$ | $-2317.2$ | $-2314.4$ | $-2312.5$ | $-2311.3$ | $-2310.5$
problem2.md,292,-2310.5,-2310.5,ALLOW,45 degC,0.0,| $\Delta c_p=c-c$ | $-2321.2$ | $-2317.2$ | $-2314.4$ | $-2312.5$ | $-2311.3$ | $-2310.5$
problem2.md,292,-2310.2,-2310.2,ALLOW,50 degC,0.0,| $\Delta c_p=c-c$ | $-2321.2$ | $-2317.2$ | $-2314.4$ | $-2312.5$ | $-2311.3$ | $-2310.5$
problem2.md,293,-2367.2,-2367.2,ALLOW,20 degC 的 dH/dT 数值,0.0,| $\mathrm{d}H/\mathrm{d}T$（数值） | $-2367.2$ | $-2370.5$ | $-2375.9$ | $-2383.1$ | $-2392.1
problem2.md,293,-2370.5,-2370.5,ALLOW,25 degC 的 dH/dT 数值,0.0,| $\mathrm{d}H/\mathrm{d}T$（数值） | $-2367.2$ | $-2370.5$ | $-2375.9$ | $-2383.1$ | $-2392.1
problem2.md,293,-2375.9,-2375.9,ALLOW,30 degC 的 dH/dT 数值,0.0,| $\mathrm{d}H/\mathrm{d}T$（数值） | $-2367.2$ | $-2370.5$ | $-2375.9$ | $-2383.1$ | $-2392.1
problem2.md,293,-2383.1,-2383.1,ALLOW,35 degC 的 dH/dT 数值,0.0,| $\mathrm{d}H/\mathrm{d}T$（数值） | $-2367.2$ | $-2370.5$ | $-2375.9$ | $-2383.1$ | $-2392.1
problem2.md,293,-2392.1,-2392.1,ALLOW,40 degC 的 dH/dT 数值,0.0,| $\mathrm{d}H/\mathrm{d}T$（数值） | $-2367.2$ | $-2370.5$ | $-2375.9$ | $-2383.1$ | $-2392.1
problem2.md,293,-2402.8,-2402.8,ALLOW,45 degC 的 dH/dT 数值,0.0,| $\mathrm{d}H/\mathrm{d}T$（数值） | $-2367.2$ | $-2370.5$ | $-2375.9$ | $-2383.1$ | $-2392.1
problem2.md,293,-2415.0,-2415.0,ALLOW,50 degC 的 dH/dT 数值,0.0,| $\mathrm{d}H/\mathrm{d}T$（数值） | $-2367.2$ | $-2370.5$ | $-2375.9$ | $-2383.1$ | $-2392.1
problem2.md,295,-2.314e3,-2314.0,ALLOW,dcp0 平均,0.0,**两项的差别及其解释**：理想气体项平均为 $\Delta c_p=-2.314e3 \mathrm{J/(kg\cdot K)}$，
problem2.md,296,-2.387e3,-2387.0,ALLOW,dH/dT 平均,0.0,而数值斜率平均为 $-2.387e3 \mathrm{J/(kg\cdot K)}$，相差 $-73 \mathrm{J/(kg\cdot K)}$
problem2.md,296,-73,-73.0,ALLOW,两项斜率之差,0.0,而数值斜率平均为 $-2.387e3 \mathrm{J/(kg\cdot K)}$，相差 $-73 \mathrm{J/(kg\cdot K)}$
problem2.md,297,3.0,3.0,ALLOW,3 h,0.0,（$3.0%$）。差异来源正是 (ii) 中被略去的**饱和蒸气非理想性**：真实蒸气的焓沿饱和线
problem2.md,301,1,1.0,ALLOW,题面: 半径网格 1 cm,0.0,=v_v(1-T\alpha_v)\frac{\mathrm{d}p}{\mathrm{d}T}$$
problem2.md,303,2.34,2.34,ALLOW,20 degC 饱和蒸气压 2.34 kPa,0.0,该项随 $T$ 升高而增大（$p$ 由 $2.34$ 升至 $12.35 \mathrm{kPa}$，$v_v$ 由
problem2.md,303,12.35,12.35,ALLOW,50 degC 饱和蒸气压 12.35 kPa,0.0,该项随 $T$ 升高而增大（$p$ 由 $2.34$ 升至 $12.35 \mathrm{kPa}$，$v_v$ 由
problem2.md,304,57.8,57.8,ALLOW,20 degC v_v 的约值,0.0,$57.8$ 降至 $12.0 \mathrm{m/kg}$），正是表中数值斜率由 $-2367$ 单调变到 $-2415$ 的
problem2.md,304,12.0,12.0,ALLOW,网格数 M=12 (Jacobian 校核),0.0,$57.8$ 降至 $12.0 \mathrm{m/kg}$），正是表中数值斜率由 $-2367$ 单调变到 $-2415$ 的
problem2.md,304,-2367,-2367.0,REGISTRY,registry_q2_latent_heat.csv:dL_dT_numeric_J_per_kgK,1.672e-01,$57.8$ 降至 $12.0 \mathrm{m/kg}$），正是表中数值斜率由 $-2367$ 单调变到 $-2415$ 的
problem2.md,304,-2415,-2415.0,ALLOW,50 degC 的 dH/dT 数值,0.0,$57.8$ 降至 $12.0 \mathrm{m/kg}$），正是表中数值斜率由 $-2367$ 单调变到 $-2415$ 的
problem2.md,309,28,28.0,ALLOW,题面: 初温 28 degC,0.0,以物料初温 $28 ^\circ\mathrm{C}$ 为物理锚点，取 IAPWS-95 的精确值
problem2.md,309,-95,-95.0,ALLOW,国际水物性标准名 IAPWS-95 中的 '-95',0.0,以物料初温 $28 ^\circ\mathrm{C}$ 为物理锚点，取 IAPWS-95 的精确值
problem2.md,310,28,28.0,ALLOW,题面: 初温 28 degC,0.0,$H(28 ^\circ\mathrm{C})=2.43456e6 \mathrm{J/kg}$；斜率由
problem2.md,310,2.43456e6,2434560.0,REGISTRY,V10_L28,4.856e-01,$H(28 ^\circ\mathrm{C})=2.43456e6 \mathrm{J/kg}$；斜率由
problem2.md,311,28,28.0,ALLOW,题面: 初温 28 degC,0.0,$28\sim50 ^\circ\mathrm{C}$（实际工况区间）上的最小二乘定出
problem2.md,311,50,50.0,ALLOW,网格数 M=50,0.0,$28\sim50 ^\circ\mathrm{C}$（实际工况区间）上的最小二乘定出
problem2.md,312,-2.391e3,-2391.0,ALLOW,定标斜率,0.0,$\Delta c_p=-2.391e3 \mathrm{J/(kg\cdot K)}$：
problem2.md,314,2.4346e6,2434600.0,REGISTRY,D_Hevap_28,0.000e+00,$${ H(T)=2.4346e6-2.391e3(T-28 ^\circ\mathrm{C})
problem2.md,314,-2.391e3,-2391.0,ALLOW,定标斜率,0.0,$${ H(T)=2.4346e6-2.391e3(T-28 ^\circ\mathrm{C})
problem2.md,314,-28,-28.0,ALLOW,L_v 定标式中 (T - 28 degC) 的偏移量,0.0,$${ H(T)=2.4346e6-2.391e3(T-28 ^\circ\mathrm{C})
problem2.md,319,2.5015e6,2501500.0,REGISTRY,LH_L0C,8.749e+00,$$H(T)\approx2.5015e6-2.391e3T_{^\circ\mathrm{C}}
problem2.md,319,-2.391e3,-2391.0,ALLOW,定标斜率,0.0,$$H(T)\approx2.5015e6-2.391e3T_{^\circ\mathrm{C}}
problem2.md,322,20,20.0,ALLOW,结构,0.0,| $T$ | $20 ^\circ\mathrm{C}$ | $28 ^\circ\mathrm{C}$ | $40 ^\circ\mathrm{C}$ | $50 ^\circ
problem2.md,322,28,28.0,ALLOW,题面: 初温 28 degC,0.0,| $T$ | $20 ^\circ\mathrm{C}$ | $28 ^\circ\mathrm{C}$ | $40 ^\circ\mathrm{C}$ | $50 ^\circ
problem2.md,322,40,40.0,ALLOW,结构/40 degC,0.0,| $T$ | $20 ^\circ\mathrm{C}$ | $28 ^\circ\mathrm{C}$ | $40 ^\circ\mathrm{C}$ | $50 ^\circ
problem2.md,322,50,50.0,ALLOW,网格数 M=50,0.0,| $T$ | $20 ^\circ\mathrm{C}$ | $28 ^\circ\mathrm{C}$ | $40 ^\circ\mathrm{C}$ | $50 ^\circ
problem2.md,324,2.4537e6,2453700.0,REGISTRY,LH_L20,1.144e+01,| 定标式 (J/kg) | $2.4537e6$ | $2.4346e6$ | $2.4059e6$ | $2.3820e6$ |
problem2.md,324,2.4346e6,2434600.0,REGISTRY,D_Hevap_28,0.000e+00,| 定标式 (J/kg) | $2.4537e6$ | $2.4346e6$ | $2.4059e6$ | $2.3820e6$ |
problem2.md,324,2.4059e6,2405900.0,REGISTRY,D_Hevap_40,8.000e+00,| 定标式 (J/kg) | $2.4537e6$ | $2.4346e6$ | $2.4059e6$ | $2.3820e6$ |
problem2.md,324,2.3820e6,2382000.0,REGISTRY,D_Hevap_50,2.000e+00,| 定标式 (J/kg) | $2.4537e6$ | $2.4346e6$ | $2.4059e6$ | $2.3820e6$ |
problem2.md,325,-95,-95.0,ALLOW,国际水物性标准名 IAPWS-95 中的 '-95',0.0,| IAPWS-95 参考 | $2.4535e6$ | $2.4346e6$ | $2.4060e6$ | $2.3819e6$ |
problem2.md,325,2.4535e6,2453500.0,REGISTRY,registry_q2_latent_heat.csv:h_fg_ref_J_per_kg,1.926e+01,| IAPWS-95 参考 | $2.4535e6$ | $2.4346e6$ | $2.4060e6$ | $2.3819e6$ |
problem2.md,325,2.4346e6,2434600.0,REGISTRY,D_Hevap_28,0.000e+00,| IAPWS-95 参考 | $2.4535e6$ | $2.4346e6$ | $2.4060e6$ | $2.3819e6$ |
problem2.md,325,2.4060e6,2406000.0,REGISTRY,registry_q2_latent_heat.csv:L_clapeyron_J_per_kg,2.264e+01,| IAPWS-95 参考 | $2.4535e6$ | $2.4346e6$ | $2.4060e6$ | $2.3819e6$ |
problem2.md,325,2.3819e6,2381900.0,REGISTRY,registry_q2_latent_heat.csv:h_fg_ref_J_per_kg,4.713e+01,| IAPWS-95 参考 | $2.4535e6$ | $2.4346e6$ | $2.4060e6$ | $2.3819e6$ |
problem2.md,326,0.007,0.007,ALLOW,相对偏差 (%),0.0,| 相对偏差 | $+0.007%$ | $0$ | $-0.005%$ | $+0.001%$ |
problem2.md,326,0,0.0,ALLOW,零,0.0,| 相对偏差 | $+0.007%$ | $0$ | $-0.005%$ | $+0.001%$ |
problem2.md,326,-0.005,-0.005,REGISTRY,?,6.128e-06,| 相对偏差 | $+0.007%$ | $0$ | $-0.005%$ | $+0.001%$ |
problem2.md,326,0.001,0.001,ALLOW,量级,0.0,| 相对偏差 | $+0.007%$ | $0$ | $-0.005%$ | $+0.001%$ |
problem2.md,328,28,28.0,ALLOW,题面: 初温 28 degC,0.0,在 $28\sim50 ^\circ\mathrm{C}$ 上最大残差 $80 \mathrm{J/kg}$（$0.0033%$），
problem2.md,328,50,50.0,ALLOW,网格数 M=50,0.0,在 $28\sim50 ^\circ\mathrm{C}$ 上最大残差 $80 \mathrm{J/kg}$（$0.0033%$），
problem2.md,328,80,80.0,ALLOW,定标式最大残差 J/kg,0.0,在 $28\sim50 ^\circ\mathrm{C}$ 上最大残差 $80 \mathrm{J/kg}$（$0.0033%$），
problem2.md,328,0.0033,0.0033,ALLOW,残差相对值 (%),0.0,在 $28\sim50 ^\circ\mathrm{C}$ 上最大残差 $80 \mathrm{J/kg}$（$0.0033%$），
problem2.md,329,20,20.0,ALLOW,结构,0.0,外推至 $20 ^\circ\mathrm{C}$ 时偏差仍 $<0.01%$。
problem2.md,329,0.01,0.01,ALLOW,dt=0.01 s,0.0,外推至 $20 ^\circ\mathrm{C}$ 时偏差仍 $<0.01%$。
problem2.md,332,0,0.0,ALLOW,零,0.0,"> 题面未给 $H$ 的问题至此闭合。若需退化到""无相变""模型，令 $H=0$"
problem2.md,333,8,8.0,ALLOW,结构,0.0,> 即可（见   的 V8）。
problem2.md,337,3,3.0,ALLOW,3 h,0.0,"将定标式反代回 CC 方程 (3b) 积分，自三相点 $(273.16 \mathrm{K}, 0.6117 \mathrm{kPa})$"
problem2.md,337,273.16,273.16,ALLOW,水三相点温度,0.0,"将定标式反代回 CC 方程 (3b) 积分，自三相点 $(273.16 \mathrm{K}, 0.6117 \mathrm{kPa})$"
problem2.md,337,0.6117,0.6117,ALLOW,三相点饱和蒸气压 0.6117 kPa,0.0,"将定标式反代回 CC 方程 (3b) 积分，自三相点 $(273.16 \mathrm{K}, 0.6117 \mathrm{kPa})$"
problem2.md,338,-95,-95.0,ALLOW,国际水物性标准名 IAPWS-95 中的 '-95',0.0,出发反演饱和蒸气压，与 IAPWS-95 独立对比：
problem2.md,340,10,10.0,ALLOW,结构,0.0,| $T$ (°C) | 10 | 20 | 30 | 40 | 50 |
problem2.md,340,20,20.0,ALLOW,结构,0.0,| $T$ (°C) | 10 | 20 | 30 | 40 | 50 |
problem2.md,340,30,30.0,ALLOW,结构,0.0,| $T$ (°C) | 10 | 20 | 30 | 40 | 50 |
problem2.md,340,40,40.0,ALLOW,结构/40 degC,0.0,| $T$ (°C) | 10 | 20 | 30 | 40 | 50 |
problem2.md,340,50,50.0,ALLOW,网格数 M=50,0.0,| $T$ (°C) | 10 | 20 | 30 | 40 | 50 |
problem2.md,342,1.22820,1.2282,ALLOW,10 degC p_sat IAPWS [kPa],0.0,| $p$ IAPWS (kPa) | 1.22820 | 2.33932 | 4.24697 | 7.38494 | 12.35195 |
problem2.md,342,2.33932,2.33932,ALLOW,20 degC p_sat IAPWS,0.0,| $p$ IAPWS (kPa) | 1.22820 | 2.33932 | 4.24697 | 7.38494 | 12.35195 |
problem2.md,342,4.24697,4.24697,ALLOW,30 degC p_sat IAPWS,0.0,| $p$ IAPWS (kPa) | 1.22820 | 2.33932 | 4.24697 | 7.38494 | 12.35195 |
problem2.md,342,7.38494,7.38494,ALLOW,40 degC p_sat IAPWS,0.0,| $p$ IAPWS (kPa) | 1.22820 | 2.33932 | 4.24697 | 7.38494 | 12.35195 |
problem2.md,342,12.35195,12.35195,ALLOW,50 degC p_sat IAPWS,0.0,| $p$ IAPWS (kPa) | 1.22820 | 2.33932 | 4.24697 | 7.38494 | 12.35195 |
problem2.md,343,1.22753,1.22753,ALLOW,10 degC p_sat 反演,0.0,| 由定标式反演 (kPa) | 1.22753 | 2.33620 | 4.23666 | 7.35633 | 12.28144 |
problem2.md,343,2.33620,2.3362,ALLOW,20 degC p_sat 反演,0.0,| 由定标式反演 (kPa) | 1.22753 | 2.33620 | 4.23666 | 7.35633 | 12.28144 |
problem2.md,343,4.23666,4.23666,ALLOW,30 degC p_sat 反演,0.0,| 由定标式反演 (kPa) | 1.22753 | 2.33620 | 4.23666 | 7.35633 | 12.28144 |
problem2.md,343,7.35633,7.35633,ALLOW,40 degC p_sat 反演,0.0,| 由定标式反演 (kPa) | 1.22753 | 2.33620 | 4.23666 | 7.35633 | 12.28144 |
problem2.md,343,12.28144,12.28144,ALLOW,50 degC p_sat 反演,0.0,| 由定标式反演 (kPa) | 1.22753 | 2.33620 | 4.23666 | 7.35633 | 12.28144 |
problem2.md,344,-0.05,-0.05,ALLOW,10 degC 反演偏差 (%),0.0,| 相对偏差 | $-0.05%$ | $-0.13%$ | $-0.24%$ | $-0.39%$ | $-0.57%$ |
problem2.md,344,-0.13,-0.13,ALLOW,20 degC 反演偏差 (%),0.0,| 相对偏差 | $-0.05%$ | $-0.13%$ | $-0.24%$ | $-0.39%$ | $-0.57%$ |
problem2.md,344,-0.24,-0.24,ALLOW,30 degC 反演偏差 (%),0.0,| 相对偏差 | $-0.05%$ | $-0.13%$ | $-0.24%$ | $-0.39%$ | $-0.57%$ |
problem2.md,344,-0.39,-0.39,ALLOW,40 degC 反演偏差 (%),0.0,| 相对偏差 | $-0.05%$ | $-0.13%$ | $-0.24%$ | $-0.39%$ | $-0.57%$ |
problem2.md,344,-0.57,-0.57,ALLOW,50 degC 反演偏差 (%),0.0,| 相对偏差 | $-0.05%$ | $-0.13%$ | $-0.24%$ | $-0.39%$ | $-0.57%$ |
problem2.md,346,1,1.0,ALLOW,题面: 半径网格 1 cm,0.0,偏差为负且随 $T$ 单调增大，其数值与 (ii) 中已定量的 $1/Z-1$（$0.135%@20 ^\circ\mathrm{C}
problem2.md,346,-1,-1.0,REGISTRY,V6_TR_diff,3.663e-01,偏差为负且随 $T$ 单调增大，其数值与 (ii) 中已定量的 $1/Z-1$（$0.135%@20 ^\circ\mathrm{C}
problem2.md,346,0.135,0.135,REGISTRY,LH_invZ_20,2.328e-04,偏差为负且随 $T$ 单调增大，其数值与 (ii) 中已定量的 $1/Z-1$（$0.135%@20 ^\circ\mathrm{C}
problem2.md,346,20,20.0,ALLOW,结构,0.0,偏差为负且随 $T$ 单调增大，其数值与 (ii) 中已定量的 $1/Z-1$（$0.135%@20 ^\circ\mathrm{C}
problem2.md,347,0.393,0.393,ALLOW,50 degC 的 1/Z-1 (%),0.0,\to0.393%@50 ^\circ\mathrm{C}$）同向、同量级——说明偏差**完全来源于 CC 近似本身**，
problem2.md,347,50,50.0,ALLOW,网格数 M=50,0.0,\to0.393%@50 ^\circ\mathrm{C}$）同向、同量级——说明偏差**完全来源于 CC 近似本身**，
problem2.md,348,28,28.0,ALLOW,题面: 初温 28 degC,0.0,而非定标式的拟合误差。在 $28\sim50 ^\circ\mathrm{C}$ 内该偏差 $<0.6%$，可接受。
problem2.md,348,50,50.0,ALLOW,网格数 M=50,0.0,而非定标式的拟合误差。在 $28\sim50 ^\circ\mathrm{C}$ 内该偏差 $<0.6%$，可接受。
problem2.md,348,0.6,0.6,REGISTRY,?,0.000e+00,而非定标式的拟合误差。在 $28\sim50 ^\circ\mathrm{C}$ 内该偏差 $<0.6%$，可接受。
problem2.md,352,3,3.0,ALLOW,3 h,0.0,**蒸发吸热热流**：由式 (3'') 与 (iv) 的定标式，
problem2.md,355,2.4059e6,2405900.0,REGISTRY,D_Hevap_40,8.000e+00,\approx2.4059e6x8e-7x(C_R-C_\infty)
problem2.md,355,8e-7,8e-07,ALLOW,附录2: 对流传质系数,0.0,\approx2.4059e6x8e-7x(C_R-C_\infty)
problem2.md,356,1.925,1.925,ALLOW,q_evap 系数约值,0.0,\approx1.925(C_R-C_\infty) \mathrm{J/(m\cdot s)}$$
problem2.md,358,40,40.0,ALLOW,结构/40 degC,0.0,（$H$ 取工作区间中部的 $40 ^\circ\mathrm{C}$ 值。）
problem2.md,360,1,1.0,ALLOW,题面: 半径网格 1 cm,0.0,| 时刻 | $C_\infty$（附件 1） | 取 $C_R\approx2.5$ 时 $q$ | 对流热流 $h(T_\infty-T_R)$ | 比值 |
problem2.md,360,2.5,2.5,ALLOW,结构: 2.5 h,0.0,| 时刻 | $C_\infty$（附件 1） | 取 $C_R\approx2.5$ 时 $q$ | 对流热流 $h(T_\infty-T_R)$ | 比值 |
problem2.md,362,0,0.0,ALLOW,零,0.0,| $t=0$ | 0.0196 | $4.77 \mathrm{J/(ms)}$ | $0$（$T_\infty=T$） | — |
problem2.md,362,0.0196,0.0196,ALLOW,t=0 s 环境含水率,0.0,| $t=0$ | 0.0196 | $4.77 \mathrm{J/(ms)}$ | $0$（$T_\infty=T$） | — |
problem2.md,362,4.77,4.77,ALLOW,t=0 的 q_evap 量级,0.0,| $t=0$ | 0.0196 | $4.77 \mathrm{J/(ms)}$ | $0$（$T_\infty=T$） | — |
problem2.md,362,0,0.0,ALLOW,零,0.0,| $t=0$ | 0.0196 | $4.77 \mathrm{J/(ms)}$ | $0$（$T_\infty=T$） | — |
problem2.md,363,1800,1800.0,ALLOW,题面表1/2 时间点 / 阶段时长,0.0,| $t=1800 \mathrm{s}$ | 0.0331 | $4.75$ | $25x(41.5-28)=338$ | $1.4%$ |
problem2.md,363,0.0331,0.0331,ALLOW,t=1800 s 环境含水率,0.0,| $t=1800 \mathrm{s}$ | 0.0331 | $4.75$ | $25x(41.5-28)=338$ | $1.4%$ |
problem2.md,363,4.75,4.75,ALLOW,t=1800 的 q_evap 量级,0.0,| $t=1800 \mathrm{s}$ | 0.0331 | $4.75$ | $25x(41.5-28)=338$ | $1.4%$ |
problem2.md,363,25,25.0,ALLOW,题面: 长度 25 cm,0.0,| $t=1800 \mathrm{s}$ | 0.0331 | $4.75$ | $25x(41.5-28)=338$ | $1.4%$ |
problem2.md,363,41.5,41.5,ALLOW,t=1800 s 环境温度 (degC),0.0,| $t=1800 \mathrm{s}$ | 0.0331 | $4.75$ | $25x(41.5-28)=338$ | $1.4%$ |
problem2.md,363,-28,-28.0,ALLOW,L_v 定标式中 (T - 28 degC) 的偏移量,0.0,| $t=1800 \mathrm{s}$ | 0.0331 | $4.75$ | $25x(41.5-28)=338$ | $1.4%$ |
problem2.md,363,338,338.0,ALLOW,t=1800 的对流热流量级,0.0,| $t=1800 \mathrm{s}$ | 0.0331 | $4.75$ | $25x(41.5-28)=338$ | $1.4%$ |
problem2.md,363,1.4,1.4,ALLOW,t=1800 的 q_evap/q_conv (%),0.0,| $t=1800 \mathrm{s}$ | 0.0331 | $4.75$ | $25x(41.5-28)=338$ | $1.4%$ |
problem2.md,364,3600,3600.0,ALLOW,题面表3/4 时间点 1 h,0.0,| $t=3600 \mathrm{s}$ | 0.0427 | $4.73$ | $25x(47.5-28)=488$ | $1.0%$ |
problem2.md,364,0.0427,0.0427,ALLOW,t=3600 s 环境含水率,0.0,| $t=3600 \mathrm{s}$ | 0.0427 | $4.73$ | $25x(47.5-28)=488$ | $1.0%$ |
problem2.md,364,4.73,4.73,ALLOW,t=3600 的 q_evap 量级,0.0,| $t=3600 \mathrm{s}$ | 0.0427 | $4.73$ | $25x(47.5-28)=488$ | $1.0%$ |
problem2.md,364,25,25.0,ALLOW,题面: 长度 25 cm,0.0,| $t=3600 \mathrm{s}$ | 0.0427 | $4.73$ | $25x(47.5-28)=488$ | $1.0%$ |
problem2.md,364,47.5,47.5,ALLOW,t=3600 s 环境温度 (degC),0.0,| $t=3600 \mathrm{s}$ | 0.0427 | $4.73$ | $25x(47.5-28)=488$ | $1.0%$ |
problem2.md,364,-28,-28.0,ALLOW,L_v 定标式中 (T - 28 degC) 的偏移量,0.0,| $t=3600 \mathrm{s}$ | 0.0427 | $4.73$ | $25x(47.5-28)=488$ | $1.0%$ |
problem2.md,364,488,488.0,ALLOW,t=3600 的对流热流量级,0.0,| $t=3600 \mathrm{s}$ | 0.0427 | $4.73$ | $25x(47.5-28)=488$ | $1.0%$ |
problem2.md,364,1.0,1.0,ALLOW,题面: 半径网格 1 cm,0.0,| $t=3600 \mathrm{s}$ | 0.0427 | $4.73$ | $25x(47.5-28)=488$ | $1.0%$ |
problem2.md,368,4.73,4.73,ALLOW,t=3600 的 q_evap 量级,0.0,$$\Delta T_R\sim\frac{q}{h}=(4.73)/(25)\approx0.19 \mathrm{K}$$
problem2.md,368,25,25.0,ALLOW,题面: 长度 25 cm,0.0,$$\Delta T_R\sim\frac{q}{h}=(4.73)/(25)\approx0.19 \mathrm{K}$$
problem2.md,368,0.19,0.19,ALLOW,表面温降量级 K,0.0,$$\Delta T_R\sim\frac{q}{h}=(4.73)/(25)\approx0.19 \mathrm{K}$$
problem2.md,370,5e-5,5e-05,ALLOW,四位小数的半 ulp 阈值,0.0,即**约 $0.2 \mathrm{K}$ 量级的表面降温**——在四位小数的报告精度（$5e-5$）下
problem2.md,374,8e-7,8e-07,ALLOW,附录2: 对流传质系数,0.0,"$h_m=8e-7 \mathrm{m/s}$ 比""热质传递类比""估计值（$\sim0.02 \mathrm{m/s}$，"
problem2.md,374,0.02,0.02,ALLOW,长度换算 / dt=0.02 s,0.0,"$h_m=8e-7 \mathrm{m/s}$ 比""热质传递类比""估计值（$\sim0.02 \mathrm{m/s}$，"
problem2.md,375,4,4.0,ALLOW,结构/常数,0.0,见问题一  ）低约 **4 个数量级**；若改用类比值，$q$ 将放大**约 25000 倍**，
problem2.md,375,25000,25000.0,ALLOW,h_m 类比值与题面值之比,0.0,见问题一  ）低约 **4 个数量级**；若改用类比值，$q$ 将放大**约 25000 倍**，
problem2.md,378,1,1.0,ALLOW,题面: 半径网格 1 cm,0.0,- **本文按题面给定 $h_m$ 计算**，$q$ 为 $O(1 \mathrm{W/m})$ 的小修正；
problem2.md,380,9,9.0,ALLOW,结构,0.0,$h_m$ 的敏感性分析（见   的 V9）。
problem2.md,384,3,3.0,ALLOW,3 h,0.0,引入式 (3'') 后，温度方程在**表面节点**上出现对 $C_M$ 的显式依赖，形成第三条耦合通路：
problem2.md,389,1,1.0,ALLOW,题面: 半径网格 1 cm,0.0,"该通路的 Jacobian 贡献为常数（  块 (1,2) 的 $(M,M)$ 元），实现简单、不增加带宽。"
problem2.md,389,2,2.0,ALLOW,题面: 半径 2 cm / 通用整数,0.0,"该通路的 Jacobian 贡献为常数（  块 (1,2) 的 $(M,M)$ 元），实现简单、不增加带宽。"
problem2.md,397,25,25.0,ALLOW,题面: 长度 25 cm,0.0,| $h$ | 对流换热系数 | $25 \mathrm{W/(m\cdot K)}$ | 附录 2 |
problem2.md,397,2,2.0,ALLOW,题面: 半径 2 cm / 通用整数,0.0,| $h$ | 对流换热系数 | $25 \mathrm{W/(m\cdot K)}$ | 附录 2 |
problem2.md,398,8e-7,8e-07,ALLOW,附录2: 对流传质系数,0.0,| $h_m$ | 对流传质系数 | $8e-7 \mathrm{m/s}$ | 附录 2 |
problem2.md,398,2,2.0,ALLOW,题面: 半径 2 cm / 通用整数,0.0,| $h_m$ | 对流传质系数 | $8e-7 \mathrm{m/s}$ | 附录 2 |
problem2.md,399,2.4346e6,2434600.0,REGISTRY,D_Hevap_28,0.000e+00,| $H$ | 水的汽化潜热 | $2.4346e6-2.391e3(T-28 ^\circ\mathrm{C}) \mathrm{J/kg}$ | **题面未给**，由 Clap
problem2.md,399,-2.391e3,-2391.0,ALLOW,定标斜率,0.0,| $H$ | 水的汽化潜热 | $2.4346e6-2.391e3(T-28 ^\circ\mathrm{C}) \mathrm{J/kg}$ | **题面未给**，由 Clap
problem2.md,399,-28,-28.0,ALLOW,L_v 定标式中 (T - 28 degC) 的偏移量,0.0,| $H$ | 水的汽化潜热 | $2.4346e6-2.391e3(T-28 ^\circ\mathrm{C}) \mathrm{J/kg}$ | **题面未给**，由 Clap
problem2.md,399,-95,-95.0,ALLOW,国际水物性标准名 IAPWS-95 中的 '-95',0.0,| $H$ | 水的汽化潜热 | $2.4346e6-2.391e3(T-28 ^\circ\mathrm{C}) \mathrm{J/kg}$ | **题面未给**，由 Clap
problem2.md,399,9,9.0,ALLOW,结构,0.0,| $H$ | 水的汽化潜热 | $2.4346e6-2.391e3(T-28 ^\circ\mathrm{C}) \mathrm{J/kg}$ | **题面未给**，由 Clap
problem2.md,399,28,28.0,ALLOW,题面: 初温 28 degC,0.0,| $H$ | 水的汽化潜热 | $2.4346e6-2.391e3(T-28 ^\circ\mathrm{C}) \mathrm{J/kg}$ | **题面未给**，由 Clap
problem2.md,399,50,50.0,ALLOW,网格数 M=50,0.0,| $H$ | 水的汽化潜热 | $2.4346e6-2.391e3(T-28 ^\circ\mathrm{C}) \mathrm{J/kg}$ | **题面未给**，由 Clap
problem2.md,399,2.4346,2.4346,ALLOW,定标式 L_v(28 degC) [1e6 J/kg],0.0,| $H$ | 水的汽化潜热 | $2.4346e6-2.391e3(T-28 ^\circ\mathrm{C}) \mathrm{J/kg}$ | **题面未给**，由 Clap
problem2.md,399,2.3820e6,2382000.0,REGISTRY,D_Hevap_50,2.000e+00,| $H$ | 水的汽化潜热 | $2.4346e6-2.391e3(T-28 ^\circ\mathrm{C}) \mathrm{J/kg}$ | **题面未给**，由 Clap
problem2.md,400,2,2.0,ALLOW,题面: 半径 2 cm / 通用整数,0.0,| $R$ | 半径 | $2 \mathrm{cm}=0.02 \mathrm{m}$ | 题面 |
problem2.md,400,0.02,0.02,ALLOW,长度换算 / dt=0.02 s,0.0,| $R$ | 半径 | $2 \mathrm{cm}=0.02 \mathrm{m}$ | 题面 |
problem2.md,401,28,28.0,ALLOW,题面: 初温 28 degC,0.0,| $T$ | 初始温度 | $28 ^\circ\mathrm{C}=301.15 \mathrm{K}$ | 题面 |
problem2.md,401,301.15,301.15,ALLOW,题面: T0 = 28 degC = 301.15 K,0.0,| $T$ | 初始温度 | $28 ^\circ\mathrm{C}=301.15 \mathrm{K}$ | 题面 |
problem2.md,402,2.55,2.55,ALLOW,题面: 初始干基含水率 2.55 kg/kg,0.0,| $C$ | 初始含水率 | $2.55 \mathrm{kg/kg}$ | 题面 |
problem2.md,404,3,3.0,ALLOW,3 h,0.0,**物性随 $C$ 的变化**（由附录 3 直接算出）：
problem2.md,408,2.55,2.55,ALLOW,题面: 初始干基含水率 2.55 kg/kg,0.0,| $2.55$（初始） | 976.40 | 3415.30 | 0.48296 | $1.4483e-7$ |
problem2.md,408,976.40,976.4,ALLOW,"附录3 rho(2.55), 见注册表 A_rho_2.55",0.0,| $2.55$（初始） | 976.40 | 3415.30 | 0.48296 | $1.4483e-7$ |
problem2.md,408,3415.30,3415.3,REGISTRY,A_cp_2.55,4.225e-03,| $2.55$（初始） | 976.40 | 3415.30 | 0.48296 | $1.4483e-7$ |
problem2.md,408,0.48296,0.48296,ALLOW,"附录3 k(2.55), 见注册表 A_k_2.55",0.0,| $2.55$（初始） | 976.40 | 3415.30 | 0.48296 | $1.4483e-7$ |
problem2.md,408,1.4483e-7,1.4483e-07,REGISTRY,?,1.829e-12,| $2.55$（初始） | 976.40 | 3415.30 | 0.48296 | $1.4483e-7$ |
problem2.md,409,2.00,2.0,ALLOW,题面: 半径 2 cm / 通用整数,0.0,| $2.00$ | 906.00 | 3274.00 | 0.46333 | $1.5620e-7$ |
problem2.md,409,906.00,906.0,REGISTRY,A_rho_2.0,0.000e+00,| $2.00$ | 906.00 | 3274.00 | 0.46333 | $1.5620e-7$ |
problem2.md,409,3274.00,3274.0,REGISTRY,A_cp_2.0,0.000e+00,| $2.00$ | 906.00 | 3274.00 | 0.46333 | $1.5620e-7$ |
problem2.md,409,0.46333,0.46333,REGISTRY,A_k_2.0,3.333e-06,| $2.00$ | 906.00 | 3274.00 | 0.46333 | $1.5620e-7$ |
problem2.md,409,1.5620e-7,1.562e-07,REGISTRY,A_alpha_2.0,2.030e-12,| $2.00$ | 906.00 | 3274.00 | 0.46333 | $1.5620e-7$ |
problem2.md,410,1.00,1.0,ALLOW,题面: 半径网格 1 cm,0.0,| $1.00$ | 778.00 | 2818.00 | 0.40000 | $1.8245e-7$ |
problem2.md,410,778.00,778.0,REGISTRY,A_rho_1.0,0.000e+00,| $1.00$ | 778.00 | 2818.00 | 0.40000 | $1.8245e-7$ |
problem2.md,410,2818.00,2818.0,REGISTRY,A_cp_1.0,0.000e+00,| $1.00$ | 778.00 | 2818.00 | 0.40000 | $1.8245e-7$ |
problem2.md,410,0.40000,0.4,REGISTRY,A_k_1.0,0.000e+00,| $1.00$ | 778.00 | 2818.00 | 0.40000 | $1.8245e-7$ |
problem2.md,410,1.8245e-7,1.8245e-07,REGISTRY,A_alpha_1.0,1.875e-12,| $1.00$ | 778.00 | 2818.00 | 0.40000 | $1.8245e-7$ |
problem2.md,411,0.50,0.5,ALLOW,题面: 半径网格 0.5 cm,0.0,| $0.50$ | 714.00 | 2362.00 | 0.33667 | $1.9963e-7$ |
problem2.md,411,714.00,714.0,REGISTRY,A_rho_0.5,0.000e+00,| $0.50$ | 714.00 | 2362.00 | 0.33667 | $1.9963e-7$ |
problem2.md,411,2362.00,2362.0,REGISTRY,A_cp_0.5,0.000e+00,| $0.50$ | 714.00 | 2362.00 | 0.33667 | $1.9963e-7$ |
problem2.md,411,0.33667,0.33667,REGISTRY,A_k_0.5,3.333e-06,| $0.50$ | 714.00 | 2362.00 | 0.33667 | $1.9963e-7$ |
problem2.md,411,1.9963e-7,1.9963e-07,REGISTRY,A_alpha_0.5,1.743e-12,| $0.50$ | 714.00 | 2362.00 | 0.33667 | $1.9963e-7$ |
problem2.md,412,0.15,0.15,ALLOW,题面问题3: 含水率目标 0.15 kg/kg,0.0,| $0.15$（问题 3 目标） | 669.20 | 1806.87 | 0.25957 | $2.1467e-7$ |
problem2.md,412,3,3.0,ALLOW,3 h,0.0,| $0.15$（问题 3 目标） | 669.20 | 1806.87 | 0.25957 | $2.1467e-7$ |
problem2.md,412,669.20,669.2,REGISTRY,A_rho_0.15,0.000e+00,| $0.15$（问题 3 目标） | 669.20 | 1806.87 | 0.25957 | $2.1467e-7$ |
problem2.md,412,1806.87,1806.87,REGISTRY,A_cp_0.15,4.348e-04,| $0.15$（问题 3 目标） | 669.20 | 1806.87 | 0.25957 | $2.1467e-7$ |
problem2.md,412,0.25957,0.25957,REGISTRY,?,4.783e-06,| $0.15$（问题 3 目标） | 669.20 | 1806.87 | 0.25957 | $2.1467e-7$ |
problem2.md,412,2.1467e-7,2.1467e-07,REGISTRY,?,3.755e-12,| $0.15$（问题 3 目标） | 669.20 | 1806.87 | 0.25957 | $2.1467e-7$ |
problem2.md,414,3,3.0,ALLOW,3 h,0.0,**扩散系数**（由附录 3 算出）：
problem2.md,418,2.55,2.55,ALLOW,题面: 初始干基含水率 2.55 kg/kg,0.0,| $2.55$ | $28 ^\circ\mathrm{C}$（$301.15 \mathrm{K}$） | $5.6417e-9$ |
problem2.md,418,28,28.0,ALLOW,题面: 初温 28 degC,0.0,| $2.55$ | $28 ^\circ\mathrm{C}$（$301.15 \mathrm{K}$） | $5.6417e-9$ |
problem2.md,418,301.15,301.15,ALLOW,题面: T0 = 28 degC = 301.15 K,0.0,| $2.55$ | $28 ^\circ\mathrm{C}$（$301.15 \mathrm{K}$） | $5.6417e-9$ |
problem2.md,418,5.6417e-9,5.6417e-09,REGISTRY,B_D_2.55_28,1.963e-14,| $2.55$ | $28 ^\circ\mathrm{C}$（$301.15 \mathrm{K}$） | $5.6417e-9$ |
problem2.md,419,2.55,2.55,ALLOW,题面: 初始干基含水率 2.55 kg/kg,0.0,| $2.55$ | $50 ^\circ\mathrm{C}$ | $1.3471e-8$ |
problem2.md,419,50,50.0,ALLOW,网格数 M=50,0.0,| $2.55$ | $50 ^\circ\mathrm{C}$ | $1.3471e-8$ |
problem2.md,419,1.3471e-8,1.3471e-08,REGISTRY,B_D_2.55_50,3.178e-14,| $2.55$ | $50 ^\circ\mathrm{C}$ | $1.3471e-8$ |
problem2.md,420,1.00,1.0,ALLOW,题面: 半径网格 1 cm,0.0,| $1.00$ | $50 ^\circ\mathrm{C}$ | $1.0247e-8$ |
problem2.md,420,50,50.0,ALLOW,网格数 M=50,0.0,| $1.00$ | $50 ^\circ\mathrm{C}$ | $1.0247e-8$ |
problem2.md,420,1.0247e-8,1.0247e-08,REGISTRY,B_D_1.0_50,2.303e-13,| $1.00$ | $50 ^\circ\mathrm{C}$ | $1.0247e-8$ |
problem2.md,421,0.15,0.15,ALLOW,题面问题3: 含水率目标 0.15 kg/kg,0.0,| $0.15$ | $50 ^\circ\mathrm{C}$ | $8.0012e-10$ |
problem2.md,421,50,50.0,ALLOW,网格数 M=50,0.0,| $0.15$ | $50 ^\circ\mathrm{C}$ | $8.0012e-10$ |
problem2.md,421,8.0012e-10,8.0012e-10,REGISTRY,B_D_0.15_50,8.147e-16,| $0.15$ | $50 ^\circ\mathrm{C}$ | $8.0012e-10$ |
problem2.md,422,0.05,0.05,ALLOW,量级,0.0,| $0.05$ | $50 ^\circ\mathrm{C}$ | $1.9833e-12$ |
problem2.md,422,50,50.0,ALLOW,网格数 M=50,0.0,| $0.05$ | $50 ^\circ\mathrm{C}$ | $1.9833e-12$ |
problem2.md,422,1.9833e-12,1.9833e-12,REGISTRY,B_D_0.05_50,1.211e-18,| $0.05$ | $50 ^\circ\mathrm{C}$ | $1.9833e-12$ |
problem2.md,424,7,7.0,ALLOW,结构,0.0,"> 可见 $D$ 在可能的 $(C,T)$ 范围内跨越约 **7 个数量级**（$5.6e-9$ 至"
problem2.md,424,5.6e-9,5.6e-09,REGISTRY,B_D_2.55_28,4.168e-11,"> 可见 $D$ 在可能的 $(C,T)$ 范围内跨越约 **7 个数量级**（$5.6e-9$ 至"
problem2.md,425,2.0e-12,2e-12,ALLOW,D 的下界量级,0.0,> $2.0e-12$），且 $T$ 由 $28\to50 ^\circ\mathrm{C}$ 使 $D$ 增大 $2.4$ 倍——
problem2.md,425,28,28.0,ALLOW,题面: 初温 28 degC,0.0,> $2.0e-12$），且 $T$ 由 $28\to50 ^\circ\mathrm{C}$ 使 $D$ 增大 $2.4$ 倍——
problem2.md,425,50,50.0,ALLOW,网格数 M=50,0.0,> $2.0e-12$），且 $T$ 由 $28\to50 ^\circ\mathrm{C}$ 使 $D$ 增大 $2.4$ 倍——
problem2.md,425,2.4,2.4,ALLOW,D 在 28->50 degC 的倍率,0.0,> $2.0e-12$），且 $T$ 由 $28\to50 ^\circ\mathrm{C}$ 使 $D$ 增大 $2.4$ 倍——
problem2.md,432,0,0.0,ALLOW,零,0.0,### 6.1 初始条件（$t=0$，$0\le r\le R$）
problem2.md,432,0,0.0,ALLOW,零,0.0,### 6.1 初始条件（$t=0$，$0\le r\le R$）
problem2.md,434,0,0.0,ALLOW,零,0.0,"$$T(r,0)=T=28 ^\circ\mathrm{C}=301.15 \mathrm{K},  C(r,0)=C=2.55 \mathrm{kg/kg}$$"
problem2.md,434,28,28.0,ALLOW,题面: 初温 28 degC,0.0,"$$T(r,0)=T=28 ^\circ\mathrm{C}=301.15 \mathrm{K},  C(r,0)=C=2.55 \mathrm{kg/kg}$$"
problem2.md,434,301.15,301.15,ALLOW,题面: T0 = 28 degC = 301.15 K,0.0,"$$T(r,0)=T=28 ^\circ\mathrm{C}=301.15 \mathrm{K},  C(r,0)=C=2.55 \mathrm{kg/kg}$$"
problem2.md,434,0,0.0,ALLOW,零,0.0,"$$T(r,0)=T=28 ^\circ\mathrm{C}=301.15 \mathrm{K},  C(r,0)=C=2.55 \mathrm{kg/kg}$$"
problem2.md,434,2.55,2.55,ALLOW,题面: 初始干基含水率 2.55 kg/kg,0.0,"$$T(r,0)=T=28 ^\circ\mathrm{C}=301.15 \mathrm{K},  C(r,0)=C=2.55 \mathrm{kg/kg}$$"
problem2.md,436,0,0.0,ALLOW,零,0.0,### 6.2 中心对称条件（$r=0$）
problem2.md,440,0,0.0,ALLOW,零,0.0,"$$.(\partial T)/(\partial r)|=0, .(\partial C)/(\partial r)|=0$$"
problem2.md,440,0,0.0,ALLOW,零,0.0,"$$.(\partial T)/(\partial r)|=0, .(\partial C)/(\partial r)|=0$$"
problem2.md,451,3,3.0,ALLOW,3 h,0.0,式 (3) 右端第二项即**蒸发吸热热流** $q$（式 (3'')），其推导与量级见  ；
problem2.md,451,3,3.0,ALLOW,3 h,0.0,式 (3) 右端第二项即**蒸发吸热热流** $q$（式 (3'')），其推导与量级见  ；
problem2.md,452,0,0.0,ALLOW,零,0.0,若取 $H=0$ 则退化为无相变耦合的纯对流边界。
problem2.md,456,1,1.0,ALLOW,题面: 半径网格 1 cm,0.0,附件 1 给出 $T_\infty(t)$、$C_\infty(t)$ 的离散值（$\Delta t=60 \mathrm{s}$，覆盖
problem2.md,456,60,60.0,ALLOW,附件1 采样间隔 60 s,0.0,附件 1 给出 $T_\infty(t)$、$C_\infty(t)$ 的离散值（$\Delta t=60 \mathrm{s}$，覆盖
problem2.md,457,0,0.0,ALLOW,零,0.0,$0\sim14400 \mathrm{s}$），采用**保形分段三次插值（PCHIP）**连续化，理由见问题一
problem2.md,457,14400,14400.0,ALLOW,附件1 覆盖时长 14400 s,0.0,$0\sim14400 \mathrm{s}$），采用**保形分段三次插值（PCHIP）**连续化，理由见问题一
problem2.md,460,3,3.0,ALLOW,3 h,0.0,**时间范围**：题面要求输出前 3 h（$10800 \mathrm{s}$），落在附件 1 的覆盖区间内，
problem2.md,460,10800,10800.0,ALLOW,题面表3/4 时间点 3 h,0.0,**时间范围**：题面要求输出前 3 h（$10800 \mathrm{s}$），落在附件 1 的覆盖区间内，
problem2.md,460,1,1.0,ALLOW,题面: 半径网格 1 cm,0.0,**时间范围**：题面要求输出前 3 h（$10800 \mathrm{s}$），落在附件 1 的覆盖区间内，
problem2.md,461,2,2.0,ALLOW,题面: 半径 2 cm / 通用整数,0.0,无需外推。若需外推至 2 ~ 3 天的全过程，本文建议对 $t>14400 \mathrm{s}$ 采用
problem2.md,461,3,3.0,ALLOW,3 h,0.0,无需外推。若需外推至 2 ~ 3 天的全过程，本文建议对 $t>14400 \mathrm{s}$ 采用
problem2.md,461,14400,14400.0,ALLOW,附件1 覆盖时长 14400 s,0.0,无需外推。若需外推至 2 ~ 3 天的全过程，本文建议对 $t>14400 \mathrm{s}$ 采用
problem2.md,462,14400,14400.0,ALLOW,附件1 覆盖时长 14400 s,0.0,**末值保持**（$T_\infty=T_\infty(14400)$、$C_\infty=C_\infty(14400)$），并在论文中注明。
problem2.md,462,14400,14400.0,ALLOW,附件1 覆盖时长 14400 s,0.0,**末值保持**（$T_\infty=T_\infty(14400)$、$C_\infty=C_\infty(14400)$），并在论文中注明。
problem2.md,474,1.0353,1.0353,REGISTRY,C_Bi,1.274e-05,| 热 Biot 数 | $\mathrm{Bi}=hR/k(C)$ | $1.0353$ | $>0.1$，内部温度梯度不可忽略，必须用分布参数模型 |
problem2.md,474,0.1,0.1,ALLOW,题面: 半径步长 0.1 cm,0.0,| 热 Biot 数 | $\mathrm{Bi}=hR/k(C)$ | $1.0353$ | $>0.1$，内部温度梯度不可忽略，必须用分布参数模型 |
problem2.md,475,2.8360,2.836,ALLOW,session-2 Bi_m 对照,0.0,"| 传质 Biot 数 | $\mathrm{Bi}_m=h_mR/D(C,T)$ | $2.8360$ | 表面传质与内部扩散阻力同量级 |"
problem2.md,476,2761.9,2761.9,REGISTRY,?,6.382e-03,| 导热特征时间 | $R/\alpha(C)$ | $2761.9 \mathrm{s}$ | 与 3 h 同量级，说明 3 h 内温度接近平衡 |
problem2.md,476,3,3.0,ALLOW,3 h,0.0,| 导热特征时间 | $R/\alpha(C)$ | $2761.9 \mathrm{s}$ | 与 3 h 同量级，说明 3 h 内温度接近平衡 |
problem2.md,476,3,3.0,ALLOW,3 h,0.0,| 导热特征时间 | $R/\alpha(C)$ | $2761.9 \mathrm{s}$ | 与 3 h 同量级，说明 3 h 内温度接近平衡 |
problem2.md,477,70900.9,70900.9,REGISTRY,C_tauC,3.828e-02,"| 湿分特征时间 | $R/D(C,T)$ | $70900.9 \mathrm{s}$ | 比 3 h 大 6.6 倍，说明水分远未平衡 |"
problem2.md,477,3,3.0,ALLOW,3 h,0.0,"| 湿分特征时间 | $R/D(C,T)$ | $70900.9 \mathrm{s}$ | 比 3 h 大 6.6 倍，说明水分远未平衡 |"
problem2.md,477,6.6,6.6,ALLOW,R^2/D 与 3 h 之比,0.0,"| 湿分特征时间 | $R/D(C,T)$ | $70900.9 \mathrm{s}$ | 比 3 h 大 6.6 倍，说明水分远未平衡 |"
problem2.md,478,0.0390,0.039,ALLOW,D/alpha,0.0,| 热/湿时间尺度比 | $D/\alpha$ | $0.0390$ | 水分过程比温度过程慢约 26 倍 |
problem2.md,478,26,26.0,ALLOW,结构,0.0,| 热/湿时间尺度比 | $D/\alpha$ | $0.0390$ | 水分过程比温度过程慢约 26 倍 |
problem2.md,480,3,3.0,ALLOW,3 h,0.0,**关键结论**：3 h 内温度已趋于准稳态（$t\gg R/\alpha$），而含水率仅发生部分下降。
problem2.md,481,3,3.0,ALLOW,3 h,0.0,"这意味着在 3 h 的时间窗内，**温度方程起""快速跟随""作用、水分方程起""慢变主导""作用**，"
problem2.md,482,26,26.0,ALLOW,结构,0.0,两者的时间尺度分离（约 26 倍）是刚性的主要来源，要求时间积分格式**无条件稳定**
problem2.md,487,3,3.0,ALLOW,3 h,0.0,由附录 3 可直接估计两条耦合路径的强度：
problem2.md,489,3850,3850.0,ALLOW,附录3: Arrhenius 常数,0.0,$$(\partial \ln D)/(\partial T)=(3850)/(T)\approx4.25e-2 \mathrm{K}
problem2.md,489,4.25e-2,0.0425,REGISTRY,B_dlnD_dT,4.831e-05,$$(\partial \ln D)/(\partial T)=(3850)/(T)\approx4.25e-2 \mathrm{K}
problem2.md,490,301,301.0,ALLOW,T = 301 K 的整数量级表述 (§7.2),0.0,(\text{在 }T=301 \mathrm{K})$$
problem2.md,492,1,1.0,ALLOW,题面: 半径网格 1 cm,0.0,即温度每升高 $1 \mathrm{K}$，$D$ 增大约 $4.25%$——**温度对水分迁移的灵敏系数约 4 %/K**，
problem2.md,492,4.25,4.25,ALLOW,d lnD/dT 的百分比形式 (%/K),0.0,即温度每升高 $1 \mathrm{K}$，$D$ 增大约 $4.25%$——**温度对水分迁移的灵敏系数约 4 %/K**，
problem2.md,492,4,4.0,ALLOW,结构/常数,0.0,即温度每升高 $1 \mathrm{K}$，$D$ 增大约 $4.25%$——**温度对水分迁移的灵敏系数约 4 %/K**，
problem2.md,493,28,28.0,ALLOW,题面: 初温 28 degC,0.0,在 $28\to50 ^\circ\mathrm{C}$ 的升温区间内 $D$ 累计增大 $2.4$ 倍，属**强耦合**。
problem2.md,493,50,50.0,ALLOW,网格数 M=50,0.0,在 $28\to50 ^\circ\mathrm{C}$ 的升温区间内 $D$ 累计增大 $2.4$ 倍，属**强耦合**。
problem2.md,493,2.4,2.4,ALLOW,D 在 28->50 degC 的倍率,0.0,在 $28\to50 ^\circ\mathrm{C}$ 的升温区间内 $D$ 累计增大 $2.4$ 倍，属**强耦合**。
problem2.md,495,2.55,2.55,ALLOW,题面: 初始干基含水率 2.55 kg/kg,0.0,反向路径：$C$ 由 $2.55$ 降至 $0.15$ 时 $\rho c_p$ 下降 $63.7%$，等价于**热惯性减小**，
problem2.md,495,0.15,0.15,ALLOW,题面问题3: 含水率目标 0.15 kg/kg,0.0,反向路径：$C$ 由 $2.55$ 降至 $0.15$ 时 $\rho c_p$ 下降 $63.7%$，等价于**热惯性减小**，
problem2.md,495,63.7,63.7,ALLOW,rho cp 降幅 (%),0.0,反向路径：$C$ 由 $2.55$ 降至 $0.15$ 时 $\rho c_p$ 下降 $63.7%$，等价于**热惯性减小**，
problem2.md,503,28,28.0,ALLOW,题面: 初温 28 degC,0.0,与温升总幅度（$28\to50 ^\circ\mathrm{C}$，约 $22 \mathrm{K}$）相比为 **$0.9%$**，
problem2.md,503,50,50.0,ALLOW,网格数 M=50,0.0,与温升总幅度（$28\to50 ^\circ\mathrm{C}$，约 $22 \mathrm{K}$）相比为 **$0.9%$**，
problem2.md,503,22,22.0,ALLOW,结构,0.0,与温升总幅度（$28\to50 ^\circ\mathrm{C}$，约 $22 \mathrm{K}$）相比为 **$0.9%$**，
problem2.md,503,0.9,0.9,ALLOW,蒸发温降占温升比例 (%),0.0,与温升总幅度（$28\to50 ^\circ\mathrm{C}$，约 $22 \mathrm{K}$）相比为 **$0.9%$**，
problem2.md,514,0,0.0,ALLOW,零,0.0,"$$V=\{v\in H(0,R) : v \text{满足 }r\to0 \text{处的对称性（自然满足）}\}$$"
problem2.md,514,0,0.0,ALLOW,零,0.0,"$$V=\{v\in H(0,R) : v \text{满足 }r\to0 \text{处的对称性（自然满足）}\}$$"
problem2.md,521,1,1.0,ALLOW,题面: 半径网格 1 cm,0.0,式 (1) 两端乘以权函数 $v$ 并以 $r\mathrm{d}r$ 为体积权积分：
problem2.md,524,1,1.0,ALLOW,题面: 半径网格 1 cm,0.0,=\int^R (1)/(r)(\partial)/(\partial r)(kr(\partial T)/(\partial r))vr\mathrm{d}r
problem2.md,532,0,0.0,ALLOW,零,0.0,边界项：$r=0$ 处因 $r=0$ 而自动为零；$r=R$ 处代入式 (3)（**含蒸发吸热项**），得
problem2.md,532,0,0.0,ALLOW,零,0.0,边界项：$r=0$ 处因 $r=0$ 而自动为零；$r=R$ 处代入式 (3)（**含蒸发吸热项**），得
problem2.md,532,3,3.0,ALLOW,3 h,0.0,边界项：$r=0$ 处因 $r=0$ 而自动为零；$r=R$ 处代入式 (3)（**含蒸发吸热项**），得
problem2.md,542,0,0.0,ALLOW,零,0.0,"+{Hh_mR[C(R,t)-C_\infty(t)]v(R)}_{\text{蒸发吸热}}=0 }"
problem2.md,550,2,2.0,ALLOW,题面: 半径 2 cm / 通用整数,0.0,同理，式 (2) 乘 $v$ 并以 $r\mathrm{d}r$ 积分、分部积分、代入式 (4)：
problem2.md,550,4,4.0,ALLOW,结构/常数,0.0,同理，式 (2) 乘 $v$ 并以 $r\mathrm{d}r$ 积分、分部积分、代入式 (4)：
problem2.md,554,0,0.0,ALLOW,零,0.0,"+h_mR[C(R,t)-C_\infty(t)]v(R)=0 }"
problem2.md,566,0,0.0,ALLOW,零,0.0,"取节点 $r_i=i\Delta r$，$\Delta r=R/M$，$i=0,1,\dots,M$（与问题一同一套节点式网格，"
problem2.md,566,1,1.0,ALLOW,题面: 半径网格 1 cm,0.0,"取节点 $r_i=i\Delta r$，$\Delta r=R/M$，$i=0,1,\dots,M$（与问题一同一套节点式网格，"
problem2.md,567,0,0.0,ALLOW,零,0.0,便于两问结果对照）。$r=0$ 为中心、$r_M=R$ 为表面。
problem2.md,572,6,6.0,ALLOW,结构: 表格行数,0.0,"\dfrac{r-r}{\Delta r}, & r\in[r,r_i]\\[6pt]"
problem2.md,573,6,6.0,ALLOW,结构: 表格行数,0.0,"\dfrac{r-r}{\Delta r}, & r\in[r_i,r]\\[6pt]"
problem2.md,574,0,0.0,ALLOW,零,0.0,"0, & \text{其他}"
problem2.md,577,1,1.0,ALLOW,题面: 半径网格 1 cm,0.0,满足 $\sum_j\varphi_j(r)\equiv1$（单位分解）与 $\varphi_i(r_j)=\delta$。
problem2.md,597,12,12.0,ALLOW,网格数 M=12 (Jacobian 校核),0.0,$$M=(\rho c_ph)/(12)
problem2.md,598,3,3.0,ALLOW,3 h,0.0,3a+b & a+b\ a+b & a+3b$$
problem2.md,598,3,3.0,ALLOW,3 h,0.0,3a+b & a+b\ a+b & a+3b$$
problem2.md,600,0,0.0,ALLOW,零,0.0,"> **推导**：$M^e=\int_a^b\rho c_p r\varphi\mathrm{d}r$，令 $r=a+s$（$s\in[0,h]$）、"
problem2.md,601,1,1.0,ALLOW,题面: 半径网格 1 cm,0.0,> $\varphi=1-s/h$，则
problem2.md,602,1,1.0,ALLOW,题面: 半径网格 1 cm,0.0,> $\int^h(a+s)(1-s/h)\mathrm{d}s=(a h)/(3)+(h)/(12)=(h(3a+b))/(12)$；
problem2.md,602,3,3.0,ALLOW,3 h,0.0,> $\int^h(a+s)(1-s/h)\mathrm{d}s=(a h)/(3)+(h)/(12)=(h(3a+b))/(12)$；
problem2.md,602,12,12.0,ALLOW,网格数 M=12 (Jacobian 校核),0.0,> $\int^h(a+s)(1-s/h)\mathrm{d}s=(a h)/(3)+(h)/(12)=(h(3a+b))/(12)$；
problem2.md,602,3,3.0,ALLOW,3 h,0.0,> $\int^h(a+s)(1-s/h)\mathrm{d}s=(a h)/(3)+(h)/(12)=(h(3a+b))/(12)$；
problem2.md,602,12,12.0,ALLOW,网格数 M=12 (Jacobian 校核),0.0,> $\int^h(a+s)(1-s/h)\mathrm{d}s=(a h)/(3)+(h)/(12)=(h(3a+b))/(12)$；
problem2.md,603,12,12.0,ALLOW,网格数 M=12 (Jacobian 校核),0.0,> 同理 $M^e=(h(a+b))/(12)$、$M^e=(h(a+3b))/(12)$。
problem2.md,603,3,3.0,ALLOW,3 h,0.0,> 同理 $M^e=(h(a+b))/(12)$、$M^e=(h(a+3b))/(12)$。
problem2.md,603,12,12.0,ALLOW,网格数 M=12 (Jacobian 校核),0.0,> 同理 $M^e=(h(a+b))/(12)$、$M^e=(h(a+3b))/(12)$。
problem2.md,604,2,2.0,ALLOW,题面: 半径 2 cm / 通用整数,0.0,> **退化检验**：当权函数退化为常数（$a=h/2$ 的中置单元）时三项分别为
problem2.md,605,3,3.0,ALLOW,3 h,0.0,"> $h/3, h/6, h/3$，回到标准一维线性单元质量矩阵，验证公式正确。"
problem2.md,605,6,6.0,ALLOW,结构: 表格行数,0.0,"> $h/3, h/6, h/3$，回到标准一维线性单元质量矩阵，验证公式正确。"
problem2.md,605,3,3.0,ALLOW,3 h,0.0,"> $h/3, h/6, h/3$，回到标准一维线性单元质量矩阵，验证公式正确。"
problem2.md,609,2,2.0,ALLOW,题面: 半径 2 cm / 通用整数,0.0,$$K=(k(a+b))/(2h)
problem2.md,610,1,1.0,ALLOW,题面: 半径网格 1 cm,0.0,1&-1\\-1&1$$
problem2.md,610,-1,-1.0,REGISTRY,V6_TR_diff,3.663e-01,1&-1\\-1&1$$
problem2.md,610,-1,-1.0,REGISTRY,V6_TR_diff,3.663e-01,1&-1\\-1&1$$
problem2.md,610,1,1.0,ALLOW,题面: 半径网格 1 cm,0.0,1&-1\\-1&1$$
problem2.md,613,1,1.0,ALLOW,题面: 半径网格 1 cm,0.0,> =k\int_a^b r(1)/(h)\mathrm{d}r=(k)/(2h)(b-a)
problem2.md,613,2,2.0,ALLOW,题面: 半径 2 cm / 通用整数,0.0,> =k\int_a^b r(1)/(h)\mathrm{d}r=(k)/(2h)(b-a)
problem2.md,614,2,2.0,ALLOW,题面: 半径 2 cm / 通用整数,0.0,> =(k(a+b))/(2h)$；非对角元取负号。
problem2.md,625,1,1.0,ALLOW,题面: 半径网格 1 cm,0.0,(\text{用单位分解} \textstyle\sum_j\varphi_j\equiv1)$$
problem2.md,627,2,2.0,ALLOW,题面: 半径 2 cm / 通用整数,0.0,"单元 $e=[a,b]$ 的行和为：左节点 $\rho c_p h(2a+b)/(6)$、右节点 $\rho c_p h(a+2b)/(6)$"
problem2.md,627,6,6.0,ALLOW,结构: 表格行数,0.0,"单元 $e=[a,b]$ 的行和为：左节点 $\rho c_p h(2a+b)/(6)$、右节点 $\rho c_p h(a+2b)/(6)$"
problem2.md,627,2,2.0,ALLOW,题面: 半径 2 cm / 通用整数,0.0,"单元 $e=[a,b]$ 的行和为：左节点 $\rho c_p h(2a+b)/(6)$、右节点 $\rho c_p h(a+2b)/(6)$"
problem2.md,627,6,6.0,ALLOW,结构: 表格行数,0.0,"单元 $e=[a,b]$ 的行和为：左节点 $\rho c_p h(2a+b)/(6)$、右节点 $\rho c_p h(a+2b)/(6)$"
problem2.md,630,1,1.0,ALLOW,题面: 半径网格 1 cm,0.0,"对内部节点 $i$（$1\le i\le M-1$），由左右两个单元贡献——在左单元 $[r,r_i]$ 中"
problem2.md,630,-1,-1.0,REGISTRY,V6_TR_diff,3.663e-01,"对内部节点 $i$（$1\le i\le M-1$），由左右两个单元贡献——在左单元 $[r,r_i]$ 中"
problem2.md,633,2,2.0,ALLOW,题面: 半径 2 cm / 通用整数,0.0,$$M=\rho c_p[\frac{\Delta r(r+2r_i)}{6}+\frac{\Delta r(2r_i+r)}{6}]
problem2.md,633,6,6.0,ALLOW,结构: 表格行数,0.0,$$M=\rho c_p[\frac{\Delta r(r+2r_i)}{6}+\frac{\Delta r(2r_i+r)}{6}]
problem2.md,633,2,2.0,ALLOW,题面: 半径 2 cm / 通用整数,0.0,$$M=\rho c_p[\frac{\Delta r(r+2r_i)}{6}+\frac{\Delta r(2r_i+r)}{6}]
problem2.md,633,6,6.0,ALLOW,结构: 表格行数,0.0,$$M=\rho c_p[\frac{\Delta r(r+2r_i)}{6}+\frac{\Delta r(2r_i+r)}{6}]
problem2.md,634,6,6.0,ALLOW,结构: 表格行数,0.0,=(\rho c_p\Delta r)/(6)\Big[(i-1+2i)+(2i+i+1)\Big]\Delta r=\rho c_p\Delta rr_i$$
problem2.md,634,-1,-1.0,REGISTRY,V6_TR_diff,3.663e-01,=(\rho c_p\Delta r)/(6)\Big[(i-1+2i)+(2i+i+1)\Big]\Delta r=\rho c_p\Delta rr_i$$
problem2.md,634,2,2.0,ALLOW,题面: 半径 2 cm / 通用整数,0.0,=(\rho c_p\Delta r)/(6)\Big[(i-1+2i)+(2i+i+1)\Big]\Delta r=\rho c_p\Delta rr_i$$
problem2.md,634,2,2.0,ALLOW,题面: 半径 2 cm / 通用整数,0.0,=(\rho c_p\Delta r)/(6)\Big[(i-1+2i)+(2i+i+1)\Big]\Delta r=\rho c_p\Delta rr_i$$
problem2.md,634,1,1.0,ALLOW,题面: 半径网格 1 cm,0.0,=(\rho c_p\Delta r)/(6)\Big[(i-1+2i)+(2i+i+1)\Big]\Delta r=\rho c_p\Delta rr_i$$
problem2.md,636,3,3.0,ALLOW,3 h,0.0,（末步用到 $r_i=i\Delta r$ 及 $(3i-1)+(3i+1)=6i$）。即
problem2.md,636,-1,-1.0,REGISTRY,V6_TR_diff,3.663e-01,（末步用到 $r_i=i\Delta r$ 及 $(3i-1)+(3i+1)=6i$）。即
problem2.md,636,3,3.0,ALLOW,3 h,0.0,（末步用到 $r_i=i\Delta r$ 及 $(3i-1)+(3i+1)=6i$）。即
problem2.md,636,1,1.0,ALLOW,题面: 半径网格 1 cm,0.0,（末步用到 $r_i=i\Delta r$ 及 $(3i-1)+(3i+1)=6i$）。即
problem2.md,636,6,6.0,ALLOW,结构: 表格行数,0.0,（末步用到 $r_i=i\Delta r$ 及 $(3i-1)+(3i+1)=6i$）。即
problem2.md,640,1,1.0,ALLOW,题面: 半径网格 1 cm,0.0,"> **数值核验**：按上式与直接对一致质量矩阵作行求和，在 $i=1,\dots,M-1$ 上相对误差"
problem2.md,640,-1,-1.0,REGISTRY,V6_TR_diff,3.663e-01,"> **数值核验**：按上式与直接对一致质量矩阵作行求和，在 $i=1,\dots,M-1$ 上相对误差"
problem2.md,641,1e-16,1e-16,ALLOW,机器精度,0.0,> 为机器精度（$\sim1e-16$），已验证。
problem2.md,645,2,2.0,ALLOW,题面: 半径 2 cm / 通用整数,0.0,"$$M=\rho c_p(\Delta r(2r+r))/(6)=(\rho c_p\Delta r)/(6),"
problem2.md,645,6,6.0,ALLOW,结构: 表格行数,0.0,"$$M=\rho c_p(\Delta r(2r+r))/(6)=(\rho c_p\Delta r)/(6),"
problem2.md,645,6,6.0,ALLOW,结构: 表格行数,0.0,"$$M=\rho c_p(\Delta r(2r+r))/(6)=(\rho c_p\Delta r)/(6),"
problem2.md,646,2,2.0,ALLOW,题面: 半径 2 cm / 通用整数,0.0,M=\rho c_p\frac{\Delta r(r+2r_M)}{6}=(\rho c_p\Delta r(3M-1))/(6)$$
problem2.md,646,6,6.0,ALLOW,结构: 表格行数,0.0,M=\rho c_p\frac{\Delta r(r+2r_M)}{6}=(\rho c_p\Delta r(3M-1))/(6)$$
problem2.md,646,3,3.0,ALLOW,3 h,0.0,M=\rho c_p\frac{\Delta r(r+2r_M)}{6}=(\rho c_p\Delta r(3M-1))/(6)$$
problem2.md,646,-1,-1.0,REGISTRY,V6_TR_diff,3.663e-01,M=\rho c_p\frac{\Delta r(r+2r_M)}{6}=(\rho c_p\Delta r(3M-1))/(6)$$
problem2.md,646,6,6.0,ALLOW,结构: 表格行数,0.0,M=\rho c_p\frac{\Delta r(r+2r_M)}{6}=(\rho c_p\Delta r(3M-1))/(6)$$
problem2.md,651,6,6.0,ALLOW,结构: 表格行数,0.0,"M=(\Delta r)/(6),  M=(\Delta r(3M-1))/(6)$$"
problem2.md,651,3,3.0,ALLOW,3 h,0.0,"M=(\Delta r)/(6),  M=(\Delta r(3M-1))/(6)$$"
problem2.md,651,-1,-1.0,REGISTRY,V6_TR_diff,3.663e-01,"M=(\Delta r)/(6),  M=(\Delta r(3M-1))/(6)$$"
problem2.md,651,6,6.0,ALLOW,结构: 表格行数,0.0,"M=(\Delta r)/(6),  M=(\Delta r(3M-1))/(6)$$"
problem2.md,655,1,1.0,ALLOW,题面: 半径网格 1 cm,0.0,"1. **物理意义明确**：$M^L=\rho c_p\Delta rr_i$ 恰是""节点 $i$ 所在环形控制体"""
problem2.md,657,2,2.0,ALLOW,题面: 半径 2 cm / 通用整数,0.0,2. **保持极值原理**：质量矩阵对角化后，离散格式的最大值原理与正性条件更易满足
problem2.md,659,3,3.0,ALLOW,3 h,0.0,3. **计算效率**：时间推进无需解质量矩阵（$\dot{\mathbf T}$ 显式），且与后向 Euler
problem2.md,661,4,4.0,ALLOW,结构/常数,0.0,4. **与守恒性相容**：行和集中保持 $\sum_i M^L=\int\rho c_pr\mathrm{d}r$，
problem2.md,667,0,0.0,ALLOW,零,0.0,> **$r=0$ 节点的已知弱点（必须交代）**：行和集中使 $M^L=\rho c_p\Delta r/6$，
problem2.md,667,6,6.0,ALLOW,结构: 表格行数,0.0,> **$r=0$ 节点的已知弱点（必须交代）**：行和集中使 $M^L=\rho c_p\Delta r/6$，
problem2.md,668,0,0.0,ALLOW,零,0.0,> 而节点 $r=0$ 处的精确半控制体热容是 $\rho c_p\Delta r/8$；刚度项在两种口径下
problem2.md,668,8,8.0,ALLOW,结构,0.0,> 而节点 $r=0$ 处的精确半控制体热容是 $\rho c_p\Delta r/8$；刚度项在两种口径下
problem2.md,669,2,2.0,ALLOW,题面: 半径 2 cm / 通用整数,0.0,> 都是 $k\Delta r/2/\Delta r=k/2$，故 $r=0$ 的等效方程为
problem2.md,669,2,2.0,ALLOW,题面: 半径 2 cm / 通用整数,0.0,> 都是 $k\Delta r/2/\Delta r=k/2$，故 $r=0$ 的等效方程为
problem2.md,669,0,0.0,ALLOW,零,0.0,> 都是 $k\Delta r/2/\Delta r=k/2$，故 $r=0$ 的等效方程为
problem2.md,670,3,3.0,ALLOW,3 h,0.0,"> $$\text{集中质量：} \dot T=(3\alpha)/(\Delta r)(T-T),"
problem2.md,671,0,0.0,ALLOW,零,0.0,> \text{精确（柱坐标 }r\to0\text{）：} \dot T=(4\alpha)/(\Delta r)(T-T)$$
problem2.md,671,4,4.0,ALLOW,结构/常数,0.0,> \text{精确（柱坐标 }r\to0\text{）：} \dot T=(4\alpha)/(\Delta r)(T-T)$$
problem2.md,672,0,0.0,ALLOW,零,0.0,> 即集中质量在 $r=0$ 的系数恰为精确值的 $3/4$，**与 $M$ 无关**，属局部不一致。
problem2.md,672,3,3.0,ALLOW,3 h,0.0,> 即集中质量在 $r=0$ 的系数恰为精确值的 $3/4$，**与 $M$ 无关**，属局部不一致。
problem2.md,672,4,4.0,ALLOW,结构/常数,0.0,> 即集中质量在 $r=0$ 的系数恰为精确值的 $3/4$，**与 $M$ 无关**，属局部不一致。
problem2.md,673,1,1.0,ALLOW,题面: 半径网格 1 cm,0.0,> 内部节点（$1\le i\le M-1$）两种口径**逐项完全相同**（均为 $\rho c_p\Delta rr_i$），
problem2.md,673,-1,-1.0,REGISTRY,V6_TR_diff,3.663e-01,> 内部节点（$1\le i\le M-1$）两种口径**逐项完全相同**（均为 $\rho c_p\Delta rr_i$），
problem2.md,674,2,2.0,ALLOW,题面: 半径 2 cm / 通用整数,0.0,> 故该不一致只影响中心附近的一层网格。其定量影响见 `src/q2_center_node.py` 与
problem2.md,675,2,2.0,ALLOW,题面: 半径 2 cm / 通用整数,0.0,> `model/problem2_slove.md`  、 ：生产网格上该项误差低于四位小数阈值。
problem2.md,676,0,0.0,ALLOW,零,0.0,> 若要求 $r=0$ 也严格一致，把 $M^L$ 换成 $\rho c_p\Delta r/8$ 即可
problem2.md,676,8,8.0,ALLOW,结构,0.0,> 若要求 $r=0$ 也严格一致，把 $M^L$ 换成 $\rho c_p\Delta r/8$ 即可
problem2.md,685,5,5.0,ALLOW,结构/常数,0.0,将   代入弱形式 (5)(6)，取 $v=\varphi_i$，得半离散常微分方程组：
problem2.md,685,6,6.0,ALLOW,结构: 表格行数,0.0,将   代入弱形式 (5)(6)，取 $v=\varphi_i$，得半离散常微分方程组：
problem2.md,687,0,0.0,ALLOW,零,0.0,$$\mathbf M(C)\dot{\mathbf T}+\mathbf K(C)\mathbf T+hR(T_M-T_\infty)\mathbf e_M=\mathbf 0$
problem2.md,689,0,0.0,ALLOW,零,0.0,"$$\mathbf M\dot{\mathbf C}+\mathbf K(C,T)\mathbf C+h_mR(C_M-C_\infty)\mathbf e_M=\mathbf 0"
problem2.md,691,0,0.0,ALLOW,零,0.0,"其中 $\mathbf e_M=(0,\dots,0,1)$，$\mathbf M,\mathbf M^C$ 取集中形式（对角）。"
problem2.md,691,0,0.0,ALLOW,零,0.0,"其中 $\mathbf e_M=(0,\dots,0,1)$，$\mathbf M,\mathbf M^C$ 取集中形式（对角）。"
problem2.md,691,1,1.0,ALLOW,题面: 半径网格 1 cm,0.0,"其中 $\mathbf e_M=(0,\dots,0,1)$，$\mathbf M,\mathbf M^C$ 取集中形式（对角）。"
problem2.md,700,0,0.0,ALLOW,零,0.0,+Hh_mR(C_M-C_\infty)\mathbf e_M=\mathbf 0 }
problem2.md,705,0,0.0,ALLOW,零,0.0,+h_mR(C_M-C_\infty)\mathbf e_M=\mathbf 0 }
problem2.md,710,26,26.0,ALLOW,结构,0.0,- **无条件稳定（A-稳定且 L-稳定）**：本题时间尺度比达 26（ ），且 $\rho c_p$
problem2.md,711,64,64.0,ALLOW,1/64 s 的时间步分母,0.0,在干燥过程中变化近 64 %，显式格式的稳定步长约束（$\Delta t\lesssim\Delta r/(2\alpha)$）
problem2.md,711,2,2.0,ALLOW,题面: 半径 2 cm / 通用整数,0.0,在干燥过程中变化近 64 %，显式格式的稳定步长约束（$\Delta t\lesssim\Delta r/(2\alpha)$）
problem2.md,713,1e5,100000.0,ALLOW,量级,0.0,- **L-稳定性对刚性衰减友好**：水分方程在低含水率段的特征时间可达 $1e5 \mathrm{s}$ 以上，
problem2.md,714,1e3,1000.0,ALLOW,量级,0.0,而温度方程特征时间为 $1e3 \mathrm{s}$ 量级，L-稳定格式能有效抑制快模态的虚假振荡；
problem2.md,724,7,7.0,ALLOW,结构,0.0,"记未知向量 $\mathbf U=(\mathbf T,\mathbf C)\in\mathbb R$，式 (7)(8)"
problem2.md,724,8,8.0,ALLOW,结构,0.0,"记未知向量 $\mathbf U=(\mathbf T,\mathbf C)\in\mathbb R$，式 (7)(8)"
problem2.md,725,0,0.0,ALLOW,零,0.0,构成非线性代数方程组 $\mathbf R(\mathbf U)=\mathbf 0$，分块写出：
problem2.md,729,0,0.0,ALLOW,零,0.0,+Hh_mR(C_M-C_\infty)\mathbf e_M=\mathbf 0$$
problem2.md,732,0,0.0,ALLOW,零,0.0,"+\mathbf K(\mathbf C,\mathbf T)\mathbf C+h_mR(C_M-C_\infty)\mathbf e_M=\mathbf 0$$"
problem2.md,734,2,2.0,ALLOW,题面: 半径 2 cm / 通用整数,0.0,### 11.2 Jacobian（$2x2$ 分块）
problem2.md,734,2,2.0,ALLOW,题面: 半径 2 cm / 通用整数,0.0,### 11.2 Jacobian（$2x2$ 分块）
problem2.md,737,10,10.0,ALLOW,结构,0.0,(\partial\mathbf R_T)/(\partial\mathbf T) & (\partial\mathbf R_T)/(\partial\mathbf C)\\[10
problem2.md,741,1,1.0,ALLOW,题面: 半径网格 1 cm,0.0,"**块 (1,1)**（温度-温度）：$\mathbf M$、$hR$ 项与 $T$ 无关，故"
problem2.md,741,1,1.0,ALLOW,题面: 半径网格 1 cm,0.0,"**块 (1,1)**（温度-温度）：$\mathbf M$、$hR$ 项与 $T$ 无关，故"
problem2.md,745,1,1.0,ALLOW,题面: 半径网格 1 cm,0.0,"**块 (1,2)**（温度对含水率的导数）：来自 $\mathbf M(\mathbf C)$ 与 $\mathbf K(\mathbf C)$ 的"
problem2.md,745,2,2.0,ALLOW,题面: 半径 2 cm / 通用整数,0.0,"**块 (1,2)**（温度对含水率的导数）：来自 $\mathbf M(\mathbf C)$ 与 $\mathbf K(\mathbf C)$ 的"
problem2.md,752,12,12.0,ALLOW,网格数 M=12 (Jacobian 校核),0.0,"求导：对单元 $e_k=[r_k,r]$，记 $k_e=\tfrac12\big[k(C_k)+k(C)\big]$，"
problem2.md,754,2,2.0,ALLOW,题面: 半径 2 cm / 通用整数,0.0,$K=\dfrac{k_e(r_k+r)}{2\Delta r}1&-1\\-1&1$，
problem2.md,754,1,1.0,ALLOW,题面: 半径网格 1 cm,0.0,$K=\dfrac{k_e(r_k+r)}{2\Delta r}1&-1\\-1&1$，
problem2.md,754,-1,-1.0,REGISTRY,V6_TR_diff,3.663e-01,$K=\dfrac{k_e(r_k+r)}{2\Delta r}1&-1\\-1&1$，
problem2.md,754,-1,-1.0,REGISTRY,V6_TR_diff,3.663e-01,$K=\dfrac{k_e(r_k+r)}{2\Delta r}1&-1\\-1&1$，
problem2.md,754,1,1.0,ALLOW,题面: 半径网格 1 cm,0.0,$K=\dfrac{k_e(r_k+r)}{2\Delta r}1&-1\\-1&1$，
problem2.md,757,2,2.0,ALLOW,题面: 半径 2 cm / 通用整数,0.0,$$\big(KT\big)=\frac{k_e(r_k+r)}{2\Delta r}
problem2.md,763,2,2.0,ALLOW,题面: 半径 2 cm / 通用整数,0.0,=\sum(k'(C_j))/(2)\cdot\frac{r_k+r}{2\Delta r}\cdot
problem2.md,763,2,2.0,ALLOW,题面: 半径 2 cm / 通用整数,0.0,=\sum(k'(C_j))/(2)\cdot\frac{r_k+r}{2\Delta r}\cdot
problem2.md,766,0.38,0.38,ALLOW,附录3: k 的 C 系数,0.0,其中 $k'(C_j)=(0.38)/((C_j+1))$，$(\pm)$ 按该单元对第 $i$ 个方程的贡献符号取
problem2.md,766,1,1.0,ALLOW,题面: 半径网格 1 cm,0.0,其中 $k'(C_j)=(0.38)/((C_j+1))$，$(\pm)$ 按该单元对第 $i$ 个方程的贡献符号取
problem2.md,770,7,7.0,ALLOW,结构,0.0,**另需叠加蒸发吸热项的直接贡献**（式 (7) 末项对 $C$ 求导）：该项只作用于表面节点，
problem2.md,776,0,0.0,ALLOW,零,0.0,这是三条耦合通路中**唯一显式出现于 Jacobian 的非物性项**；若取 $H=0$
problem2.md,777,1,1.0,ALLOW,题面: 半径网格 1 cm,0.0,"（无相变），该元消失，块 (1,2) 退化为纯物性耦合。注意其量级（$H$ 取"
problem2.md,777,2,2.0,ALLOW,题面: 半径 2 cm / 通用整数,0.0,"（无相变），该元消失，块 (1,2) 退化为纯物性耦合。注意其量级（$H$ 取"
problem2.md,778,28,28.0,ALLOW,题面: 初温 28 degC,0.0,$28 ^\circ\mathrm C$ 值，见  (c)）：
problem2.md,779,2.4346e6,2434600.0,REGISTRY,D_Hevap_28,0.000e+00,$Hh_mR=2.4346e6x8e-7x0.02=0.0389536$。
problem2.md,779,8e-7,8e-07,ALLOW,附录2: 对流传质系数,0.0,$Hh_mR=2.4346e6x8e-7x0.02=0.0389536$。
problem2.md,779,0.02,0.02,ALLOW,长度换算 / dt=0.02 s,0.0,$Hh_mR=2.4346e6x8e-7x0.02=0.0389536$。
problem2.md,779,0.0389536,0.0389536,REGISTRY,D_Jac_evap28,0.000e+00,$Hh_mR=2.4346e6x8e-7x0.02=0.0389536$。
problem2.md,781,1,1.0,ALLOW,题面: 半径网格 1 cm,0.0,**该元的相对权重应与它所在行（温度方程）的对角元相比**，而不是与 $1/\Delta t$ 相比
problem2.md,783,1600,1600.0,ALLOW,网格数 M=1600,0.0,在 $M=1600$、$\Delta t=1/32 \mathrm s$ 下该对角元为 $13.8360$，故
problem2.md,783,1,1.0,ALLOW,题面: 半径网格 1 cm,0.0,在 $M=1600$、$\Delta t=1/32 \mathrm s$ 下该对角元为 $13.8360$，故
problem2.md,783,32,32.0,ALLOW,结构,0.0,在 $M=1600$、$\Delta t=1/32 \mathrm s$ 下该对角元为 $13.8360$，故
problem2.md,783,13.8360,13.836,REGISTRY,D_JTdiag_M1600_dt0.03125,2.651e-07,在 $M=1600$、$\Delta t=1/32 \mathrm s$ 下该对角元为 $13.8360$，故
problem2.md,786,0.0389536,0.0389536,REGISTRY,D_Jac_evap28,0.000e+00,=(0.0389536)/(13.8360)=0.28154%$$
problem2.md,786,13.8360,13.836,REGISTRY,D_JTdiag_M1600_dt0.03125,2.651e-07,=(0.0389536)/(13.8360)=0.28154%$$
problem2.md,786,0.28154,0.28154,REGISTRY,D_fusion_M1600_dt0.03125,1.989e-06,=(0.0389536)/(13.8360)=0.28154%$$
problem2.md,788,0.2815,0.2815,REGISTRY,D_fusion_M1600_dt0.03125,3.801e-05,即蒸发耦合仅占表面对角元的 $0.2815%$，属**弱耦合**（与  (c) 的结论一致）。
problem2.md,789,0.25,0.25,ALLOW,dt=0.25 s,0.0,作为对照，$\Delta t=0.25 \mathrm s$、$M=400$ 时为 $0.54375%$——**时间步越小该比例越小**，
problem2.md,789,400,400.0,ALLOW,网格数 M=400,0.0,作为对照，$\Delta t=0.25 \mathrm s$、$M=400$ 时为 $0.54375%$——**时间步越小该比例越小**，
problem2.md,789,0.54375,0.54375,REGISTRY,D_fusion_M400_dt0.25,3.696e-06,作为对照，$\Delta t=0.25 \mathrm s$、$M=400$ 时为 $0.54375%$——**时间步越小该比例越小**，
problem2.md,792,2,2.0,ALLOW,题面: 半径 2 cm / 通用整数,0.0,"**块 (2,1)**（水分对温度的导数）：仅由 $D(C,T)$ 的 Arrhenius 项产生。界面扩散系数同样取"
problem2.md,792,1,1.0,ALLOW,题面: 半径网格 1 cm,0.0,"**块 (2,1)**（水分对温度的导数）：仅由 $D(C,T)$ 的 Arrhenius 项产生。界面扩散系数同样取"
problem2.md,793,12,12.0,ALLOW,网格数 M=12 (Jacobian 校核),0.0,"算术平均：$D=\tfrac12\big[D(C,T)+D(C_i,T_i)\big]$。完全平行于块 (1,2)："
problem2.md,793,1,1.0,ALLOW,题面: 半径网格 1 cm,0.0,"算术平均：$D=\tfrac12\big[D(C,T)+D(C_i,T_i)\big]$。完全平行于块 (1,2)："
problem2.md,793,2,2.0,ALLOW,题面: 半径 2 cm / 通用整数,0.0,"算术平均：$D=\tfrac12\big[D(C,T)+D(C_i,T_i)\big]$。完全平行于块 (1,2)："
problem2.md,796,1,1.0,ALLOW,题面: 半径网格 1 cm,0.0,=\sum(1)/(2)(\partial D)/(\partial T)\Big|\cdot
problem2.md,796,2,2.0,ALLOW,题面: 半径 2 cm / 通用整数,0.0,=\sum(1)/(2)(\partial D)/(\partial T)\Big|\cdot
problem2.md,797,2,2.0,ALLOW,题面: 半径 2 cm / 通用整数,0.0,\frac{r_k+r}{2\Delta r}\cdot\big(\pm(C-C_k)\big)\Big|_{\text{作用于节点 }i}$$
problem2.md,799,3850,3850.0,ALLOW,附录3: Arrhenius 常数,0.0,"其中 $(\partial D)/(\partial T)\Big|=D(C_j,T_j)\cdot(3850)/(T_j)$。"
problem2.md,801,2,2.0,ALLOW,题面: 半径 2 cm / 通用整数,0.0,"**块 (2,2)**（水分-水分）："
problem2.md,801,2,2.0,ALLOW,题面: 半径 2 cm / 通用整数,0.0,"**块 (2,2)**（水分-水分）："
problem2.md,807,3,3.0,ALLOW,3 h,0.0,### 11.3 导数公式（由附录 3 解析给出）
problem2.md,809,128,128.0,ALLOW,附录3: rho 的 C 系数,0.0,"$$(\partial \rho)/(\partial C)=128,"
problem2.md,810,2736,2736.0,ALLOW,附录3: cp 的 C 系数,0.0,"(\partial c_p)/(\partial C)=(2736)/((C+1)),"
problem2.md,810,1,1.0,ALLOW,题面: 半径网格 1 cm,0.0,"(\partial c_p)/(\partial C)=(2736)/((C+1)),"
problem2.md,811,0.38,0.38,ALLOW,附录3: k 的 C 系数,0.0,(\partial k)/(\partial C)=(0.38)/((C+1))$$
problem2.md,811,1,1.0,ALLOW,题面: 半径网格 1 cm,0.0,(\partial k)/(\partial C)=(0.38)/((C+1))$$
problem2.md,814,128,128.0,ALLOW,附录3: rho 的 C 系数,0.0,=128c_p(C)+(2736\rho(C))/((C+1))$$
problem2.md,814,2736,2736.0,ALLOW,附录3: cp 的 C 系数,0.0,=128c_p(C)+(2736\rho(C))/((C+1))$$
problem2.md,814,1,1.0,ALLOW,题面: 半径网格 1 cm,0.0,=128c_p(C)+(2736\rho(C))/((C+1))$$
problem2.md,816,0.45,0.45,ALLOW,附录3: D 的指数常数,0.0,"$${ (\partial D)/(\partial C)=D(C,T)\cdot(0.45)/(C) },"
problem2.md,817,3850,3850.0,ALLOW,附录3: Arrhenius 常数,0.0,"{ (\partial D)/(\partial T)=D(C,T)\cdot(3850)/(T) }$$"
problem2.md,819,2.4e-3,0.0024,ALLOW,附录3: D 的系数,0.0,（由 $D=Dee$ 直接求导，$D=2.4e-3$。所有导数在
problem2.md,820,0,0.0,ALLOW,零,0.0,$C>0$、$T>0$ 上解析、有界，Newton 法适用。）
problem2.md,820,0,0.0,ALLOW,零,0.0,$C>0$、$T>0$ 上解析、有界，Newton 法适用。）
problem2.md,824,1,1.0,ALLOW,题面: 半径网格 1 cm,0.0,第 $k$ 次迭代（当前时间步 $n+1$）：
problem2.md,836,1e-10,1e-10,ALLOW,数值容差,0.0,取 $\varepsilon_R=1e-10$（残差，量纲混合时按分块归一）、$\varepsilon_U=1e-10$；
problem2.md,836,1e-10,1e-10,ALLOW,数值容差,0.0,取 $\varepsilon_R=1e-10$（残差，量纲混合时按分块归一）、$\varepsilon_U=1e-10$；
problem2.md,837,30,30.0,ALLOW,结构,0.0,最大迭代数 $k=30$，超限则减小 $\Delta t$ 重试。
problem2.md,839,0.45,0.45,ALLOW,附录3: D 的指数常数,0.0,**阻尼策略**：由于 $C$ 极小时 $\partial D/\partial C=D\cdot0.45/C$ 增长很快
problem2.md,840,0.05,0.05,ALLOW,量级,0.0,（$C=0.05$、$T=50 ^\circ\mathrm C$ 时 $\partial D/\partial C=3.5699e-10$，
problem2.md,840,50,50.0,ALLOW,网格数 M=50,0.0,（$C=0.05$、$T=50 ^\circ\mathrm C$ 时 $\partial D/\partial C=3.5699e-10$，
problem2.md,840,3.5699e-10,3.5699e-10,REGISTRY,B_dDdC_0.05_50,4.218e-15,（$C=0.05$、$T=50 ^\circ\mathrm C$ 时 $\partial D/\partial C=3.5699e-10$，
problem2.md,841,0.45,0.45,ALLOW,附录3: D 的指数常数,0.0,而相对灵敏系数 $0.45/C=180$），在迭代初期可能出现步长过大。采用**回溯线搜索**：若
problem2.md,841,180,180.0,ALLOW,0~10800 s 内 60 s 采样步数,0.0,而相对灵敏系数 $0.45/C=180$），在迭代初期可能出现步长过大。采用**回溯线搜索**：若
problem2.md,843,2,2.0,ALLOW,题面: 半径 2 cm / 通用整数,0.0,则 $\theta\leftarrow\theta/2$，直至残差下降或 $\theta<1e-4$。
problem2.md,843,1e-4,0.0001,ALLOW,量级,0.0,则 $\theta\leftarrow\theta/2$，直至残差下降或 $\theta<1e-4$。
problem2.md,850,0,0.0,ALLOW,零,0.0,$\partial\mathbf R_T/\partial\mathbf C\approx\mathbf 0$、$\partial\mathbf R_C/\partial\math
problem2.md,850,0,0.0,ALLOW,零,0.0,$\partial\mathbf R_T/\partial\mathbf C\approx\mathbf 0$、$\partial\mathbf R_C/\partial\math
problem2.md,854,3,3.0,ALLOW,3 h,0.0,通常 3 ~ 6 次迭代即可收敛。**本文以严格 Newton 为推荐方案，准 Newton 作为备用**，
problem2.md,854,6,6.0,ALLOW,结构: 表格行数,0.0,通常 3 ~ 6 次迭代即可收敛。**本文以严格 Newton 为推荐方案，准 Newton 作为备用**，
problem2.md,865,200,200.0,ALLOW,网格数 M=200,0.0,| 空间节点数 $M$ | $200$（$\Delta r=0.01 \mathrm{cm}$） | 题面输出间隔 $0.1 \mathrm{cm}$ 恰为 $\Delta r$ 
problem2.md,865,0.01,0.01,ALLOW,dt=0.01 s,0.0,| 空间节点数 $M$ | $200$（$\Delta r=0.01 \mathrm{cm}$） | 题面输出间隔 $0.1 \mathrm{cm}$ 恰为 $\Delta r$ 
problem2.md,865,0.1,0.1,ALLOW,题面: 半径步长 0.1 cm,0.0,| 空间节点数 $M$ | $200$（$\Delta r=0.01 \mathrm{cm}$） | 题面输出间隔 $0.1 \mathrm{cm}$ 恰为 $\Delta r$ 
problem2.md,865,10,10.0,ALLOW,结构,0.0,| 空间节点数 $M$ | $200$（$\Delta r=0.01 \mathrm{cm}$） | 题面输出间隔 $0.1 \mathrm{cm}$ 恰为 $\Delta r$ 
problem2.md,865,100,100.0,ALLOW,题面表1/2 时间点,0.0,| 空间节点数 $M$ | $200$（$\Delta r=0.01 \mathrm{cm}$） | 题面输出间隔 $0.1 \mathrm{cm}$ 恰为 $\Delta r$ 
problem2.md,865,200,200.0,ALLOW,网格数 M=200,0.0,| 空间节点数 $M$ | $200$（$\Delta r=0.01 \mathrm{cm}$） | 题面输出间隔 $0.1 \mathrm{cm}$ 恰为 $\Delta r$ 
problem2.md,865,400,400.0,ALLOW,网格数 M=400,0.0,| 空间节点数 $M$ | $200$（$\Delta r=0.01 \mathrm{cm}$） | 题面输出间隔 $0.1 \mathrm{cm}$ 恰为 $\Delta r$ 
problem2.md,866,0.25,0.25,ALLOW,dt=0.25 s,0.0,| 时间步长 $\Delta t$ | $0.25 \mathrm{s}$ | 后向 Euler 为一阶，需足够小；$0.25$ 整除 $1 \mathrm{s}$，输出时刻恰好落
problem2.md,866,0.25,0.25,ALLOW,dt=0.25 s,0.0,| 时间步长 $\Delta t$ | $0.25 \mathrm{s}$ | 后向 Euler 为一阶，需足够小；$0.25$ 整除 $1 \mathrm{s}$，输出时刻恰好落
problem2.md,866,1,1.0,ALLOW,题面: 半径网格 1 cm,0.0,| 时间步长 $\Delta t$ | $0.25 \mathrm{s}$ | 后向 Euler 为一阶，需足够小；$0.25$ 整除 $1 \mathrm{s}$，输出时刻恰好落
problem2.md,866,1,1.0,ALLOW,题面: 半径网格 1 cm,0.0,| 时间步长 $\Delta t$ | $0.25 \mathrm{s}$ | 后向 Euler 为一阶，需足够小；$0.25$ 整除 $1 \mathrm{s}$，输出时刻恰好落
problem2.md,866,0.5,0.5,ALLOW,题面: 半径网格 0.5 cm,0.0,| 时间步长 $\Delta t$ | $0.25 \mathrm{s}$ | 后向 Euler 为一阶，需足够小；$0.25$ 整除 $1 \mathrm{s}$，输出时刻恰好落
problem2.md,866,0.25,0.25,ALLOW,dt=0.25 s,0.0,| 时间步长 $\Delta t$ | $0.25 \mathrm{s}$ | 后向 Euler 为一阶，需足够小；$0.25$ 整除 $1 \mathrm{s}$，输出时刻恰好落
problem2.md,866,0.125,0.125,ALLOW,dt=0.125 s,0.0,| 时间步长 $\Delta t$ | $0.25 \mathrm{s}$ | 后向 Euler 为一阶，需足够小；$0.25$ 整除 $1 \mathrm{s}$，输出时刻恰好落
problem2.md,867,10800,10800.0,ALLOW,题面表3/4 时间点 3 h,0.0,| 总时长 | $10800 \mathrm{s}$（3 h） | 题面要求 |
problem2.md,867,3,3.0,ALLOW,3 h,0.0,| 总时长 | $10800 \mathrm{s}$（3 h） | 题面要求 |
problem2.md,873,0,0.0,ALLOW,零,0.0,"for n = 0, 1, 2, ... (直到 t = 10800 s):"
problem2.md,873,1,1.0,ALLOW,题面: 半径网格 1 cm,0.0,"for n = 0, 1, 2, ... (直到 t = 10800 s):"
problem2.md,873,2,2.0,ALLOW,题面: 半径 2 cm / 通用整数,0.0,"for n = 0, 1, 2, ... (直到 t = 10800 s):"
problem2.md,873,10800,10800.0,ALLOW,题面表3/4 时间点 3 h,0.0,"for n = 0, 1, 2, ... (直到 t = 10800 s):"
problem2.md,878,0,0.0,ALLOW,零,0.0,"for k = 0, 1, ..., k_max:"
problem2.md,878,1,1.0,ALLOW,题面: 半径网格 1 cm,0.0,"for k = 0, 1, ..., k_max:"
problem2.md,879,3,3.0,ALLOW,3 h,0.0,"由 U 计算节点物性 rho(C), cp(C), k(C), D(C,T)   # 附录3"
problem2.md,883,7,7.0,ALLOW,结构,0.0,"计算残差 R(U) = (R_T, R_C)                        # 式(7)(8)"
problem2.md,883,8,8.0,ALLOW,结构,0.0,"计算残差 R(U) = (R_T, R_C)                        # 式(7)(8)"
problem2.md,891,1,1.0,ALLOW,题面: 半径网格 1 cm,0.0,if n*dt 是 1 s 的整数倍: 记录输出（21 个径向位置）
problem2.md,891,21,21.0,ALLOW,result2 半径列数,0.0,if n*dt 是 1 s 的整数倍: 记录输出（21 个径向位置）
problem2.md,894,2,2.0,ALLOW,题面: 半径 2 cm / 通用整数,0.0,**线性代数**：Jacobian 为 $2(M+1)x2(M+1)$ 的**稀疏带状矩阵**（每行至多 7 个非零元），
problem2.md,894,1,1.0,ALLOW,题面: 半径网格 1 cm,0.0,**线性代数**：Jacobian 为 $2(M+1)x2(M+1)$ 的**稀疏带状矩阵**（每行至多 7 个非零元），
problem2.md,894,2,2.0,ALLOW,题面: 半径 2 cm / 通用整数,0.0,**线性代数**：Jacobian 为 $2(M+1)x2(M+1)$ 的**稀疏带状矩阵**（每行至多 7 个非零元），
problem2.md,894,1,1.0,ALLOW,题面: 半径网格 1 cm,0.0,**线性代数**：Jacobian 为 $2(M+1)x2(M+1)$ 的**稀疏带状矩阵**（每行至多 7 个非零元），
problem2.md,894,7,7.0,ALLOW,结构,0.0,**线性代数**：Jacobian 为 $2(M+1)x2(M+1)$ 的**稀疏带状矩阵**（每行至多 7 个非零元），
problem2.md,899,1,1.0,ALLOW,题面: 半径网格 1 cm,0.0,1. **守恒性**：有限元弱形式配合集中质量矩阵，保证离散总热容与总水量的收支精确
problem2.md,901,2,2.0,ALLOW,题面: 半径 2 cm / 通用整数,0.0,2. **稳定性**：后向 Euler 无条件稳定；集中质量矩阵使离散算子的正性更易保持；
problem2.md,902,3,3.0,ALLOW,3 h,0.0,"3. **极值原理**：温度应始终位于 $[\min(T,\min_tT_\infty), \max(T,\max_tT_\infty)]$"
problem2.md,907,400,400.0,ALLOW,网格数 M=400,0.0,> （$M=400$、$\Delta t=1/16 \mathrm s$）：计算温度下界 $27.9905 ^\circ\mathrm C$，
problem2.md,907,1,1.0,ALLOW,题面: 半径网格 1 cm,0.0,> （$M=400$、$\Delta t=1/16 \mathrm s$）：计算温度下界 $27.9905 ^\circ\mathrm C$，
problem2.md,907,16,16.0,ALLOW,1/16 s 的时间步分母,0.0,> （$M=400$、$\Delta t=1/16 \mathrm s$）：计算温度下界 $27.9905 ^\circ\mathrm C$，
problem2.md,907,27.9905,27.9905,REGISTRY,DV_Tmin,0.000e+00,> （$M=400$、$\Delta t=1/16 \mathrm s$）：计算温度下界 $27.9905 ^\circ\mathrm C$，
problem2.md,908,28.0000,28.0,ALLOW,题面: 初温 28 degC,0.0,> 低于包络下界 $28.0000 ^\circ\mathrm C$ 达 $0.0095 \mathrm K$；而关闭蒸发项
problem2.md,908,0.0095,0.0095,REGISTRY,DV_Ts_dip,7.997e-16,> 低于包络下界 $28.0000 ^\circ\mathrm C$ 达 $0.0095 \mathrm K$；而关闭蒸发项
problem2.md,909,0,0.0,ALLOW,零,0.0,> （$H=0$）后下界回到 $28.0000 ^\circ\mathrm C$，越界 $0.000000 \mathrm K$。
problem2.md,909,28.0000,28.0,ALLOW,题面: 初温 28 degC,0.0,> （$H=0$）后下界回到 $28.0000 ^\circ\mathrm C$，越界 $0.000000 \mathrm K$。
problem2.md,909,0.000000,0.0,ALLOW,零,0.0,> （$H=0$）后下界回到 $28.0000 ^\circ\mathrm C$，越界 $0.000000 \mathrm K$。
problem2.md,913,49.8888,49.8888,REGISTRY,DV_Tmax,0.000e+00,> **上界**仍然成立（实测 $\max T=49.8888 ^\circ\mathrm C<50.2460 ^\circ\mathrm C$）。
problem2.md,913,50.2460,50.246,REGISTRY,V13_Tmax,0.000e+00,> **上界**仍然成立（实测 $\max T=49.8888 ^\circ\mathrm C<50.2460 ^\circ\mathrm C$）。
problem2.md,914,4,4.0,ALLOW,结构/常数,0.0,4. **收敛性**：空间 $O(\Delta r)$（线性单元 + 集中质量）、时间 $O(\Delta t)$
problem2.md,921,3,3.0,ALLOW,3 h,0.0,**表 3（温度，$^\circ\mathrm{C}$）与表 4（水分浓度，$\mathrm{kg/kg}$）**：
problem2.md,921,4,4.0,ALLOW,结构/常数,0.0,**表 3（温度，$^\circ\mathrm{C}$）与表 4（水分浓度，$\mathrm{kg/kg}$）**：
problem2.md,922,0.5,0.5,ALLOW,题面: 半径网格 0.5 cm,0.0,"时间 $0.5,1.0,1.5,2.0,2.5,3.0 \mathrm{h}$（$1800,3600,\dots,10800 \mathrm{s}$）"
problem2.md,922,1.0,1.0,ALLOW,题面: 半径网格 1 cm,0.0,"时间 $0.5,1.0,1.5,2.0,2.5,3.0 \mathrm{h}$（$1800,3600,\dots,10800 \mathrm{s}$）"
problem2.md,922,1.5,1.5,ALLOW,题面: 半径网格 1.5 cm,0.0,"时间 $0.5,1.0,1.5,2.0,2.5,3.0 \mathrm{h}$（$1800,3600,\dots,10800 \mathrm{s}$）"
problem2.md,922,2.0,2.0,ALLOW,题面: 半径 2 cm / 通用整数,0.0,"时间 $0.5,1.0,1.5,2.0,2.5,3.0 \mathrm{h}$（$1800,3600,\dots,10800 \mathrm{s}$）"
problem2.md,922,2.5,2.5,ALLOW,结构: 2.5 h,0.0,"时间 $0.5,1.0,1.5,2.0,2.5,3.0 \mathrm{h}$（$1800,3600,\dots,10800 \mathrm{s}$）"
problem2.md,922,3.0,3.0,ALLOW,3 h,0.0,"时间 $0.5,1.0,1.5,2.0,2.5,3.0 \mathrm{h}$（$1800,3600,\dots,10800 \mathrm{s}$）"
problem2.md,922,1800,1800.0,ALLOW,题面表1/2 时间点 / 阶段时长,0.0,"时间 $0.5,1.0,1.5,2.0,2.5,3.0 \mathrm{h}$（$1800,3600,\dots,10800 \mathrm{s}$）"
problem2.md,922,3600,3600.0,ALLOW,题面表3/4 时间点 1 h,0.0,"时间 $0.5,1.0,1.5,2.0,2.5,3.0 \mathrm{h}$（$1800,3600,\dots,10800 \mathrm{s}$）"
problem2.md,922,10800,10800.0,ALLOW,题面表3/4 时间点 3 h,0.0,"时间 $0.5,1.0,1.5,2.0,2.5,3.0 \mathrm{h}$（$1800,3600,\dots,10800 \mathrm{s}$）"
problem2.md,923,0,0.0,ALLOW,零,0.0,"$x$ 距离 $0,0.5,1,1.5,2 \mathrm{cm}$。"
problem2.md,923,0.5,0.5,ALLOW,题面: 半径网格 0.5 cm,0.0,"$x$ 距离 $0,0.5,1,1.5,2 \mathrm{cm}$。"
problem2.md,923,1,1.0,ALLOW,题面: 半径网格 1 cm,0.0,"$x$ 距离 $0,0.5,1,1.5,2 \mathrm{cm}$。"
problem2.md,923,1.5,1.5,ALLOW,题面: 半径网格 1.5 cm,0.0,"$x$ 距离 $0,0.5,1,1.5,2 \mathrm{cm}$。"
problem2.md,923,2,2.0,ALLOW,题面: 半径 2 cm / 通用整数,0.0,"$x$ 距离 $0,0.5,1,1.5,2 \mathrm{cm}$。"
problem2.md,925,2,2.0,ALLOW,题面: 半径 2 cm / 通用整数,0.0,**`result2.xlsx`**：两个工作表
problem2.md,927,1,1.0,ALLOW,题面: 半径网格 1 cm,0.0,"- 工作表 `温度`：$A$ 列为时间（$1,2,\dots,10800 \mathrm{s}$），第 1 行为到中心距离"
problem2.md,927,2,2.0,ALLOW,题面: 半径 2 cm / 通用整数,0.0,"- 工作表 `温度`：$A$ 列为时间（$1,2,\dots,10800 \mathrm{s}$），第 1 行为到中心距离"
problem2.md,927,10800,10800.0,ALLOW,题面表3/4 时间点 3 h,0.0,"- 工作表 `温度`：$A$ 列为时间（$1,2,\dots,10800 \mathrm{s}$），第 1 行为到中心距离"
problem2.md,927,1,1.0,ALLOW,题面: 半径网格 1 cm,0.0,"- 工作表 `温度`：$A$ 列为时间（$1,2,\dots,10800 \mathrm{s}$），第 1 行为到中心距离"
problem2.md,928,0,0.0,ALLOW,零,0.0,"$0,0.1,0.2,\dots,2.0 \mathrm{cm}$，共 $10800x21$ 个温度值；"
problem2.md,928,0.1,0.1,ALLOW,题面: 半径步长 0.1 cm,0.0,"$0,0.1,0.2,\dots,2.0 \mathrm{cm}$，共 $10800x21$ 个温度值；"
problem2.md,928,2.0,2.0,ALLOW,题面: 半径 2 cm / 通用整数,0.0,"$0,0.1,0.2,\dots,2.0 \mathrm{cm}$，共 $10800x21$ 个温度值；"
problem2.md,928,10800,10800.0,ALLOW,题面表3/4 时间点 3 h,0.0,"$0,0.1,0.2,\dots,2.0 \mathrm{cm}$，共 $10800x21$ 个温度值；"
problem2.md,928,21,21.0,ALLOW,result2 半径列数,0.0,"$0,0.1,0.2,\dots,2.0 \mathrm{cm}$，共 $10800x21$ 个温度值；"
problem2.md,931,4,4.0,ALLOW,结构/常数,0.0,所有数值**保留 4 位小数**。
problem2.md,939,1,1.0,ALLOW,题面: 半径网格 1 cm,0.0,"| V1 | 空间收敛性 | $M=100,200,400,800$（$\Delta t$ 固定） | 相邻网格结果差 $<5e-5$（四位小数阈值） |"
problem2.md,939,100,100.0,ALLOW,题面表1/2 时间点,0.0,"| V1 | 空间收敛性 | $M=100,200,400,800$（$\Delta t$ 固定） | 相邻网格结果差 $<5e-5$（四位小数阈值） |"
problem2.md,939,200,200.0,ALLOW,网格数 M=200,0.0,"| V1 | 空间收敛性 | $M=100,200,400,800$（$\Delta t$ 固定） | 相邻网格结果差 $<5e-5$（四位小数阈值） |"
problem2.md,939,400,400.0,ALLOW,网格数 M=400,0.0,"| V1 | 空间收敛性 | $M=100,200,400,800$（$\Delta t$ 固定） | 相邻网格结果差 $<5e-5$（四位小数阈值） |"
problem2.md,939,800,800.0,ALLOW,网格数 M=800,0.0,"| V1 | 空间收敛性 | $M=100,200,400,800$（$\Delta t$ 固定） | 相邻网格结果差 $<5e-5$（四位小数阈值） |"
problem2.md,939,5e-5,5e-05,ALLOW,四位小数的半 ulp 阈值,0.0,"| V1 | 空间收敛性 | $M=100,200,400,800$（$\Delta t$ 固定） | 相邻网格结果差 $<5e-5$（四位小数阈值） |"
problem2.md,940,2,2.0,ALLOW,题面: 半径 2 cm / 通用整数,0.0,"| V2 | 时间收敛性 | $\Delta t=1,0.5,0.25,0.125 \mathrm{s}$ | 相邻步长结果差 $<5e-5$ |"
problem2.md,940,1,1.0,ALLOW,题面: 半径网格 1 cm,0.0,"| V2 | 时间收敛性 | $\Delta t=1,0.5,0.25,0.125 \mathrm{s}$ | 相邻步长结果差 $<5e-5$ |"
problem2.md,940,0.5,0.5,ALLOW,题面: 半径网格 0.5 cm,0.0,"| V2 | 时间收敛性 | $\Delta t=1,0.5,0.25,0.125 \mathrm{s}$ | 相邻步长结果差 $<5e-5$ |"
problem2.md,940,0.25,0.25,ALLOW,dt=0.25 s,0.0,"| V2 | 时间收敛性 | $\Delta t=1,0.5,0.25,0.125 \mathrm{s}$ | 相邻步长结果差 $<5e-5$ |"
problem2.md,940,0.125,0.125,ALLOW,dt=0.125 s,0.0,"| V2 | 时间收敛性 | $\Delta t=1,0.5,0.25,0.125 \mathrm{s}$ | 相邻步长结果差 $<5e-5$ |"
problem2.md,940,5e-5,5e-05,ALLOW,四位小数的半 ulp 阈值,0.0,"| V2 | 时间收敛性 | $\Delta t=1,0.5,0.25,0.125 \mathrm{s}$ | 相邻步长结果差 $<5e-5$ |"
problem2.md,941,3,3.0,ALLOW,3 h,0.0,| V3 | Newton 收敛 | 记录每步迭代次数 | 平均 3 ~ 6 次，$\|\mathbf R\|_\infty<1e-10$ |
problem2.md,941,3,3.0,ALLOW,3 h,0.0,| V3 | Newton 收敛 | 记录每步迭代次数 | 平均 3 ~ 6 次，$\|\mathbf R\|_\infty<1e-10$ |
problem2.md,941,6,6.0,ALLOW,结构: 表格行数,0.0,| V3 | Newton 收敛 | 记录每步迭代次数 | 平均 3 ~ 6 次，$\|\mathbf R\|_\infty<1e-10$ |
problem2.md,941,1e-10,1e-10,ALLOW,数值容差,0.0,| V3 | Newton 收敛 | 记录每步迭代次数 | 平均 3 ~ 6 次，$\|\mathbf R\|_\infty<1e-10$ |
problem2.md,942,4,4.0,ALLOW,结构/常数,0.0,| V4 | 极值原理 | 检查 $T$ 包络与 $C$ 单调性 | 无越界、无振荡 |
problem2.md,943,5,5.0,ALLOW,结构/常数,0.0,| V5 | 离散守恒 | 总热量/总水量收支残差 | 相对残差 $<1e-12$ |
problem2.md,943,1e-12,1e-12,ALLOW,数值量级,0.0,| V5 | 离散守恒 | 总热量/总水量收支残差 | 相对残差 $<1e-12$ |
problem2.md,944,6,6.0,ALLOW,结构: 表格行数,0.0,| V6 | 与问题一衔接 | $t\le1800 \mathrm{s}$ 内与问题一解对比 | 差异可由**物性差异（附录 2 vs 附录 3）**定量解释 |
problem2.md,944,1800,1800.0,ALLOW,题面表1/2 时间点 / 阶段时长,0.0,| V6 | 与问题一衔接 | $t\le1800 \mathrm{s}$ 内与问题一解对比 | 差异可由**物性差异（附录 2 vs 附录 3）**定量解释 |
problem2.md,944,2,2.0,ALLOW,题面: 半径 2 cm / 通用整数,0.0,| V6 | 与问题一衔接 | $t\le1800 \mathrm{s}$ 内与问题一解对比 | 差异可由**物性差异（附录 2 vs 附录 3）**定量解释 |
problem2.md,944,3,3.0,ALLOW,3 h,0.0,| V6 | 与问题一衔接 | $t\le1800 \mathrm{s}$ 内与问题一解对比 | 差异可由**物性差异（附录 2 vs 附录 3）**定量解释 |
problem2.md,945,7,7.0,ALLOW,结构,0.0,| V7 | 与简化模型对比 | 冻结系数准 Newton vs 严格 Newton | 最终解一致（差 $<1e-8$） |
problem2.md,945,1e-8,1e-08,ALLOW,量级,0.0,| V7 | 与简化模型对比 | 冻结系数准 Newton vs 严格 Newton | 最终解一致（差 $<1e-8$） |
problem2.md,946,8,8.0,ALLOW,结构,0.0,| V8 | **蒸发吸热项影响** | 令 $H=0$ 与 $H=H(T)$（ c 的定标式，$40 ^\circ\mathrm{C}$ 时 $2.4059e6$）各算一次，比较
problem2.md,946,0,0.0,ALLOW,零,0.0,| V8 | **蒸发吸热项影响** | 令 $H=0$ 与 $H=H(T)$（ c 的定标式，$40 ^\circ\mathrm{C}$ 时 $2.4059e6$）各算一次，比较
problem2.md,946,40,40.0,ALLOW,结构/40 degC,0.0,| V8 | **蒸发吸热项影响** | 令 $H=0$ 与 $H=H(T)$（ c 的定标式，$40 ^\circ\mathrm{C}$ 时 $2.4059e6$）各算一次，比较
problem2.md,946,2.4059e6,2405900.0,REGISTRY,D_Hevap_40,8.000e+00,| V8 | **蒸发吸热项影响** | 令 $H=0$ 与 $H=H(T)$（ c 的定标式，$40 ^\circ\mathrm{C}$ 时 $2.4059e6$）各算一次，比较
problem2.md,946,0.19,0.19,ALLOW,表面温降量级 K,0.0,| V8 | **蒸发吸热项影响** | 令 $H=0$ 与 $H=H(T)$（ c 的定标式，$40 ^\circ\mathrm{C}$ 时 $2.4059e6$）各算一次，比较
problem2.md,947,10,10.0,ALLOW,结构,0.0,| V10 | **$H(T)$ 推导链检验** | `src/q2_latent_heat.py`：三条路线互检（精确 Clapeyron / CC / Kirchhoff 定标
problem2.md,947,2,2.0,ALLOW,题面: 半径 2 cm / 通用整数,0.0,| V10 | **$H(T)$ 推导链检验** | `src/q2_latent_heat.py`：三条路线互检（精确 Clapeyron / CC / Kirchhoff 定标
problem2.md,947,-95,-95.0,ALLOW,国际水物性标准名 IAPWS-95 中的 '-95',0.0,| V10 | **$H(T)$ 推导链检验** | `src/q2_latent_heat.py`：三条路线互检（精确 Clapeyron / CC / Kirchhoff 定标
problem2.md,947,0.1,0.1,ALLOW,题面: 半径步长 0.1 cm,0.0,| V10 | **$H(T)$ 推导链检验** | `src/q2_latent_heat.py`：三条路线互检（精确 Clapeyron / CC / Kirchhoff 定标
problem2.md,947,1,1.0,ALLOW,题面: 半径网格 1 cm,0.0,| V10 | **$H(T)$ 推导链检验** | `src/q2_latent_heat.py`：三条路线互检（精确 Clapeyron / CC / Kirchhoff 定标
problem2.md,947,-1,-1.0,REGISTRY,V6_TR_diff,3.663e-01,| V10 | **$H(T)$ 推导链检验** | `src/q2_latent_heat.py`：三条路线互检（精确 Clapeyron / CC / Kirchhoff 定标
problem2.md,947,0.01,0.01,ALLOW,dt=0.01 s,0.0,| V10 | **$H(T)$ 推导链检验** | `src/q2_latent_heat.py`：三条路线互检（精确 Clapeyron / CC / Kirchhoff 定标
problem2.md,947,28,28.0,ALLOW,题面: 初温 28 degC,0.0,| V10 | **$H(T)$ 推导链检验** | `src/q2_latent_heat.py`：三条路线互检（精确 Clapeyron / CC / Kirchhoff 定标
problem2.md,947,50,50.0,ALLOW,网格数 M=50,0.0,| V10 | **$H(T)$ 推导链检验** | `src/q2_latent_heat.py`：三条路线互检（精确 Clapeyron / CC / Kirchhoff 定标
problem2.md,947,0.0033,0.0033,ALLOW,残差相对值 (%),0.0,| V10 | **$H(T)$ 推导链检验** | `src/q2_latent_heat.py`：三条路线互检（精确 Clapeyron / CC / Kirchhoff 定标
problem2.md,947,0.6,0.6,REGISTRY,?,0.000e+00,| V10 | **$H(T)$ 推导链检验** | `src/q2_latent_heat.py`：三条路线互检（精确 Clapeyron / CC / Kirchhoff 定标
problem2.md,948,9,9.0,ALLOW,结构,0.0,"| V9 | **$H$、$h_m$ 敏感性** | 对 $H$ 取 $\pm20%$、$h_m$ 取 $1x,10x,100x$ 重算 | 量化蒸发项对 $h_m$ 口径的依赖（"
problem2.md,948,20,20.0,ALLOW,结构,0.0,"| V9 | **$H$、$h_m$ 敏感性** | 对 $H$ 取 $\pm20%$、$h_m$ 取 $1x,10x,100x$ 重算 | 量化蒸发项对 $h_m$ 口径的依赖（"
problem2.md,948,1,1.0,ALLOW,题面: 半径网格 1 cm,0.0,"| V9 | **$H$、$h_m$ 敏感性** | 对 $H$ 取 $\pm20%$、$h_m$ 取 $1x,10x,100x$ 重算 | 量化蒸发项对 $h_m$ 口径的依赖（"
problem2.md,948,10,10.0,ALLOW,结构,0.0,"| V9 | **$H$、$h_m$ 敏感性** | 对 $H$ 取 $\pm20%$、$h_m$ 取 $1x,10x,100x$ 重算 | 量化蒸发项对 $h_m$ 口径的依赖（"
problem2.md,948,100,100.0,ALLOW,题面表1/2 时间点,0.0,"| V9 | **$H$、$h_m$ 敏感性** | 对 $H$ 取 $\pm20%$、$h_m$ 取 $1x,10x,100x$ 重算 | 量化蒸发项对 $h_m$ 口径的依赖（"
problem2.md,950,6,6.0,ALLOW,结构: 表格行数,0.0,**V6 说明**：问题一与问题二在 $0\sim1800 \mathrm{s}$ 用**不同物性经验式**（附录 2 常数
problem2.md,950,0,0.0,ALLOW,零,0.0,**V6 说明**：问题一与问题二在 $0\sim1800 \mathrm{s}$ 用**不同物性经验式**（附录 2 常数
problem2.md,950,1800,1800.0,ALLOW,题面表1/2 时间点 / 阶段时长,0.0,**V6 说明**：问题一与问题二在 $0\sim1800 \mathrm{s}$ 用**不同物性经验式**（附录 2 常数
problem2.md,950,2,2.0,ALLOW,题面: 半径 2 cm / 通用整数,0.0,**V6 说明**：问题一与问题二在 $0\sim1800 \mathrm{s}$ 用**不同物性经验式**（附录 2 常数
problem2.md,951,3,3.0,ALLOW,3 h,0.0,vs 附录 3 随 $C$ 变化），因此两问结果**本就不应完全相同**；验证的目的是确认差异
problem2.md,952,3,3.0,ALLOW,3 h,0.0,方向与量级符合物性差异的预期（例如附录 3 的 $\rho c_p$ 更大、$k$ 更大），而非数值 bug。
problem2.md,960,2,2.0,ALLOW,题面: 半径 2 cm / 通用整数,0.0,| `model/problem2.md` | 本文（模型建立） |
problem2.md,961,2,2.0,ALLOW,题面: 半径 2 cm / 通用整数,0.0,| `src/q2_latent_heat.py` | $H(T)$ 的热力学推导、IAPWS-95 定标与闭合检验（ c） |
problem2.md,961,-95,-95.0,ALLOW,国际水物性标准名 IAPWS-95 中的 '-95',0.0,| `src/q2_latent_heat.py` | $H(T)$ 的热力学推导、IAPWS-95 定标与闭合检验（ c） |
problem2.md,962,2,2.0,ALLOW,题面: 半径 2 cm / 通用整数,0.0,"| `outputs/registry_q2_latent_heat.csv` | 潜热定标数字注册表（$p,v_l,v_g,h,c,c,Z$） |"
problem2.md,963,2,2.0,ALLOW,题面: 半径 2 cm / 通用整数,0.0,| `src/q2_solve.py` | FEM（线性单元 + 集中质量 + 后向 Euler + Newton）求解器 |
problem2.md,964,2,2.0,ALLOW,题面: 半径 2 cm / 通用整数,0.0,| `src/q2_verify.py` | 收敛性、守恒性、极值原理验证（V1 ~ V7） |
problem2.md,964,1,1.0,ALLOW,题面: 半径网格 1 cm,0.0,| `src/q2_verify.py` | 收敛性、守恒性、极值原理验证（V1 ~ V7） |
problem2.md,964,7,7.0,ALLOW,结构,0.0,| `src/q2_verify.py` | 收敛性、守恒性、极值原理验证（V1 ~ V7） |
problem2.md,965,2,2.0,ALLOW,题面: 半径 2 cm / 通用整数,0.0,| `src/q2_produce.py` | 生产计算，生成 `outputs/result2.xlsx` 与表 3/表 4 |
problem2.md,965,2,2.0,ALLOW,题面: 半径 2 cm / 通用整数,0.0,| `src/q2_produce.py` | 生产计算，生成 `outputs/result2.xlsx` 与表 3/表 4 |
problem2.md,965,3,3.0,ALLOW,3 h,0.0,| `src/q2_produce.py` | 生产计算，生成 `outputs/result2.xlsx` 与表 3/表 4 |
problem2.md,965,4,4.0,ALLOW,结构/常数,0.0,| `src/q2_produce.py` | 生产计算，生成 `outputs/result2.xlsx` 与表 3/表 4 |
problem2.md,966,2,2.0,ALLOW,题面: 半径 2 cm / 通用整数,0.0,| `outputs/result2.xlsx` | 问题二完整结果（温度 / 水分浓度，$10800x21$） |
problem2.md,966,10800,10800.0,ALLOW,题面表3/4 时间点 3 h,0.0,| `outputs/result2.xlsx` | 问题二完整结果（温度 / 水分浓度，$10800x21$） |
problem2.md,966,21,21.0,ALLOW,result2 半径列数,0.0,| `outputs/result2.xlsx` | 问题二完整结果（温度 / 水分浓度，$10800x21$） |
problem2.md,967,2,2.0,ALLOW,题面: 半径 2 cm / 通用整数,0.0,| `outputs/registry_q2.csv` | 数字注册表（论文对账用） |
problem2.md,979,3,3.0,ALLOW,3 h,0.0,| 物性 | 常数 | 随 $C$ 变化（附录 3） |
table3_temperature.md,1,0,0.0,ALLOW,零,0.0,| 时间/h | 0 | 0.5 | 1 | 1.5 | 2 |
table3_temperature.md,1,0.5,0.5,ALLOW,题面: 半径网格 0.5 cm,0.0,| 时间/h | 0 | 0.5 | 1 | 1.5 | 2 |
table3_temperature.md,1,1,1.0,ALLOW,题面: 半径网格 1 cm,0.0,| 时间/h | 0 | 0.5 | 1 | 1.5 | 2 |
table3_temperature.md,1,1.5,1.5,ALLOW,题面: 半径网格 1.5 cm,0.0,| 时间/h | 0 | 0.5 | 1 | 1.5 | 2 |
table3_temperature.md,1,2,2.0,ALLOW,题面: 半径 2 cm / 通用整数,0.0,| 时间/h | 0 | 0.5 | 1 | 1.5 | 2 |
table3_temperature.md,3,0.5,0.5,ALLOW,题面: 半径网格 0.5 cm,0.0,| 0.5 | 32.1056 | 32.2973 | 32.8775 | 33.8671 | 35.3131 |
table3_temperature.md,3,32.1056,32.1056,REGISTRY,V6_T0_a3,1.135e-05,| 0.5 | 32.1056 | 32.2973 | 32.8775 | 33.8671 | 35.3131 |
table3_temperature.md,3,32.2973,32.2973,REGISTRY,T3_h0.5_r0.5,3.542e-05,| 0.5 | 32.1056 | 32.2973 | 32.8775 | 33.8671 | 35.3131 |
table3_temperature.md,3,32.8775,32.8775,REGISTRY,T3_h0.5_r1,1.827e-06,| 0.5 | 32.1056 | 32.2973 | 32.8775 | 33.8671 | 35.3131 |
table3_temperature.md,3,33.8671,33.8671,REGISTRY,T3_h0.5_r1.5,6.513e-06,| 0.5 | 32.1056 | 32.2973 | 32.8775 | 33.8671 | 35.3131 |
table3_temperature.md,3,35.3131,35.3131,REGISTRY,T3_h0.5_r2,3.283e-06,| 0.5 | 32.1056 | 32.2973 | 32.8775 | 33.8671 | 35.3131 |
table3_temperature.md,4,1.0,1.0,ALLOW,题面: 半径网格 1 cm,0.0,| 1.0 | 40.2754 | 40.4472 | 40.9536 | 41.7705 | 42.8919 |
table3_temperature.md,4,40.2754,40.2754,REGISTRY,T3_h1.0_r0,4.776e-05,| 1.0 | 40.2754 | 40.4472 | 40.9536 | 41.7705 | 42.8919 |
table3_temperature.md,4,40.4472,40.4472,REGISTRY,T3_h1.0_r0.5,1.374e-05,| 1.0 | 40.2754 | 40.4472 | 40.9536 | 41.7705 | 42.8919 |
table3_temperature.md,4,40.9536,40.9536,REGISTRY,T3_h1.0_r1,6.013e-07,| 1.0 | 40.2754 | 40.4472 | 40.9536 | 41.7705 | 42.8919 |
table3_temperature.md,4,41.7705,41.7705,REGISTRY,T3_h1.0_r1.5,1.037e-05,| 1.0 | 40.2754 | 40.4472 | 40.9536 | 41.7705 | 42.8919 |
table3_temperature.md,4,42.8919,42.8919,REGISTRY,T3_h1.0_r2,3.549e-05,| 1.0 | 40.2754 | 40.4472 | 40.9536 | 41.7705 | 42.8919 |
table3_temperature.md,5,1.5,1.5,ALLOW,题面: 半径网格 1.5 cm,0.0,| 1.5 | 45.7411 | 45.8293 | 46.0878 | 46.5008 | 47.0362 |
table3_temperature.md,5,45.7411,45.7411,REGISTRY,T3_h1.5_r0,2.432e-06,| 1.5 | 45.7411 | 45.8293 | 46.0878 | 46.5008 | 47.0362 |
table3_temperature.md,5,45.8293,45.8293,REGISTRY,T3_h1.5_r0.5,8.918e-06,| 1.5 | 45.7411 | 45.8293 | 46.0878 | 46.5008 | 47.0362 |
table3_temperature.md,5,46.0878,46.0878,REGISTRY,T3_h1.5_r1,4.777e-05,| 1.5 | 45.7411 | 45.8293 | 46.0878 | 46.5008 | 47.0362 |
table3_temperature.md,5,46.5008,46.5008,REGISTRY,T3_h1.5_r1.5,3.268e-05,| 1.5 | 45.7411 | 45.8293 | 46.0878 | 46.5008 | 47.0362 |
table3_temperature.md,5,47.0362,47.0362,REGISTRY,T3_h1.5_r2,1.033e-05,| 1.5 | 45.7411 | 45.8293 | 46.0878 | 46.5008 | 47.0362 |
table3_temperature.md,6,2.0,2.0,ALLOW,题面: 半径 2 cm / 通用整数,0.0,| 2.0 | 48.3516 | 48.3896 | 48.5006 | 48.6767 | 48.9078 |
table3_temperature.md,6,48.3516,48.3516,REGISTRY,T3_h2.0_r0,1.334e-05,| 2.0 | 48.3516 | 48.3896 | 48.5006 | 48.6767 | 48.9078 |
table3_temperature.md,6,48.3896,48.3896,REGISTRY,T3_h2.0_r0.5,3.558e-05,| 2.0 | 48.3516 | 48.3896 | 48.5006 | 48.6767 | 48.9078 |
table3_temperature.md,6,48.5006,48.5006,REGISTRY,T3_h2.0_r1,1.163e-06,| 2.0 | 48.3516 | 48.3896 | 48.5006 | 48.6767 | 48.9078 |
table3_temperature.md,6,48.6767,48.6767,REGISTRY,T3_h2.0_r1.5,1.315e-05,| 2.0 | 48.3516 | 48.3896 | 48.5006 | 48.6767 | 48.9078 |
table3_temperature.md,6,48.9078,48.9078,REGISTRY,T3_h2.0_r2,4.071e-05,| 2.0 | 48.3516 | 48.3896 | 48.5006 | 48.6767 | 48.9078 |
table3_temperature.md,7,2.5,2.5,ALLOW,结构: 2.5 h,0.0,| 2.5 | 49.3772 | 49.3896 | 49.4246 | 49.4765 | 49.5751 |
table3_temperature.md,7,49.3772,49.3772,REGISTRY,T3_h2.5_r0,2.238e-05,| 2.5 | 49.3772 | 49.3896 | 49.4246 | 49.4765 | 49.5751 |
table3_temperature.md,7,49.3896,49.3896,REGISTRY,T3_h2.5_r0.5,4.602e-05,| 2.5 | 49.3772 | 49.3896 | 49.4246 | 49.4765 | 49.5751 |
table3_temperature.md,7,49.4246,49.4246,REGISTRY,T3_h2.5_r1,1.473e-05,| 2.5 | 49.3772 | 49.3896 | 49.4246 | 49.4765 | 49.5751 |
table3_temperature.md,7,49.4765,49.4765,REGISTRY,T3_h2.5_r1.5,5.476e-06,| 2.5 | 49.3772 | 49.3896 | 49.4246 | 49.4765 | 49.5751 |
table3_temperature.md,7,49.5751,49.5751,REGISTRY,T3_h2.5_r2,2.740e-05,| 2.5 | 49.3772 | 49.3896 | 49.4246 | 49.4765 | 49.5751 |
table3_temperature.md,8,3.0,3.0,ALLOW,3 h,0.0,| 3.0 | 49.7685 | 49.7746 | 49.7945 | 49.8309 | 49.8888 |
table3_temperature.md,8,49.7685,49.7685,REGISTRY,V11_Tc_nc,4.605e-06,| 3.0 | 49.7685 | 49.7746 | 49.7945 | 49.8309 | 49.8888 |
table3_temperature.md,8,49.7746,49.7746,REGISTRY,T3_h3.0_r0.5,6.587e-06,| 3.0 | 49.7685 | 49.7746 | 49.7945 | 49.8309 | 49.8888 |
table3_temperature.md,8,49.7945,49.7945,REGISTRY,T3_h3.0_r1,1.046e-05,| 3.0 | 49.7685 | 49.7746 | 49.7945 | 49.8309 | 49.8888 |
table3_temperature.md,8,49.8309,49.8309,REGISTRY,T3_h3.0_r1.5,7.988e-07,| 3.0 | 49.7685 | 49.7746 | 49.7945 | 49.8309 | 49.8888 |
table3_temperature.md,8,49.8888,49.8888,REGISTRY,DV_Tmax,0.000e+00,| 3.0 | 49.7685 | 49.7746 | 49.7945 | 49.8309 | 49.8888 |
table4_moisture.md,1,0,0.0,ALLOW,零,0.0,| 时间/h | 0 | 0.5 | 1 | 1.5 | 2 |
table4_moisture.md,1,0.5,0.5,ALLOW,题面: 半径网格 0.5 cm,0.0,| 时间/h | 0 | 0.5 | 1 | 1.5 | 2 |
table4_moisture.md,1,1,1.0,ALLOW,题面: 半径网格 1 cm,0.0,| 时间/h | 0 | 0.5 | 1 | 1.5 | 2 |
table4_moisture.md,1,1.5,1.5,ALLOW,题面: 半径网格 1.5 cm,0.0,| 时间/h | 0 | 0.5 | 1 | 1.5 | 2 |
table4_moisture.md,1,2,2.0,ALLOW,题面: 半径 2 cm / 通用整数,0.0,| 时间/h | 0 | 0.5 | 1 | 1.5 | 2 |
table4_moisture.md,3,0.5,0.5,ALLOW,题面: 半径网格 0.5 cm,0.0,| 0.5 | 2.5499 | 2.5489 | 2.5257 | 2.3262 | 1.6475 |
table4_moisture.md,3,2.5499,2.5499,REGISTRY,DV_C0_h0p5,0.000e+00,| 0.5 | 2.5499 | 2.5489 | 2.5257 | 2.3262 | 1.6475 |
table4_moisture.md,3,2.5489,2.5489,REGISTRY,T4_h0.5_r0.5,8.300e-07,| 0.5 | 2.5499 | 2.5489 | 2.5257 | 2.3262 | 1.6475 |
table4_moisture.md,3,2.5257,2.5257,REGISTRY,DV_Cm_1800,0.000e+00,| 0.5 | 2.5499 | 2.5489 | 2.5257 | 2.3262 | 1.6475 |
table4_moisture.md,3,2.3262,2.3262,REGISTRY,T4_h0.5_r1.5,5.924e-06,| 0.5 | 2.5499 | 2.5489 | 2.5257 | 2.3262 | 1.6475 |
table4_moisture.md,3,1.6475,1.6475,REGISTRY,DV_CR_h0p5,0.000e+00,| 0.5 | 2.5499 | 2.5489 | 2.5257 | 2.3262 | 1.6475 |
table4_moisture.md,4,1.0,1.0,ALLOW,题面: 半径网格 1 cm,0.0,| 1.0 | 2.5261 | 2.4953 | 2.3587 | 2.0235 | 1.4699 |
table4_moisture.md,4,2.5261,2.5261,REGISTRY,DV_Cc_3600,0.000e+00,| 1.0 | 2.5261 | 2.4953 | 2.3587 | 2.0235 | 1.4699 |
table4_moisture.md,4,2.4953,2.4953,REGISTRY,T4_h1.0_r0.5,5.144e-06,| 1.0 | 2.5261 | 2.4953 | 2.3587 | 2.0235 | 1.4699 |
table4_moisture.md,4,2.3587,2.3587,REGISTRY,DV_Cm_3600,0.000e+00,| 1.0 | 2.5261 | 2.4953 | 2.3587 | 2.0235 | 1.4699 |
table4_moisture.md,4,2.0235,2.0235,REGISTRY,T4_h1.0_r1.5,3.987e-05,| 1.0 | 2.5261 | 2.4953 | 2.3587 | 2.0235 | 1.4699 |
table4_moisture.md,4,1.4699,1.4699,REGISTRY,DV_Cs_3600,0.000e+00,| 1.0 | 2.5261 | 2.4953 | 2.3587 | 2.0235 | 1.4699 |
table4_moisture.md,5,1.5,1.5,ALLOW,题面: 半径网格 1.5 cm,0.0,| 1.5 | 2.3874 | 2.3270 | 2.1356 | 1.8024 | 1.3465 |
table4_moisture.md,5,2.3874,2.3874,REGISTRY,T4_h1.5_r0,2.361e-05,| 1.5 | 2.3874 | 2.3270 | 2.1356 | 1.8024 | 1.3465 |
table4_moisture.md,5,2.3270,2.327,REGISTRY,DV_Cs_60,0.000e+00,| 1.5 | 2.3874 | 2.3270 | 2.1356 | 1.8024 | 1.3465 |
table4_moisture.md,5,2.1356,2.1356,REGISTRY,T4_h1.5_r1,4.183e-05,| 1.5 | 2.3874 | 2.3270 | 2.1356 | 1.8024 | 1.3465 |
table4_moisture.md,5,1.8024,1.8024,REGISTRY,T4_h1.5_r1.5,8.128e-06,| 1.5 | 2.3874 | 2.3270 | 2.1356 | 1.8024 | 1.3465 |
table4_moisture.md,5,1.3465,1.3465,REGISTRY,T4_h1.5_r2,3.403e-05,| 1.5 | 2.3874 | 2.3270 | 2.1356 | 1.8024 | 1.3465 |
table4_moisture.md,6,2.0,2.0,ALLOW,题面: 半径 2 cm / 通用整数,0.0,| 2.0 | 2.1727 | 2.1102 | 1.9249 | 1.6263 | 1.2303 |
table4_moisture.md,6,2.1727,2.1727,REGISTRY,DV_Cc_7200,0.000e+00,| 2.0 | 2.1727 | 2.1102 | 1.9249 | 1.6263 | 1.2303 |
table4_moisture.md,6,2.1102,2.1102,REGISTRY,T4_h2.0_r0.5,2.274e-05,| 2.0 | 2.1727 | 2.1102 | 1.9249 | 1.6263 | 1.2303 |
table4_moisture.md,6,1.9249,1.9249,REGISTRY,DV_Cm_7200,0.000e+00,| 2.0 | 2.1727 | 2.1102 | 1.9249 | 1.6263 | 1.2303 |
table4_moisture.md,6,1.6263,1.6263,REGISTRY,T4_h2.0_r1.5,4.368e-05,| 2.0 | 2.1727 | 2.1102 | 1.9249 | 1.6263 | 1.2303 |
table4_moisture.md,6,1.2303,1.2303,REGISTRY,DV_Cs_7200,0.000e+00,| 2.0 | 2.1727 | 2.1102 | 1.9249 | 1.6263 | 1.2303 |
table4_moisture.md,7,2.5,2.5,ALLOW,结构: 2.5 h,0.0,| 2.5 | 1.9586 | 1.9024 | 1.7373 | 1.4725 | 1.1161 |
table4_moisture.md,7,1.9586,1.9586,REGISTRY,T4_h2.5_r0,4.429e-05,| 2.5 | 1.9586 | 1.9024 | 1.7373 | 1.4725 | 1.1161 |
table4_moisture.md,7,1.9024,1.9024,REGISTRY,T4_h2.5_r0.5,2.250e-05,| 2.5 | 1.9586 | 1.9024 | 1.7373 | 1.4725 | 1.1161 |
table4_moisture.md,7,1.7373,1.7373,REGISTRY,T4_h2.5_r1,1.525e-05,| 2.5 | 1.9586 | 1.9024 | 1.7373 | 1.4725 | 1.1161 |
table4_moisture.md,7,1.4725,1.4725,REGISTRY,T4_h2.5_r1.5,2.905e-05,| 2.5 | 1.9586 | 1.9024 | 1.7373 | 1.4725 | 1.1161 |
table4_moisture.md,7,1.1161,1.1161,REGISTRY,T4_h2.5_r2,2.142e-05,| 2.5 | 1.9586 | 1.9024 | 1.7373 | 1.4725 | 1.1161 |
table4_moisture.md,8,3.0,3.0,ALLOW,3 h,0.0,| 3.0 | 1.7681 | 1.7183 | 1.5715 | 1.3338 | 1.0078 |
table4_moisture.md,8,1.7681,1.7681,REGISTRY,DV_Cc_10800,0.000e+00,| 3.0 | 1.7681 | 1.7183 | 1.5715 | 1.3338 | 1.0078 |
table4_moisture.md,8,1.7183,1.7183,REGISTRY,T4_h3.0_r0.5,4.046e-06,| 3.0 | 1.7681 | 1.7183 | 1.5715 | 1.3338 | 1.0078 |
table4_moisture.md,8,1.5715,1.5715,REGISTRY,DV_Cm_10800,0.000e+00,| 3.0 | 1.7681 | 1.7183 | 1.5715 | 1.3338 | 1.0078 |
table4_moisture.md,8,1.3338,1.3338,REGISTRY,T4_h3.0_r1.5,2.768e-05,| 3.0 | 1.7681 | 1.7183 | 1.5715 | 1.3338 | 1.0078 |
table4_moisture.md,8,1.0078,1.0078,REGISTRY,DV_Cs_10800,0.000e+00,| 3.0 | 1.7681 | 1.7183 | 1.5715 | 1.3338 | 1.0078 |
example.tex(摘要),71,30,30.0,ALLOW,结构,0.0,\textbf{针对问题一}，首先利用轴径比很大的特点把药材简化为无限长圆柱，在径向建立 Fourier 导热方程与 Fick 扩散方程，并以第三类边界条件描述表面与环境的对流换热
example.tex(摘要),71,33.5758,33.5758,REGISTRY,T1_1800_0p0,0.000e+00,\textbf{针对问题一}，首先利用轴径比很大的特点把药材简化为无限长圆柱，在径向建立 Fourier 导热方程与 Fick 扩散方程，并以第三类边界条件描述表面与环境的对流换热
example.tex(摘要),71,36.7858,36.7858,REGISTRY,T1_1800_2p0,0.000e+00,\textbf{针对问题一}，首先利用轴径比很大的特点把药材简化为无限长圆柱，在径向建立 Fourier 导热方程与 Fick 扩散方程，并以第三类边界条件描述表面与环境的对流换热
example.tex(摘要),71,3.21,3.21,REGISTRY,X12,0.000e+00,\textbf{针对问题一}，首先利用轴径比很大的特点把药材简化为无限长圆柱，在径向建立 Fourier 导热方程与 Fick 扩散方程，并以第三类边界条件描述表面与环境的对流换热
example.tex(摘要),71,10.1,10.1,ALLOW,session-1 水量失衡 (%),0.0,\textbf{针对问题一}，首先利用轴径比很大的特点把药材简化为无限长圆柱，在径向建立 Fourier 导热方程与 Fick 扩散方程，并以第三类边界条件描述表面与环境的对流换热
example.tex(摘要),73,3,3.0,ALLOW,3 h,0.0,\textbf{针对问题二}，首先把物性经验式换成随含水率变化的附录~3，并按物性自洽性分析选定\textbf{非保守形式}的能量方程，守恒形式的伪源项强于严格形式 $10.8$ 
example.tex(摘要),73,10.8,10.8,REGISTRY,FG_S_over_R0,8.181e-03,\textbf{针对问题二}，首先把物性经验式换成随含水率变化的附录~3，并按物性自洽性分析选定\textbf{非保守形式}的能量方程，守恒形式的伪源项强于严格形式 $10.8$ 
example.tex(摘要),73,-95,-95.0,ALLOW,国际水物性标准名 IAPWS-95 中的 '-95',0.0,\textbf{针对问题二}，首先把物性经验式换成随含水率变化的附录~3，并按物性自洽性分析选定\textbf{非保守形式}的能量方程，守恒形式的伪源项强于严格形式 $10.8$ 
example.tex(摘要),73,4,4.0,ALLOW,结构/常数,0.0,\textbf{针对问题二}，首先把物性经验式换成随含水率变化的附录~3，并按物性自洽性分析选定\textbf{非保守形式}的能量方程，守恒形式的伪源项强于严格形式 $10.8$ 
example.tex(摘要),73,3,3.0,ALLOW,3 h,0.0,\textbf{针对问题二}，首先把物性经验式换成随含水率变化的附录~3，并按物性自洽性分析选定\textbf{非保守形式}的能量方程，守恒形式的伪源项强于严格形式 $10.8$ 
example.tex(摘要),73,3.2819,3.2819,REGISTRY,FG_spanT_max,0.000e+00,\textbf{针对问题二}，首先把物性经验式换成随含水率变化的附录~3，并按物性自洽性分析选定\textbf{非保守形式}的能量方程，守恒形式的伪源项强于严格形式 $10.8$ 
example.tex(摘要),73,0.1203,0.1203,REGISTRY,DV_Tspan_h3.0,0.000e+00,\textbf{针对问题二}，首先把物性经验式换成随含水率变化的附录~3，并按物性自洽性分析选定\textbf{非保守形式}的能量方程，守恒形式的伪源项强于严格形式 $10.8$ 
example.tex(摘要),73,6204,6204.0,REGISTRY,FG_rfront_center_s,0.000e+00,\textbf{针对问题二}，首先把物性经验式换成随含水率变化的附录~3，并按物性自洽性分析选定\textbf{非保守形式}的能量方程，守恒形式的伪源项强于严格形式 $10.8$ 
example.tex(摘要),73,1.3823,1.3823,REGISTRY,FG_Cbar_10800,1.400e-05,\textbf{针对问题二}，首先把物性经验式换成随含水率变化的附录~3，并按物性自洽性分析选定\textbf{非保守形式}的能量方程，守恒形式的伪源项强于严格形式 $10.8$ 
example.tex(摘要),73,45.79,45.79,REGISTRY,FG_loss_10800,1.608e-03,\textbf{针对问题二}，首先把物性经验式换成随含水率变化的附录~3，并按物性自洽性分析选定\textbf{非保守形式}的能量方程，守恒形式的伪源项强于严格形式 $10.8$ 
example.tex(摘要),75,0.15,0.15,ALLOW,题面问题3: 含水率目标 0.15 kg/kg,0.0,\textbf{针对问题三}，首先把烘干判据写成全场最大含水率的\textbf{阈值事件}，所求为各处含水率首次低于 $0.15\mathrm{kg/kg}$ 的时刻，积分上界由事
example.tex(摘要),75,206720.4,206720.4,REGISTRY,?,1.346e-02,\textbf{针对问题三}，首先把烘干判据写成全场最大含水率的\textbf{阈值事件}，所求为各处含水率首次低于 $0.15\mathrm{kg/kg}$ 的时刻，积分上界由事
example.tex(摘要),75,57.4,57.4,REGISTRY,W11_t_2d_enddir_h,1.799e-02,\textbf{针对问题三}，首先把烘干判据写成全场最大含水率的\textbf{阈值事件}，所求为各处含水率首次低于 $0.15\mathrm{kg/kg}$ 的时刻，积分上界由事
example.tex(摘要),75,2.4,2.4,ALLOW,D 在 28->50 degC 的倍率,0.0,\textbf{针对问题三}，首先把烘干判据写成全场最大含水率的\textbf{阈值事件}，所求为各处含水率首次低于 $0.15\mathrm{kg/kg}$ 的时刻，积分上界由事
example.tex(摘要),75,57.49,57.49,REGISTRY,P01_tdry_rich_h,1.598e-03,\textbf{针对问题三}，首先把烘干判据写成全场最大含水率的\textbf{阈值事件}，所求为各处含水率首次低于 $0.15\mathrm{kg/kg}$ 的时刻，积分上界由事
example.tex(摘要),75,12.6,12.6,REGISTRY,?,5.997e-03,\textbf{针对问题三}，首先把烘干判据写成全场最大含水率的\textbf{阈值事件}，所求为各处含水率首次低于 $0.15\mathrm{kg/kg}$ 的时刻，积分上界由事
example.tex(摘要),75,57.4,57.4,REGISTRY,W11_t_2d_enddir_h,1.799e-02,\textbf{针对问题三}，首先把烘干判据写成全场最大含水率的\textbf{阈值事件}，所求为各处含水率首次低于 $0.15\mathrm{kg/kg}$ 的时刻，积分上界由事
example.tex(摘要),75,3.98e-5,3.98e-05,REGISTRY,V4_q2_dt025_dC,4.467e-08,\textbf{针对问题三}，首先把烘干判据写成全场最大含水率的\textbf{阈值事件}，所求为各处含水率首次低于 $0.15\mathrm{kg/kg}$ 的时刻，积分上界由事
example.tex(摘要),77,2,2.0,ALLOW,题面: 半径 2 cm / 通用整数,0.0,\textbf{针对问题四}，首先由附件~2 的实测确认半径由 $2.000\mathrm{cm}$ 收缩到 $1.198\mathrm{cm}$，表面位置成为未知函数；故在仿射收
example.tex(摘要),77,2.000,2.0,ALLOW,题面: 半径 2 cm / 通用整数,0.0,\textbf{针对问题四}，首先由附件~2 的实测确认半径由 $2.000\mathrm{cm}$ 收缩到 $1.198\mathrm{cm}$，表面位置成为未知函数；故在仿射收
example.tex(摘要),77,1.198,1.198,REGISTRY,H_R_259200,0.000e+00,\textbf{针对问题四}，首先由附件~2 的实测确认半径由 $2.000\mathrm{cm}$ 收缩到 $1.198\mathrm{cm}$，表面位置成为未知函数；故在仿射收
example.tex(摘要),77,4,4.0,ALLOW,结构/常数,0.0,\textbf{针对问题四}，首先由附件~2 的实测确认半径由 $2.000\mathrm{cm}$ 收缩到 $1.198\mathrm{cm}$，表面位置成为未知函数；故在仿射收
example.tex(摘要),77,183906.7,183906.7,REGISTRY,?,8.110e-03,\textbf{针对问题四}，首先由附件~2 的实测确认半径由 $2.000\mathrm{cm}$ 收缩到 $1.198\mathrm{cm}$，表面位置成为未知函数；故在仿射收
example.tex(摘要),77,51.09,51.09,REGISTRY,?,4.802e-03,\textbf{针对问题四}，首先由附件~2 的实测确认半径由 $2.000\mathrm{cm}$ 收缩到 $1.198\mathrm{cm}$，表面位置成为未知函数；故在仿射收
example.tex(摘要),77,2.13,2.13,REGISTRY,?,1.450e-03,\textbf{针对问题四}，首先由附件~2 的实测确认半径由 $2.000\mathrm{cm}$ 收缩到 $1.198\mathrm{cm}$，表面位置成为未知函数；故在仿射收
example.tex(摘要),77,4,4.0,ALLOW,结构/常数,0.0,\textbf{针对问题四}，首先由附件~2 的实测确认半径由 $2.000\mathrm{cm}$ 收缩到 $1.198\mathrm{cm}$，表面位置成为未知函数；故在仿射收
example.tex(摘要),77,129.8,129.8,REGISTRY,?,1.060e-02,\textbf{针对问题四}，首先由附件~2 的实测确认半径由 $2.000\mathrm{cm}$ 收缩到 $1.198\mathrm{cm}$，表面位置成为未知函数；故在仿射收
example.tex(摘要),77,51.1,51.1,REGISTRY,X27,0.000e+00,\textbf{针对问题四}，首先由附件~2 的实测确认半径由 $2.000\mathrm{cm}$ 收缩到 $1.198\mathrm{cm}$，表面位置成为未知函数；故在仿射收
example.tex(摘要),77,11,11.0,ALLOW,结构,0.0,\textbf{针对问题四}，首先由附件~2 的实测确认半径由 $2.000\mathrm{cm}$ 收缩到 $1.198\mathrm{cm}$，表面位置成为未知函数；故在仿射收
example.tex(摘要),77,3,3.0,ALLOW,3 h,0.0,\textbf{针对问题四}，首先由附件~2 的实测确认半径由 $2.000\mathrm{cm}$ 收缩到 $1.198\mathrm{cm}$，表面位置成为未知函数；故在仿射收
example.tex(摘要),77,2e-5,2e-05,REGISTRY,V4_q2_dt0125_dC,1.448e-07,\textbf{针对问题四}，首先由附件~2 的实测确认半径由 $2.000\mathrm{cm}$ 收缩到 $1.198\mathrm{cm}$，表面位置成为未知函数；故在仿射收
example.tex(摘要),77,0.0016,0.0016,REGISTRY,V13b_int_pct,2.306e-05,\textbf{针对问题四}，首先由附件~2 的实测确认半径由 $2.000\mathrm{cm}$ 收缩到 $1.198\mathrm{cm}$，表面位置成为未知函数；故在仿射收
example.tex(摘要),77,95,95.0,ALLOW,IAPWS-95,0.0,\textbf{针对问题四}，首先由附件~2 的实测确认半径由 $2.000\mathrm{cm}$ 收缩到 $1.198\mathrm{cm}$，表面位置成为未知函数；故在仿射收
example.tex(摘要),77,32.4,32.4,REGISTRY,?,3.483e-02,\textbf{针对问题四}，首先由附件~2 的实测确认半径由 $2.000\mathrm{cm}$ 收缩到 $1.198\mathrm{cm}$，表面位置成为未知函数；故在仿射收
example.tex(摘要),77,87.5,87.5,REGISTRY,?,4.097e-02,\textbf{针对问题四}，首先由附件~2 的实测确认半径由 $2.000\mathrm{cm}$ 收缩到 $1.198\mathrm{cm}$，表面位置成为未知函数；故在仿射收
example.tex(摘要),77,0.011,0.011,REGISTRY,?|abs,4.022e-05,\textbf{针对问题四}，首先由附件~2 的实测确认半径由 $2.000\mathrm{cm}$ 收缩到 $1.198\mathrm{cm}$，表面位置成为未知函数；故在仿射收
example.tex(问题二小节),490,3,3.0,ALLOW,3 h,0.0,问题二的物性经验式改用附录~3：其中参数都随含水量 $\mathrm{C}$ 变化，但物理本质
example.tex(问题二小节),493,3,3.0,ALLOW,3 h,0.0,首先\textbf{能量方程的形式必须重选}，附录~3 的物性随含水率变化，且$\rho c_p$比附录~2 大$56.41%$，故$\partial_t(\rho c_pT)$与
example.tex(问题二小节),493,2,2.0,ALLOW,题面: 半径 2 cm / 通用整数,0.0,首先\textbf{能量方程的形式必须重选}，附录~3 的物性随含水率变化，且$\rho c_p$比附录~2 大$56.41%$，故$\partial_t(\rho c_pT)$与
example.tex(问题二小节),493,56.41,56.41,REGISTRY,AB_pdiff_rcp,1.576e-03,首先\textbf{能量方程的形式必须重选}，附录~3 的物性随含水率变化，且$\rho c_p$比附录~2 大$56.41%$，故$\partial_t(\rho c_pT)$与
example.tex(问题二小节),495,-95,-95.0,ALLOW,国际水物性标准名 IAPWS-95 中的 '-95',0.0,计入，两个附录均未给出汽化潜热，本文由 Clapeyron 方程配合 IAPWS-95 定标得到，
example.tex(问题二小节),496,0.5,0.5,ALLOW,题面: 半径网格 0.5 cm,0.0,其相对份额由$0.5\mathrm{h}$的$2.01%$升至$3\mathrm{h}$的
example.tex(问题二小节),496,2.01,2.01,REGISTRY,FG_qratio_1800,4.103e-05,其相对份额由$0.5\mathrm{h}$的$2.01%$升至$3\mathrm{h}$的
example.tex(问题二小节),496,3,3.0,ALLOW,3 h,0.0,其相对份额由$0.5\mathrm{h}$的$2.01%$升至$3\mathrm{h}$的
example.tex(问题二小节),497,23.85,23.85,REGISTRY,DV_qratio_end,1.394e-05,"$23.85%$。最后，$D(C,T)$同时依赖$C$与$T$，于是温度场和水分场经$T\to D\to C$、$C\to\rho c_p,k\to T$、"
example.tex(问题二小节),499,2,2.0,ALLOW,题面: 半径 2 cm / 通用整数,0.0,$2(M+1)$维未知向量\textbf{联立求解}；三通路在问题一中\textbf{全部断开}，故问题一可
example.tex(问题二小节),499,1,1.0,ALLOW,题面: 半径网格 1 cm,0.0,$2(M+1)$维未知向量\textbf{联立求解}；三通路在问题一中\textbf{全部断开}，故问题一可
example.tex(问题二小节),500,25.671,25.671,REGISTRY,C_ratio_inv,1.052e-04,独立求解。又$\alpha/D=25.671$，温度过程比水分过程快约$26$倍，方程组\textbf{刚性}，
example.tex(问题二小节),500,26,26.0,ALLOW,结构,0.0,独立求解。又$\alpha/D=25.671$，温度过程比水分过程快约$26$倍，方程组\textbf{刚性}，
example.tex(问题二小节),507,30,30.0,ALLOW,结构,0.0,(b) Jacobian 分块带状结构（$M=30$，非零元$364$个、占$9.47%$，四个分块各$91$个）；(c) $\rho c_p$、
example.tex(问题二小节),507,364,364.0,REGISTRY,FG_jac_nnz,0.000e+00,(b) Jacobian 分块带状结构（$M=30$，非零元$364$个、占$9.47%$，四个分块各$91$个）；(c) $\rho c_p$、
example.tex(问题二小节),507,9.47,9.47,REGISTRY,FG_jac_dens,6.972e-04,(b) Jacobian 分块带状结构（$M=30$，非零元$364$个、占$9.47%$，四个分块各$91$个）；(c) $\rho c_p$、
example.tex(问题二小节),507,91,91.0,REGISTRY,FG_jac_nTT,0.000e+00,(b) Jacobian 分块带状结构（$M=30$，非零元$364$个、占$9.47%$，四个分块各$91$个）；(c) $\rho c_p$、
example.tex(问题二小节),508,2.55,2.55,ALLOW,题面: 初始干基含水率 2.55 kg/kg,0.0,$k$、$\alpha$随含水率$C$的漂移（以$C=2.55$归一）。}
example.tex(问题二小节),515,3,3.0,ALLOW,3 h,0.0,附录~3 的$\rho(C)=650+128C$与$c_p(C)=1450+2736C/(C+1)$可改写成\textbf{同一套混合物
example.tex(问题二小节),515,650,650.0,ALLOW,附录3: rho 常数项,0.0,附录~3 的$\rho(C)=650+128C$与$c_p(C)=1450+2736C/(C+1)$可改写成\textbf{同一套混合物
example.tex(问题二小节),515,128,128.0,ALLOW,附录3: rho 的 C 系数,0.0,附录~3 的$\rho(C)=650+128C$与$c_p(C)=1450+2736C/(C+1)$可改写成\textbf{同一套混合物
example.tex(问题二小节),515,1450,1450.0,ALLOW,附录3: cp 常数项,0.0,附录~3 的$\rho(C)=650+128C$与$c_p(C)=1450+2736C/(C+1)$可改写成\textbf{同一套混合物
example.tex(问题二小节),515,2736,2736.0,ALLOW,附录3: cp 的 C 系数,0.0,附录~3 的$\rho(C)=650+128C$与$c_p(C)=1450+2736C/(C+1)$可改写成\textbf{同一套混合物
example.tex(问题二小节),515,1,1.0,ALLOW,题面: 半径网格 1 cm,0.0,附录~3 的$\rho(C)=650+128C$与$c_p(C)=1450+2736C/(C+1)$可改写成\textbf{同一套混合物
example.tex(问题二小节),516,1,1.0,ALLOW,题面: 半径网格 1 cm,0.0,关系} $\rho_{\mathrm{bulk}}=\rho_s(1+C)$、$\rho_{\mathrm{bulk}}c_p=\rho_s(c_s+Cc_l)$
example.tex(问题二小节),517,1450,1450.0,ALLOW,附录3: cp 常数项,0.0,（$\rho_s$为干物质的质量密度）。以 SymPy 精确求解并回代得$c_s=1450$、
example.tex(问题二小节),518,4186,4186.0,REGISTRY,EA_cl,0.000e+00,$c_l=4186\mathrm{J/(kg\cdot K)}$，最大相对偏差仅$1.93e-16$；$c_l$正是
example.tex(问题二小节),518,1.93e-16,1.93e-16,REGISTRY,EA_equiv_max,4.438e-19,$c_l=4186\mathrm{J/(kg\cdot K)}$，最大相对偏差仅$1.93e-16$；$c_l$正是
example.tex(问题二小节),524,522,522.0,REGISTRY,EV_coef_522,0.000e+00,$\frac{\mathrm{d}\rho_s}{\mathrm{d}C}=-(522)/((1+C))\neq0$，故$R$只在$\rho_s$
example.tex(问题二小节),524,1,1.0,ALLOW,题面: 半径网格 1 cm,0.0,$\frac{\mathrm{d}\rho_s}{\mathrm{d}C}=-(522)/((1+C))\neq0$，故$R$只在$\rho_s$
example.tex(问题二小节),524,0,0.0,ALLOW,零,0.0,$\frac{\mathrm{d}\rho_s}{\mathrm{d}C}=-(522)/((1+C))\neq0$，故$R$只在$\rho_s$
example.tex(问题二小节),525,3,3.0,ALLOW,3 h,0.0,为常数时才消失；附录~3 的$\rho(C)$不满足该条件，这与下述$\rho_s$漂移是同一个不自洽。
example.tex(问题二小节),529,0,0.0,ALLOW,零,0.0,$0$、$273.15$、$301.15\mathrm{K}$时依次为$10.81$、$95.52$、$485.97$）。直观地说：
example.tex(问题二小节),529,273.15,273.15,ALLOW,摄氏-热力学温标换算,0.0,$0$、$273.15$、$301.15\mathrm{K}$时依次为$10.81$、$95.52$、$485.97$）。直观地说：
example.tex(问题二小节),529,301.15,301.15,ALLOW,题面: T0 = 28 degC = 301.15 K,0.0,$0$、$273.15$、$301.15\mathrm{K}$时依次为$10.81$、$95.52$、$485.97$）。直观地说：
example.tex(问题二小节),529,10.81,10.81,REGISTRY,FG_S_over_R0,1.819e-03,$0$、$273.15$、$301.15\mathrm{K}$时依次为$10.81$、$95.52$、$485.97$）。直观地说：
example.tex(问题二小节),529,95.52,95.52,REGISTRY,EV_ratio_Tref27315,1.372e-03,$0$、$273.15$、$301.15\mathrm{K}$时依次为$10.81$、$95.52$、$485.97$）。直观地说：
example.tex(问题二小节),529,485.97,485.97,REGISTRY,EV_ratio_Tref30115,3.693e-03,$0$、$273.15$、$301.15\mathrm{K}$时依次为$10.81$、$95.52$、$485.97$）。直观地说：
example.tex(问题二小节),532,0,0.0,ALLOW,零,0.0,\textbf{基准依赖性本身就说明$R$是人为量而非物理源项}：若按物理自洽的读法，则$\mathrm{d}\rho_s/\mathrm{d}C=0$、
example.tex(问题二小节),533,0,0.0,ALLOW,零,0.0,$R\equiv0$，下式在任意基准下精确成立。故论证\textbf{不能靠``精确相消''、
example.tex(问题二小节),534,1.71,1.71,REGISTRY,EX_resid_pct,2.633e-03,也不能靠``残余项只占$1.71%$''这类基准依赖的数字}，而应靠两条与基准无关的事实：
example.tex(问题二小节),537,10.81,10.81,REGISTRY,FG_S_over_R0,1.819e-03,|=\mathbf{10.81}$（取$C=2.55$）比附录~3 自身不自洽所遗留的强度大\textbf{一个
example.tex(问题二小节),537,2.55,2.55,ALLOW,题面: 初始干基含水率 2.55 kg/kg,0.0,|=\mathbf{10.81}$（取$C=2.55$）比附录~3 自身不自洽所遗留的强度大\textbf{一个
example.tex(问题二小节),537,3,3.0,ALLOW,3 h,0.0,|=\mathbf{10.81}$（取$C=2.55$）比附录~3 自身不自洽所遗留的强度大\textbf{一个
example.tex(问题二小节),543,1,1.0,ALLOW,题面: 半径网格 1 cm,0.0,=(1)/(r)(\partial)/(\partial r)\!(k(C)r(\partial T)/(\partial r))
example.tex(问题二小节),547,0.864,0.864,REGISTRY,EC_cJgradT,9.600e-06,保留但略去的对流项$|c_l\mathbf{J}_w\!\cdot\!\nabla T|=0.864\mathrm{W/m}$，与主项
example.tex(问题二小节),548,2.6031e3,2603.1,REGISTRY,EC_main,2.720e-02,$\rho c_p\partial_tT\approx2.6031e3\mathrm{W/m}$之比仅
example.tex(问题二小节),549,3.319e-4,0.0003319,REGISTRY,EC_cJgradT_rel,4.795e-09,$3.319e-4$（图~\emph{b}）。
example.tex(问题二小节),551,200,200.0,ALLOW,网格数 M=200,0.0,\textbf{数值验证}：同一求解器分别实现两种形式，在$M=200$、$\Delta t=0.25\mathrm{s}$
example.tex(问题二小节),551,0.25,0.25,ALLOW,dt=0.25 s,0.0,\textbf{数值验证}：同一求解器分别实现两种形式，在$M=200$、$\Delta t=0.25\mathrm{s}$
example.tex(问题二小节),552,10800,10800.0,ALLOW,题面表3/4 时间点 3 h,0.0,下$t=10800\mathrm{s}$时中心温度分别为$\mathbf{49.7685}$与
example.tex(问题二小节),552,49.7685,49.7685,REGISTRY,V11_Tc_nc,4.605e-06,下$t=10800\mathrm{s}$时中心温度分别为$\mathbf{49.7685}$与
example.tex(问题二小节),553,64.5646,64.5646,REGISTRY,V11_Tc_c,2.749e-05,$\mathbf{64.5646}^\circ\mathrm{C}$，相差$\mathbf{17.2745}\mathrm{K}$；守恒解已
example.tex(问题二小节),553,17.2745,17.2745,REGISTRY,V11_dT,4.283e-05,$\mathbf{64.5646}^\circ\mathrm{C}$，相差$\mathbf{17.2745}\mathrm{K}$；守恒解已
example.tex(问题二小节),554,50.2460,50.246,REGISTRY,V13_Tmax,0.000e+00,\textbf{超出烘房温度峰值}$50.2460^\circ\mathrm{C}$，物理上不可能
example.tex(问题二小节),566,1,1.0,ALLOW,题面: 半径网格 1 cm,0.0,"=(1)/(r)(\partial)/(\partial r)\!(k(C)r(\partial T)/(\partial r)),"
example.tex(问题二小节),569,1,1.0,ALLOW,题面: 半径网格 1 cm,0.0,"=(1)/(r)(\partial)/(\partial r)\!(rD(C,T)(\partial C)/(\partial r)),"
example.tex(问题二小节),572,3,3.0,ALLOW,3 h,0.0,物性取附录~3 的$\rho(C)=650+128C$、$c_p(C)=1450+(2736C)/(C+1)$、
example.tex(问题二小节),572,650,650.0,ALLOW,附录3: rho 常数项,0.0,物性取附录~3 的$\rho(C)=650+128C$、$c_p(C)=1450+(2736C)/(C+1)$、
example.tex(问题二小节),572,128,128.0,ALLOW,附录3: rho 的 C 系数,0.0,物性取附录~3 的$\rho(C)=650+128C$、$c_p(C)=1450+(2736C)/(C+1)$、
example.tex(问题二小节),572,1450,1450.0,ALLOW,附录3: cp 常数项,0.0,物性取附录~3 的$\rho(C)=650+128C$、$c_p(C)=1450+(2736C)/(C+1)$、
example.tex(问题二小节),572,2736,2736.0,ALLOW,附录3: cp 的 C 系数,0.0,物性取附录~3 的$\rho(C)=650+128C$、$c_p(C)=1450+(2736C)/(C+1)$、
example.tex(问题二小节),572,1,1.0,ALLOW,题面: 半径网格 1 cm,0.0,物性取附录~3 的$\rho(C)=650+128C$、$c_p(C)=1450+(2736C)/(C+1)$、
example.tex(问题二小节),573,0.21,0.21,ALLOW,附录3: k 常数项,0.0,"$k(C)=0.21+(0.38C)/(C+1)$、$D(C,T)=2.4e-3ee$。"
example.tex(问题二小节),573,0.38,0.38,ALLOW,附录3: k 的 C 系数,0.0,"$k(C)=0.21+(0.38C)/(C+1)$、$D(C,T)=2.4e-3ee$。"
example.tex(问题二小节),573,1,1.0,ALLOW,题面: 半径网格 1 cm,0.0,"$k(C)=0.21+(0.38C)/(C+1)$、$D(C,T)=2.4e-3ee$。"
example.tex(问题二小节),573,2.4e-3,0.0024,ALLOW,附录3: D 的系数,0.0,"$k(C)=0.21+(0.38C)/(C+1)$、$D(C,T)=2.4e-3ee$。"
example.tex(问题二小节),579,0,0.0,ALLOW,零,0.0,"&T(r,0)=28^\circ\mathrm{C} (=301.15\mathrm{K}),  C(r,0)=2.55\mathrm{kg/kg},"
example.tex(问题二小节),579,28,28.0,ALLOW,题面: 初温 28 degC,0.0,"&T(r,0)=28^\circ\mathrm{C} (=301.15\mathrm{K}),  C(r,0)=2.55\mathrm{kg/kg},"
example.tex(问题二小节),579,301.15,301.15,ALLOW,题面: T0 = 28 degC = 301.15 K,0.0,"&T(r,0)=28^\circ\mathrm{C} (=301.15\mathrm{K}),  C(r,0)=2.55\mathrm{kg/kg},"
example.tex(问题二小节),579,0,0.0,ALLOW,零,0.0,"&T(r,0)=28^\circ\mathrm{C} (=301.15\mathrm{K}),  C(r,0)=2.55\mathrm{kg/kg},"
example.tex(问题二小节),579,2.55,2.55,ALLOW,题面: 初始干基含水率 2.55 kg/kg,0.0,"&T(r,0)=28^\circ\mathrm{C} (=301.15\mathrm{K}),  C(r,0)=2.55\mathrm{kg/kg},"
example.tex(问题二小节),580,1,1.0,ALLOW,题面: 半径网格 1 cm,0.0,&&\text{（初始条件）}\\[1pt]
example.tex(问题二小节),581,0,0.0,ALLOW,零,0.0,"&\partial_r T\big|=\partial_r C\big|=0, &&\text{（中心对称）}\\[1pt]"
example.tex(问题二小节),581,1,1.0,ALLOW,题面: 半径网格 1 cm,0.0,"&\partial_r T\big|=\partial_r C\big|=0, &&\text{（中心对称）}\\[1pt]"
example.tex(问题二小节),583,1,1.0,ALLOW,题面: 半径网格 1 cm,0.0,"+L_v h_m[C(R,t)-C_\infty(t)], &&\text{（表面热平衡）}\\[1pt]"
example.tex(问题二小节),590,25,25.0,ALLOW,题面: 长度 25 cm,0.0,其中$h=25\mathrm{W/(m\cdot K)}$、$h_m=8e-7\mathrm{m/s}$沿用附录~2，
example.tex(问题二小节),590,8e-7,8e-07,ALLOW,附录2: 对流传质系数,0.0,其中$h=25\mathrm{W/(m\cdot K)}$、$h_m=8e-7\mathrm{m/s}$沿用附录~2，
example.tex(问题二小节),590,2,2.0,ALLOW,题面: 半径 2 cm / 通用整数,0.0,其中$h=25\mathrm{W/(m\cdot K)}$、$h_m=8e-7\mathrm{m/s}$沿用附录~2，
example.tex(问题二小节),591,1,1.0,ALLOW,题面: 半径网格 1 cm,0.0,$T_\infty$、$C_\infty$由附件~1 的$241$个采样点经 PCHIP 保形插值连续化（与问题一同）。
example.tex(问题二小节),591,241,241.0,ALLOW,附件1 数据点数,0.0,$T_\infty$、$C_\infty$由附件~1 的$241$个采样点经 PCHIP 保形插值连续化（与问题一同）。
example.tex(问题二小节),593,20,20.0,ALLOW,结构,0.0,并在\S以$\pm20%$扰动界定该假设的影响。
example.tex(问题二小节),594,1,1.0,ALLOW,题面: 半径网格 1 cm,0.0,关于附件~1 之后的\textbf{环境外推思路}：问题二的输出窗口 $0\sim10800\mathrm{s}$
example.tex(问题二小节),594,0,0.0,ALLOW,零,0.0,关于附件~1 之后的\textbf{环境外推思路}：问题二的输出窗口 $0\sim10800\mathrm{s}$
example.tex(问题二小节),594,10800,10800.0,ALLOW,题面表3/4 时间点 3 h,0.0,关于附件~1 之后的\textbf{环境外推思路}：问题二的输出窗口 $0\sim10800\mathrm{s}$
example.tex(问题二小节),595,1,1.0,ALLOW,题面: 半径网格 1 cm,0.0,完全落在附件~1 的覆盖区间内，\textbf{无需任何外推}；对更长时段（问题三起），附件~1
example.tex(问题二小节),595,1,1.0,ALLOW,题面: 半径网格 1 cm,0.0,完全落在附件~1 的覆盖区间内，\textbf{无需任何外推}；对更长时段（问题三起），附件~1
example.tex(问题二小节),601,-95,-95.0,ALLOW,国际水物性标准名 IAPWS-95 中的 '-95',0.0,近似的误差，再用国际水物性标准 IAPWS-95 定标，得
example.tex(问题二小节),604,2.4346e6,2434600.0,REGISTRY,D_Hevap_28,0.000e+00,L_v(T)=2.4346e6
example.tex(问题二小节),605,-2.391e3,-2391.0,ALLOW,定标斜率,0.0,"-2.391e3(T-28^\circ\mathrm{C})  \mathrm{J/kg},"
example.tex(问题二小节),605,-28,-28.0,ALLOW,L_v 定标式中 (T - 28 degC) 的偏移量,0.0,"-2.391e3(T-28^\circ\mathrm{C})  \mathrm{J/kg},"
example.tex(问题二小节),608,28,28.0,ALLOW,题面: 初温 28 degC,0.0,其在$28\sim50^\circ\mathrm{C}$上的最大残差为$109.2\mathrm{J/kg}$，
example.tex(问题二小节),608,50,50.0,ALLOW,网格数 M=50,0.0,其在$28\sim50^\circ\mathrm{C}$上的最大残差为$109.2\mathrm{J/kg}$，
example.tex(问题二小节),608,109.2,109.2,REGISTRY,V10_resid,1.225e-02,其在$28\sim50^\circ\mathrm{C}$上的最大残差为$109.2\mathrm{J/kg}$，
example.tex(问题二小节),609,0.00449,0.00449,REGISTRY,LH_resid28_pct,4.088e-06,相对$0.00449%$，不含任何可调参数。图~\emph{c}
example.tex(问题二小节),610,0.04,0.04,ALLOW,dt=0.04 s,0.0,给出表面热流的分解：$q_{\mathrm{evap}}$的绝对量级只有$0.04\sim0.06\mathrm{W/m}$，
example.tex(问题二小节),610,0.06,0.06,REGISTRY,T5_r5_c5,1.394e-04,给出表面热流的分解：$q_{\mathrm{evap}}$的绝对量级只有$0.04\sim0.06\mathrm{W/m}$，
example.tex(问题二小节),611,6.1999,6.1999,REGISTRY,FG_qdrive_1800,0.000e+00,但表面对流驱动力$T_\infty-T_R$由$6.1999\mathrm{K}$衰到$0.3062\mathrm{K}$，
example.tex(问题二小节),611,0.3062,0.3062,REGISTRY,DV_Tgap_surf,1.005e-14,但表面对流驱动力$T_\infty-T_R$由$6.1999\mathrm{K}$衰到$0.3062\mathrm{K}$，
example.tex(问题二小节),612,20.2,20.2,REGISTRY,FG_qconv_decay,4.788e-02,$q_{\mathrm{conv}}$衰减约$20.2$，而$q_{\mathrm{evap}}$仅降$41.5%$，故其相对
example.tex(问题二小节),612,41.5,41.5,ALLOW,t=1800 s 环境温度 (degC),0.0,$q_{\mathrm{conv}}$衰减约$20.2$，而$q_{\mathrm{evap}}$仅降$41.5%$，故其相对
example.tex(问题二小节),613,0.5,0.5,ALLOW,题面: 半径网格 0.5 cm,0.0,份额由$0.5\mathrm{h}$的$2.01%$单调升到$3\mathrm{h}$的$\mathbf{23.85%}$；
example.tex(问题二小节),613,2.01,2.01,REGISTRY,FG_qratio_1800,4.103e-05,份额由$0.5\mathrm{h}$的$2.01%$单调升到$3\mathrm{h}$的$\mathbf{23.85%}$；
example.tex(问题二小节),613,3,3.0,ALLOW,3 h,0.0,份额由$0.5\mathrm{h}$的$2.01%$单调升到$3\mathrm{h}$的$\mathbf{23.85%}$；
example.tex(问题二小节),613,23.85,23.85,REGISTRY,DV_qratio_end,1.394e-05,份额由$0.5\mathrm{h}$的$2.01%$单调升到$3\mathrm{h}$的$\mathbf{23.85%}$；
example.tex(问题二小节),616,27.9905,27.9905,REGISTRY,DV_Tmin,0.000e+00,"原理只剩上界成立}：计算温度范围$[27.9905, 49.8888]^\circ\mathrm{C}$，上界低于包络"
example.tex(问题二小节),616,49.8888,49.8888,REGISTRY,DV_Tmax,0.000e+00,"原理只剩上界成立}：计算温度范围$[27.9905, 49.8888]^\circ\mathrm{C}$，上界低于包络"
example.tex(问题二小节),617,50.2460,50.246,REGISTRY,V13_Tmax,0.000e+00,上界$50.2460^\circ\mathrm{C}$，下界越界$0.0095\mathrm{K}$；作为对照，关闭蒸发项后
example.tex(问题二小节),617,0.0095,0.0095,REGISTRY,DV_Ts_dip,7.997e-16,上界$50.2460^\circ\mathrm{C}$，下界越界$0.0095\mathrm{K}$；作为对照，关闭蒸发项后
example.tex(问题二小节),618,28.0000,28.0,ALLOW,题面: 初温 28 degC,0.0,下界精确回到$28.0000^\circ\mathrm{C}$（越界$\mathbf{0.0000}\mathrm{K}$），说明下界
example.tex(问题二小节),618,0.0000,0.0,ALLOW,零,0.0,下界精确回到$28.0000^\circ\mathrm{C}$（越界$\mathbf{0.0000}\mathrm{K}$），说明下界
example.tex(问题二小节),625,10800,10800.0,ALLOW,题面表3/4 时间点 3 h,0.0,在$t=10800\mathrm{s}$给出中心温度$64.5646^\circ\mathrm{C}$，超出烘房温度峰值
example.tex(问题二小节),625,64.5646,64.5646,REGISTRY,V11_Tc_c,2.749e-05,在$t=10800\mathrm{s}$给出中心温度$64.5646^\circ\mathrm{C}$，超出烘房温度峰值
example.tex(问题二小节),626,50.2460,50.246,REGISTRY,V13_Tmax,0.000e+00,$50.2460^\circ\mathrm{C}$（点划线）；(b) 四个能量源项的量级，守恒形式伪源项占
example.tex(问题二小节),627,18.45,18.45,REGISTRY,FG_Sfalse_pct,3.297e-03,主项$18.45%$、严格方程的自洽极限下残余项为零；(c) 表面热流分解；(d) 极值原理越界量。}
example.tex(问题二小节),634,1,1.0,ALLOW,题面: 半径网格 1 cm,0.0,\noindent \textbf{步骤 1：空间离散（弱形式 $+$ 集中质量）}
example.tex(问题二小节),636,20,20.0,ALLOW,结构,0.0,进入弱形式；网格 $r_i=i\Delta r$（$M$ 取 $20$ 的倍数，使输出半径落在节点上），
example.tex(问题二小节),638,0,0.0,ALLOW,零,0.0,与问题一的有限体积格式逐项相同，两问共享同一守恒结构。$r=0$ 处行和集中的等效系数为
example.tex(问题二小节),639,3,3.0,ALLOW,3 h,0.0,精确值的 $3/4$（与 $M$ 无关）；实测两种口径最大差仅 $7.0274e-6\mathrm{K}$、
example.tex(问题二小节),639,4,4.0,ALLOW,结构/常数,0.0,精确值的 $3/4$（与 $M$ 无关）；实测两种口径最大差仅 $7.0274e-6\mathrm{K}$、
example.tex(问题二小节),639,7.0274e-6,7.0274e-06,REGISTRY,CN_prod_dT,3.228e-12,精确值的 $3/4$（与 $M$ 无关）；实测两种口径最大差仅 $7.0274e-6\mathrm{K}$、
example.tex(问题二小节),640,2.0054e-6,2.0054e-06,REGISTRY,CN_prod_dC,2.713e-11,$2.0054e-6\mathrm{kg/kg}$，低于分辨率 $5e-5$，故生产口径取行和集中。
example.tex(问题二小节),640,5e-5,5e-05,ALLOW,四位小数的半 ulp 阈值,0.0,$2.0054e-6\mathrm{kg/kg}$，低于分辨率 $5e-5$，故生产口径取行和集中。
example.tex(问题二小节),642,2,2.0,ALLOW,题面: 半径 2 cm / 通用整数,0.0,\noindent \textbf{步骤 2：残差与解析 Jacobian}
example.tex(问题二小节),643,0,0.0,ALLOW,零,0.0,后向 Euler 把方程组化为 $\mathbf{R}(\mathbf{U})=\mathbf{0}$
example.tex(问题二小节),645,2,2.0,ALLOW,题面: 半径 2 cm / 通用整数,0.0,"解析 Jacobian 为 $2x2$ 分块、带宽 $(3,3)$ 的带状矩阵（每行至多 $7$ 个非零元），"
example.tex(问题二小节),645,2,2.0,ALLOW,题面: 半径 2 cm / 通用整数,0.0,"解析 Jacobian 为 $2x2$ 分块、带宽 $(3,3)$ 的带状矩阵（每行至多 $7$ 个非零元），"
example.tex(问题二小节),645,3,3.0,ALLOW,3 h,0.0,"解析 Jacobian 为 $2x2$ 分块、带宽 $(3,3)$ 的带状矩阵（每行至多 $7$ 个非零元），"
example.tex(问题二小节),645,3,3.0,ALLOW,3 h,0.0,"解析 Jacobian 为 $2x2$ 分块、带宽 $(3,3)$ 的带状矩阵（每行至多 $7$ 个非零元），"
example.tex(问题二小节),645,7,7.0,ALLOW,结构,0.0,"解析 Jacobian 为 $2x2$ 分块、带宽 $(3,3)$ 的带状矩阵（每行至多 $7$ 个非零元），"
example.tex(问题二小节),646,12,12.0,ALLOW,网格数 M=12 (Jacobian 校核),0.0,已用中心差分逐元核验：$M=12$、七种配置的最大相对偏差均在 $2.25e-7$ 量级
example.tex(问题二小节),646,2.25e-7,2.25e-07,REGISTRY,V12_jac_default,2.540e-11,已用中心差分逐元核验：$M=12$、七种配置的最大相对偏差均在 $2.25e-7$ 量级
example.tex(问题二小节),647,5.5376e-9,5.5376e-09,REGISTRY,V12_jac_conserv,1.444e-14,及以下（守恒形式 $5.5376e-9$），落在差分自身的截断误差内。
example.tex(问题二小节),649,3,3.0,ALLOW,3 h,0.0,\noindent \textbf{步骤 3：阻尼 Newton 迭代}
example.tex(问题二小节),651,1e-11,1e-11,ALLOW,Newton 相对残差判据,0.0,（残差上升则 $\theta$ 减半回溯），收敛判据 $\|\mathbf{R}\|_\infty\le1e-11
example.tex(问题二小节),652,1e-13,1e-13,ALLOW,数值量级,0.0,\|\mathbf{R}(\mathbf{U})\|_\infty$ 且 $\|\theta\delta\mathbf{U}\|_\infty\le1e-13$。
example.tex(问题二小节),653,400,400.0,ALLOW,网格数 M=400,0.0,实测（$M=400$、全程 $172800$ 步）迭代均值 $3.00$ 次、最大 $4$ 次；对照准
example.tex(问题二小节),653,172800,172800.0,ALLOW,步数 = 10800/0.0625,0.0,实测（$M=400$、全程 $172800$ 步）迭代均值 $3.00$ 次、最大 $4$ 次；对照准
example.tex(问题二小节),653,3.00,3.0,ALLOW,3 h,0.0,实测（$M=400$、全程 $172800$ 步）迭代均值 $3.00$ 次、最大 $4$ 次；对照准
example.tex(问题二小节),653,4,4.0,ALLOW,结构/常数,0.0,实测（$M=400$、全程 $172800$ 步）迭代均值 $3.00$ 次、最大 $4$ 次；对照准
example.tex(问题二小节),654,1.0072e-5,1.0072e-05,REGISTRY,V7_T,3.715e-10,Newton/Picard 的最大解差仅 $1.0072e-5\mathrm{K}$、
example.tex(问题二小节),655,3.3618e-6,3.3618e-06,REGISTRY,V7_C,4.777e-11,$3.3618e-6\mathrm{kg/kg}$。流程见算法~。
example.tex(问题二小节),661,10800,10800.0,ALLOW,题面表3/4 时间点 3 h,0.0,"\KwIn{$M$, $\Delta t$, $t_{\mathrm{end}}=10800\mathrm{s}$;"
example.tex(问题二小节),662,1,1.0,ALLOW,题面: 半径网格 1 cm,0.0,"$T$, $C$; $(T_\infty(t),C_\infty(t))\leftarrow\texttt{PCHIP}(\text{附件1})$}"
example.tex(问题二小节),665,0,0.0,ALLOW,零,0.0,"\For{$n\leftarrow 0,1,\dots$ \KwTo $t=t_{\mathrm{end}}$}{"
example.tex(问题二小节),665,1,1.0,ALLOW,题面: 半径网格 1 cm,0.0,"\For{$n\leftarrow 0,1,\dots$ \KwTo $t=t_{\mathrm{end}}$}{"
example.tex(问题二小节),666,0,0.0,ALLOW,零,0.0,$\mathbf{U}\leftarrow\mathbf{U}$; $k\leftarrow0$; $\texttt{conv}\leftarrow\texttt{false}$\
example.tex(问题二小节),667,25,25.0,ALLOW,题面: 长度 25 cm,0.0,\While{$\neg\texttt{conv} \wedge k<25$}{
example.tex(问题二小节),668,2,2.0,ALLOW,题面: 半径 2 cm / 通用整数,0.0,"$(\mathbf{R},\mathbf{J})\leftarrow\texttt{Assemble}(\mathbf{U},\mathbf{U},T_\infty,C_\inft"
example.tex(问题二小节),668,2,2.0,ALLOW,题面: 半径 2 cm / 通用整数,0.0,"$(\mathbf{R},\mathbf{J})\leftarrow\texttt{Assemble}(\mathbf{U},\mathbf{U},T_\infty,C_\inft"
example.tex(问题二小节),668,3,3.0,ALLOW,3 h,0.0,"$(\mathbf{R},\mathbf{J})\leftarrow\texttt{Assemble}(\mathbf{U},\mathbf{U},T_\infty,C_\inft"
example.tex(问题二小节),668,3,3.0,ALLOW,3 h,0.0,"$(\mathbf{R},\mathbf{J})\leftarrow\texttt{Assemble}(\mathbf{U},\mathbf{U},T_\infty,C_\inft"
example.tex(问题二小节),668,7,7.0,ALLOW,结构,0.0,"$(\mathbf{R},\mathbf{J})\leftarrow\texttt{Assemble}(\mathbf{U},\mathbf{U},T_\infty,C_\inft"
example.tex(问题二小节),670,1,1.0,ALLOW,题面: 半径网格 1 cm,0.0,$\theta\leftarrow1$\;
example.tex(问题二小节),672,2,2.0,ALLOW,题面: 半径 2 cm / 通用整数,0.0,$\theta\leftarrow\theta/2$\tcp*{回溯线搜索}
example.tex(问题二小节),675,1e-11,1e-11,ALLOW,Newton 相对残差判据,0.0,$\texttt{conv}\leftarrow[\|\mathbf{R}\|_\infty\le1e-11\|\mathbf{R}(\mathbf{U})\|_\infty]
example.tex(问题二小节),676,1e-13,1e-13,ALLOW,数值量级,0.0,\wedge[\|\theta\delta\mathbf{U}\|_\infty\le1e-13]$\;
example.tex(问题二小节),677,1,1.0,ALLOW,题面: 半径网格 1 cm,0.0,$k\leftarrow k+1$\;
example.tex(问题二小节),689,1.9999,1.9999,REGISTRY,VT_ratio_T_32,1.921e-05,$1.9999$、水分$2.0065$），空间阶数（以时间误差可忽略的 Bessel 解析解为基准）呈
example.tex(问题二小节),689,2.0065,2.0065,REGISTRY,VT_ratio_C_32,2.223e-05,$1.9999$、水分$2.0065$），空间阶数（以时间误差可忽略的 Bessel 解析解为基准）呈
example.tex(问题二小节),690,25,25.0,ALLOW,题面: 长度 25 cm,0.0,\textbf{二阶}（$M=25\to50\to100\to200$的误差比值$4.07/4.31/4.05$）；离散水量收支的
example.tex(问题二小节),690,50,50.0,ALLOW,网格数 M=50,0.0,\textbf{二阶}（$M=25\to50\to100\to200$的误差比值$4.07/4.31/4.05$）；离散水量收支的
example.tex(问题二小节),690,100,100.0,ALLOW,题面表1/2 时间点,0.0,\textbf{二阶}（$M=25\to50\to100\to200$的误差比值$4.07/4.31/4.05$）；离散水量收支的
example.tex(问题二小节),690,200,200.0,ALLOW,网格数 M=200,0.0,\textbf{二阶}（$M=25\to50\to100\to200$的误差比值$4.07/4.31/4.05$）；离散水量收支的
example.tex(问题二小节),690,4.07,4.07,REGISTRY,VS_ratio_50,1.056e-03,\textbf{二阶}（$M=25\to50\to100\to200$的误差比值$4.07/4.31/4.05$）；离散水量收支的
example.tex(问题二小节),690,4.31,4.31,REGISTRY,CN_halfcv_ratio_M100,3.822e-03,\textbf{二阶}（$M=25\to50\to100\to200$的误差比值$4.07/4.31/4.05$）；离散水量收支的
example.tex(问题二小节),690,4.05,4.05,REGISTRY,CN_halfcv_ratio_M200,1.724e-04,\textbf{二阶}（$M=25\to50\to100\to200$的误差比值$4.07/4.31/4.05$）；离散水量收支的
example.tex(问题二小节),691,7.0093e-13,7.0093e-13,REGISTRY,V5_Wres,3.460e-18,最大相对残差仅$7.0093e-13$。生产设置取$M=1600$、$\Delta t=1/64\mathrm{s}$
example.tex(问题二小节),691,1600,1600.0,ALLOW,网格数 M=1600,0.0,最大相对残差仅$7.0093e-13$。生产设置取$M=1600$、$\Delta t=1/64\mathrm{s}$
example.tex(问题二小节),691,1,1.0,ALLOW,题面: 半径网格 1 cm,0.0,最大相对残差仅$7.0093e-13$。生产设置取$M=1600$、$\Delta t=1/64\mathrm{s}$
example.tex(问题二小节),691,64,64.0,ALLOW,1/64 s 的时间步分母,0.0,最大相对残差仅$7.0093e-13$。生产设置取$M=1600$、$\Delta t=1/64\mathrm{s}$
example.tex(问题二小节),692,691200,691200.0,REGISTRY,P00_nsteps,0.000e+00,（$691200$步），两组独立加密解的偏差为$\Delta T=1.3808e-5\mathrm{K}$与
example.tex(问题二小节),692,1.3808e-5,1.3808e-05,REGISTRY,P01,3.100e-10,（$691200$步），两组独立加密解的偏差为$\Delta T=1.3808e-5\mathrm{K}$与
example.tex(问题二小节),693,3.8467e-5,3.8467e-05,REGISTRY,UC_win_t1_60s_dC,0.000e+00,$\Delta C=3.8467e-5\mathrm{kg/kg}$：温度偏差仅为四位小数分辨率的
example.tex(问题二小节),694,27.6,27.6,REGISTRY,DV_uT_pct,1.538e-02,$27.6%$，报告安全；水分偏差达$76.9%$，且后向 Euler 为一阶、所报告的是较粗的一组
example.tex(问题二小节),694,76.9,76.9,REGISTRY,UC_win_t1_60s_pct,3.400e-02,$27.6%$，报告安全；水分偏差达$76.9%$，且后向 Euler 为一阶、所报告的是较粗的一组
example.tex(问题二小节),695,4,4.0,ALLOW,结构/常数,0.0,解，故水分第$4$位小数应\textbf{解读为本设置的分辨率边界而非可保证的精度}。
example.tex(问题二小节),697,3,3.0,ALLOW,3 h,0.0,按上述设置推得的结果列于表~3、表~4。
example.tex(问题二小节),697,4,4.0,ALLOW,结构/常数,0.0,按上述设置推得的结果列于表~3、表~4。
example.tex(问题二小节),701,3,3.0,ALLOW,3 h,0.0,\caption{3 小时内药材的温度（单位：$^\circ$C）}
example.tex(问题二小节),705,0,0.0,ALLOW,零,0.0,时间/h & 0 cm & 0.5 cm & 1 cm & 1.5 cm & 2 cm \\
example.tex(问题二小节),705,0.5,0.5,ALLOW,题面: 半径网格 0.5 cm,0.0,时间/h & 0 cm & 0.5 cm & 1 cm & 1.5 cm & 2 cm \\
example.tex(问题二小节),705,1,1.0,ALLOW,题面: 半径网格 1 cm,0.0,时间/h & 0 cm & 0.5 cm & 1 cm & 1.5 cm & 2 cm \\
example.tex(问题二小节),705,1.5,1.5,ALLOW,题面: 半径网格 1.5 cm,0.0,时间/h & 0 cm & 0.5 cm & 1 cm & 1.5 cm & 2 cm \\
example.tex(问题二小节),705,2,2.0,ALLOW,题面: 半径 2 cm / 通用整数,0.0,时间/h & 0 cm & 0.5 cm & 1 cm & 1.5 cm & 2 cm \\
example.tex(问题二小节),707,0.5,0.5,ALLOW,题面: 半径网格 0.5 cm,0.0,0.5 & 32.1056 & 32.2973 & 32.8775 & 33.8671 & 35.3131 \\
example.tex(问题二小节),707,32.1056,32.1056,REGISTRY,V6_T0_a3,1.135e-05,0.5 & 32.1056 & 32.2973 & 32.8775 & 33.8671 & 35.3131 \\
example.tex(问题二小节),707,32.2973,32.2973,REGISTRY,T3_h0.5_r0.5,3.542e-05,0.5 & 32.1056 & 32.2973 & 32.8775 & 33.8671 & 35.3131 \\
example.tex(问题二小节),707,32.8775,32.8775,REGISTRY,T3_h0.5_r1,1.827e-06,0.5 & 32.1056 & 32.2973 & 32.8775 & 33.8671 & 35.3131 \\
example.tex(问题二小节),707,33.8671,33.8671,REGISTRY,T3_h0.5_r1.5,6.513e-06,0.5 & 32.1056 & 32.2973 & 32.8775 & 33.8671 & 35.3131 \\
example.tex(问题二小节),707,35.3131,35.3131,REGISTRY,T3_h0.5_r2,3.283e-06,0.5 & 32.1056 & 32.2973 & 32.8775 & 33.8671 & 35.3131 \\
example.tex(问题二小节),708,1.0,1.0,ALLOW,题面: 半径网格 1 cm,0.0,1.0 & 40.2754 & 40.4472 & 40.9536 & 41.7705 & 42.8919 \\
example.tex(问题二小节),708,40.2754,40.2754,REGISTRY,T3_h1.0_r0,4.776e-05,1.0 & 40.2754 & 40.4472 & 40.9536 & 41.7705 & 42.8919 \\
example.tex(问题二小节),708,40.4472,40.4472,REGISTRY,T3_h1.0_r0.5,1.374e-05,1.0 & 40.2754 & 40.4472 & 40.9536 & 41.7705 & 42.8919 \\
example.tex(问题二小节),708,40.9536,40.9536,REGISTRY,T3_h1.0_r1,6.013e-07,1.0 & 40.2754 & 40.4472 & 40.9536 & 41.7705 & 42.8919 \\
example.tex(问题二小节),708,41.7705,41.7705,REGISTRY,T3_h1.0_r1.5,1.037e-05,1.0 & 40.2754 & 40.4472 & 40.9536 & 41.7705 & 42.8919 \\
example.tex(问题二小节),708,42.8919,42.8919,REGISTRY,T3_h1.0_r2,3.549e-05,1.0 & 40.2754 & 40.4472 & 40.9536 & 41.7705 & 42.8919 \\
example.tex(问题二小节),709,1.5,1.5,ALLOW,题面: 半径网格 1.5 cm,0.0,1.5 & 45.7411 & 45.8293 & 46.0878 & 46.5008 & 47.0362 \\
example.tex(问题二小节),709,45.7411,45.7411,REGISTRY,T3_h1.5_r0,2.432e-06,1.5 & 45.7411 & 45.8293 & 46.0878 & 46.5008 & 47.0362 \\
example.tex(问题二小节),709,45.8293,45.8293,REGISTRY,T3_h1.5_r0.5,8.918e-06,1.5 & 45.7411 & 45.8293 & 46.0878 & 46.5008 & 47.0362 \\
example.tex(问题二小节),709,46.0878,46.0878,REGISTRY,T3_h1.5_r1,4.777e-05,1.5 & 45.7411 & 45.8293 & 46.0878 & 46.5008 & 47.0362 \\
example.tex(问题二小节),709,46.5008,46.5008,REGISTRY,T3_h1.5_r1.5,3.268e-05,1.5 & 45.7411 & 45.8293 & 46.0878 & 46.5008 & 47.0362 \\
example.tex(问题二小节),709,47.0362,47.0362,REGISTRY,T3_h1.5_r2,1.033e-05,1.5 & 45.7411 & 45.8293 & 46.0878 & 46.5008 & 47.0362 \\
example.tex(问题二小节),710,2.0,2.0,ALLOW,题面: 半径 2 cm / 通用整数,0.0,2.0 & 48.3516 & 48.3896 & 48.5006 & 48.6767 & 48.9078 \\
example.tex(问题二小节),710,48.3516,48.3516,REGISTRY,T3_h2.0_r0,1.334e-05,2.0 & 48.3516 & 48.3896 & 48.5006 & 48.6767 & 48.9078 \\
example.tex(问题二小节),710,48.3896,48.3896,REGISTRY,T3_h2.0_r0.5,3.558e-05,2.0 & 48.3516 & 48.3896 & 48.5006 & 48.6767 & 48.9078 \\
example.tex(问题二小节),710,48.5006,48.5006,REGISTRY,T3_h2.0_r1,1.163e-06,2.0 & 48.3516 & 48.3896 & 48.5006 & 48.6767 & 48.9078 \\
example.tex(问题二小节),710,48.6767,48.6767,REGISTRY,T3_h2.0_r1.5,1.315e-05,2.0 & 48.3516 & 48.3896 & 48.5006 & 48.6767 & 48.9078 \\
example.tex(问题二小节),710,48.9078,48.9078,REGISTRY,T3_h2.0_r2,4.071e-05,2.0 & 48.3516 & 48.3896 & 48.5006 & 48.6767 & 48.9078 \\
example.tex(问题二小节),711,2.5,2.5,ALLOW,结构: 2.5 h,0.0,2.5 & 49.3772 & 49.3896 & 49.4246 & 49.4765 & 49.5751 \\
example.tex(问题二小节),711,49.3772,49.3772,REGISTRY,T3_h2.5_r0,2.238e-05,2.5 & 49.3772 & 49.3896 & 49.4246 & 49.4765 & 49.5751 \\
example.tex(问题二小节),711,49.3896,49.3896,REGISTRY,T3_h2.5_r0.5,4.602e-05,2.5 & 49.3772 & 49.3896 & 49.4246 & 49.4765 & 49.5751 \\
example.tex(问题二小节),711,49.4246,49.4246,REGISTRY,T3_h2.5_r1,1.473e-05,2.5 & 49.3772 & 49.3896 & 49.4246 & 49.4765 & 49.5751 \\
example.tex(问题二小节),711,49.4765,49.4765,REGISTRY,T3_h2.5_r1.5,5.476e-06,2.5 & 49.3772 & 49.3896 & 49.4246 & 49.4765 & 49.5751 \\
example.tex(问题二小节),711,49.5751,49.5751,REGISTRY,T3_h2.5_r2,2.740e-05,2.5 & 49.3772 & 49.3896 & 49.4246 & 49.4765 & 49.5751 \\
example.tex(问题二小节),712,3.0,3.0,ALLOW,3 h,0.0,3.0 & 49.7685 & 49.7746 & 49.7945 & 49.8309 & 49.8888 \\
example.tex(问题二小节),712,49.7685,49.7685,REGISTRY,V11_Tc_nc,4.605e-06,3.0 & 49.7685 & 49.7746 & 49.7945 & 49.8309 & 49.8888 \\
example.tex(问题二小节),712,49.7746,49.7746,REGISTRY,T3_h3.0_r0.5,6.587e-06,3.0 & 49.7685 & 49.7746 & 49.7945 & 49.8309 & 49.8888 \\
example.tex(问题二小节),712,49.7945,49.7945,REGISTRY,T3_h3.0_r1,1.046e-05,3.0 & 49.7685 & 49.7746 & 49.7945 & 49.8309 & 49.8888 \\
example.tex(问题二小节),712,49.8309,49.8309,REGISTRY,T3_h3.0_r1.5,7.988e-07,3.0 & 49.7685 & 49.7746 & 49.7945 & 49.8309 & 49.8888 \\
example.tex(问题二小节),712,49.8888,49.8888,REGISTRY,DV_Tmax,0.000e+00,3.0 & 49.7685 & 49.7746 & 49.7945 & 49.8309 & 49.8888 \\
example.tex(问题二小节),717,30,30.0,ALLOW,结构,0.0,温度场的形态与问题一明显不同：问题一的径向温差在$30\mathrm{min}$内单调
example.tex(问题二小节),718,0.5,0.5,ALLOW,题面: 半径网格 0.5 cm,0.0,增大，而问题二中先增后减：$t=0.5\mathrm{h}$时为$3.2075^\circ\mathrm{C}$，
example.tex(问题二小节),718,3.2075,3.2075,REGISTRY,DV_Tspan_h0.5,0.000e+00,增大，而问题二中先增后减：$t=0.5\mathrm{h}$时为$3.2075^\circ\mathrm{C}$，
example.tex(问题二小节),719,2051,2051.0,REGISTRY,FG_spanT_max_t,0.000e+00,于$t=2051\mathrm{s}$达到峰值$\mathbf{3.2819}^\circ\mathrm{C}$，到$3\mathrm{h}$
example.tex(问题二小节),719,3.2819,3.2819,REGISTRY,FG_spanT_max,0.000e+00,于$t=2051\mathrm{s}$达到峰值$\mathbf{3.2819}^\circ\mathrm{C}$，到$3\mathrm{h}$
example.tex(问题二小节),719,3,3.0,ALLOW,3 h,0.0,于$t=2051\mathrm{s}$达到峰值$\mathbf{3.2819}^\circ\mathrm{C}$，到$3\mathrm{h}$
example.tex(问题二小节),720,0.1203,0.1203,REGISTRY,DV_Tspan_h3.0,0.000e+00,衰减至$\mathbf{0.1203}^\circ\mathrm{C}$（表~3 与图~\emph{b}、
example.tex(问题二小节),720,3,3.0,ALLOW,3 h,0.0,衰减至$\mathbf{0.1203}^\circ\mathrm{C}$（表~3 与图~\emph{b}、
example.tex(问题二小节),721,1,1.0,ALLOW,题面: 半径网格 1 cm,0.0,\emph{c}），在$1\sim3\mathrm{h}$上拟合得时间常数$\tau=1942.7\mathrm{s}$
example.tex(问题二小节),721,3,3.0,ALLOW,3 h,0.0,\emph{c}），在$1\sim3\mathrm{h}$上拟合得时间常数$\tau=1942.7\mathrm{s}$
example.tex(问题二小节),721,1942.7,1942.7,REGISTRY,FG_tau_dT,1.139e-02,\emph{c}），在$1\sim3\mathrm{h}$上拟合得时间常数$\tau=1942.7\mathrm{s}$
example.tex(问题二小节),722,0.9789,0.9789,REGISTRY,FG_tau_dT_R2,4.636e-05,（$R=0.9789$）。这正是``预热平衡阶段结束、进入恒温干燥阶段''的定量标志：热扩散
example.tex(问题二小节),723,2761.9,2761.9,REGISTRY,?,6.382e-03,特征时间$R/\alpha=2761.9\mathrm{s}$，$3\mathrm{h}$约为其特征时间的$3.9$倍，
example.tex(问题二小节),723,3,3.0,ALLOW,3 h,0.0,特征时间$R/\alpha=2761.9\mathrm{s}$，$3\mathrm{h}$约为其特征时间的$3.9$倍，
example.tex(问题二小节),723,3.9,3.9,REGISTRY,HT_T1200_r2.0,1.000e-02,特征时间$R/\alpha=2761.9\mathrm{s}$，$3\mathrm{h}$约为其特征时间的$3.9$倍，
example.tex(问题二小节),731,2.295,2.295,REGISTRY,G_Cfront,0.000e+00,为$C=2.295\mathrm{kg/kg}$等值线，圆点为前沿抵达中心时刻$t=6204\mathrm{s}$）；
example.tex(问题二小节),731,6204,6204.0,REGISTRY,FG_rfront_center_s,0.000e+00,为$C=2.295\mathrm{kg/kg}$等值线，圆点为前沿抵达中心时刻$t=6204\mathrm{s}$）；
example.tex(问题二小节),736,30,30.0,ALLOW,结构,0.0,水分场的形态同样与问题一质的不同：问题一在$30\mathrm{min}$内只有表层脱水、
example.tex(问题二小节),737,60,60.0,ALLOW,附件1 采样间隔 60 s,0.0,中心几乎不动，而问题二中表层含水率在$t=60\mathrm{s}$已由$2.55$降到
example.tex(问题二小节),737,2.55,2.55,ALLOW,题面: 初始干基含水率 2.55 kg/kg,0.0,中心几乎不动，而问题二中表层含水率在$t=60\mathrm{s}$已由$2.55$降到
example.tex(问题二小节),738,2.3270,2.327,REGISTRY,DV_Cs_60,0.000e+00,$2.3270\mathrm{kg/kg}$，脱水迅速向内部推进。取$C=0.9C=2.295\mathrm{kg/kg}$为
example.tex(问题二小节),738,0.9,0.9,ALLOW,蒸发温降占温升比例 (%),0.0,$2.3270\mathrm{kg/kg}$，脱水迅速向内部推进。取$C=0.9C=2.295\mathrm{kg/kg}$为
example.tex(问题二小节),738,2.295,2.295,REGISTRY,G_Cfront,0.000e+00,$2.3270\mathrm{kg/kg}$，脱水迅速向内部推进。取$C=0.9C=2.295\mathrm{kg/kg}$为
example.tex(问题二小节),739,80,80.0,ALLOW,定标式最大残差 J/kg,0.0,干燥前沿判别值，前沿在$t=80\mathrm{s}$出现、于$t=\mathbf{6204}\mathrm{s}$
example.tex(问题二小节),739,6204,6204.0,REGISTRY,FG_rfront_center_s,0.000e+00,干燥前沿判别值，前沿在$t=80\mathrm{s}$出现、于$t=\mathbf{6204}\mathrm{s}$
example.tex(问题二小节),740,1.72,1.72,REGISTRY,?,4.252e-04,（$1.72\mathrm{h}$）\textbf{抵达中心}，即$3\mathrm{h}$时全场已进入干燥
example.tex(问题二小节),740,3,3.0,ALLOW,3 h,0.0,（$1.72\mathrm{h}$）\textbf{抵达中心}，即$3\mathrm{h}$时全场已进入干燥
example.tex(问题二小节),741,3,3.0,ALLOW,3 h,0.0,（图~\emph{d}）。$3\mathrm{h}$时按半径加权求积的体积平均含水率为
example.tex(问题二小节),742,1.3823,1.3823,REGISTRY,FG_Cbar_10800,1.400e-05,$\mathbf{1.3823}\mathrm{kg/kg}$，累计失水$\mathbf{45.79%}$，中心与表面各降至初值的
example.tex(问题二小节),742,45.79,45.79,REGISTRY,FG_loss_10800,1.608e-03,$\mathbf{1.3823}\mathrm{kg/kg}$，累计失水$\mathbf{45.79%}$，中心与表面各降至初值的
example.tex(问题二小节),743,69.34,69.34,REGISTRY,DV_C0_pct,2.745e-03,$69.34%$与$39.52%$（表~4）；表面远未与热风平衡，$C(R)/C_\infty\approx20.25$。
example.tex(问题二小节),743,39.52,39.52,REGISTRY,DV_CR_pct,1.569e-03,$69.34%$与$39.52%$（表~4）；表面远未与热风平衡，$C(R)/C_\infty\approx20.25$。
example.tex(问题二小节),743,4,4.0,ALLOW,结构/常数,0.0,$69.34%$与$39.52%$（表~4）；表面远未与热风平衡，$C(R)/C_\infty\approx20.25$。
example.tex(问题二小节),743,20.25,20.25,REGISTRY,FG_CR_over_Cinf,8.539e-04,$69.34%$与$39.52%$（表~4）；表面远未与热风平衡，$C(R)/C_\infty\approx20.25$。
example.tex(问题二小节),744,21,21.0,ALLOW,result2 半径列数,0.0,求积与守恒两条独立路径互相印证：由表面通量收支累计的水量与由$21$个输出半径梯形求积
example.tex(问题二小节),745,7.29e-4,0.000729,REGISTRY,FG_Wbal_rel,1.662e-07,所得相对差仅$7.29e-4$，即差异来自求积精度而非模型误差。
example.tex(问题二小节),749,3,3.0,ALLOW,3 h,0.0,\caption{3 小时内药材的水分浓度（干基含水率，单位：kg/kg）}
example.tex(问题二小节),753,0,0.0,ALLOW,零,0.0,时间/h & 0 cm & 0.5 cm & 1 cm & 1.5 cm & 2 cm \\
example.tex(问题二小节),753,0.5,0.5,ALLOW,题面: 半径网格 0.5 cm,0.0,时间/h & 0 cm & 0.5 cm & 1 cm & 1.5 cm & 2 cm \\
example.tex(问题二小节),753,1,1.0,ALLOW,题面: 半径网格 1 cm,0.0,时间/h & 0 cm & 0.5 cm & 1 cm & 1.5 cm & 2 cm \\
example.tex(问题二小节),753,1.5,1.5,ALLOW,题面: 半径网格 1.5 cm,0.0,时间/h & 0 cm & 0.5 cm & 1 cm & 1.5 cm & 2 cm \\
example.tex(问题二小节),753,2,2.0,ALLOW,题面: 半径 2 cm / 通用整数,0.0,时间/h & 0 cm & 0.5 cm & 1 cm & 1.5 cm & 2 cm \\
example.tex(问题二小节),755,0.5,0.5,ALLOW,题面: 半径网格 0.5 cm,0.0,0.5 & 2.5499 & 2.5489 & 2.5257 & 2.3262 & 1.6475 \\
example.tex(问题二小节),755,2.5499,2.5499,REGISTRY,DV_C0_h0p5,0.000e+00,0.5 & 2.5499 & 2.5489 & 2.5257 & 2.3262 & 1.6475 \\
example.tex(问题二小节),755,2.5489,2.5489,REGISTRY,T4_h0.5_r0.5,8.300e-07,0.5 & 2.5499 & 2.5489 & 2.5257 & 2.3262 & 1.6475 \\
example.tex(问题二小节),755,2.5257,2.5257,REGISTRY,DV_Cm_1800,0.000e+00,0.5 & 2.5499 & 2.5489 & 2.5257 & 2.3262 & 1.6475 \\
example.tex(问题二小节),755,2.3262,2.3262,REGISTRY,T4_h0.5_r1.5,5.924e-06,0.5 & 2.5499 & 2.5489 & 2.5257 & 2.3262 & 1.6475 \\
example.tex(问题二小节),755,1.6475,1.6475,REGISTRY,DV_CR_h0p5,0.000e+00,0.5 & 2.5499 & 2.5489 & 2.5257 & 2.3262 & 1.6475 \\
example.tex(问题二小节),756,1.0,1.0,ALLOW,题面: 半径网格 1 cm,0.0,1.0 & 2.5261 & 2.4953 & 2.3587 & 2.0235 & 1.4699 \\
example.tex(问题二小节),756,2.5261,2.5261,REGISTRY,DV_Cc_3600,0.000e+00,1.0 & 2.5261 & 2.4953 & 2.3587 & 2.0235 & 1.4699 \\
example.tex(问题二小节),756,2.4953,2.4953,REGISTRY,T4_h1.0_r0.5,5.144e-06,1.0 & 2.5261 & 2.4953 & 2.3587 & 2.0235 & 1.4699 \\
example.tex(问题二小节),756,2.3587,2.3587,REGISTRY,DV_Cm_3600,0.000e+00,1.0 & 2.5261 & 2.4953 & 2.3587 & 2.0235 & 1.4699 \\
example.tex(问题二小节),756,2.0235,2.0235,REGISTRY,T4_h1.0_r1.5,3.987e-05,1.0 & 2.5261 & 2.4953 & 2.3587 & 2.0235 & 1.4699 \\
example.tex(问题二小节),756,1.4699,1.4699,REGISTRY,DV_Cs_3600,0.000e+00,1.0 & 2.5261 & 2.4953 & 2.3587 & 2.0235 & 1.4699 \\
example.tex(问题二小节),757,1.5,1.5,ALLOW,题面: 半径网格 1.5 cm,0.0,1.5 & 2.3874 & 2.3270 & 2.1356 & 1.8024 & 1.3465 \\
example.tex(问题二小节),757,2.3874,2.3874,REGISTRY,T4_h1.5_r0,2.361e-05,1.5 & 2.3874 & 2.3270 & 2.1356 & 1.8024 & 1.3465 \\
example.tex(问题二小节),757,2.3270,2.327,REGISTRY,DV_Cs_60,0.000e+00,1.5 & 2.3874 & 2.3270 & 2.1356 & 1.8024 & 1.3465 \\
example.tex(问题二小节),757,2.1356,2.1356,REGISTRY,T4_h1.5_r1,4.183e-05,1.5 & 2.3874 & 2.3270 & 2.1356 & 1.8024 & 1.3465 \\
example.tex(问题二小节),757,1.8024,1.8024,REGISTRY,T4_h1.5_r1.5,8.128e-06,1.5 & 2.3874 & 2.3270 & 2.1356 & 1.8024 & 1.3465 \\
example.tex(问题二小节),757,1.3465,1.3465,REGISTRY,T4_h1.5_r2,3.403e-05,1.5 & 2.3874 & 2.3270 & 2.1356 & 1.8024 & 1.3465 \\
example.tex(问题二小节),758,2.0,2.0,ALLOW,题面: 半径 2 cm / 通用整数,0.0,2.0 & 2.1727 & 2.1102 & 1.9249 & 1.6263 & 1.2303 \\
example.tex(问题二小节),758,2.1727,2.1727,REGISTRY,DV_Cc_7200,0.000e+00,2.0 & 2.1727 & 2.1102 & 1.9249 & 1.6263 & 1.2303 \\
example.tex(问题二小节),758,2.1102,2.1102,REGISTRY,T4_h2.0_r0.5,2.274e-05,2.0 & 2.1727 & 2.1102 & 1.9249 & 1.6263 & 1.2303 \\
example.tex(问题二小节),758,1.9249,1.9249,REGISTRY,DV_Cm_7200,0.000e+00,2.0 & 2.1727 & 2.1102 & 1.9249 & 1.6263 & 1.2303 \\
example.tex(问题二小节),758,1.6263,1.6263,REGISTRY,T4_h2.0_r1.5,4.368e-05,2.0 & 2.1727 & 2.1102 & 1.9249 & 1.6263 & 1.2303 \\
example.tex(问题二小节),758,1.2303,1.2303,REGISTRY,DV_Cs_7200,0.000e+00,2.0 & 2.1727 & 2.1102 & 1.9249 & 1.6263 & 1.2303 \\
example.tex(问题二小节),759,2.5,2.5,ALLOW,结构: 2.5 h,0.0,2.5 & 1.9586 & 1.9024 & 1.7373 & 1.4725 & 1.1161 \\
example.tex(问题二小节),759,1.9586,1.9586,REGISTRY,T4_h2.5_r0,4.429e-05,2.5 & 1.9586 & 1.9024 & 1.7373 & 1.4725 & 1.1161 \\
example.tex(问题二小节),759,1.9024,1.9024,REGISTRY,T4_h2.5_r0.5,2.250e-05,2.5 & 1.9586 & 1.9024 & 1.7373 & 1.4725 & 1.1161 \\
example.tex(问题二小节),759,1.7373,1.7373,REGISTRY,T4_h2.5_r1,1.525e-05,2.5 & 1.9586 & 1.9024 & 1.7373 & 1.4725 & 1.1161 \\
example.tex(问题二小节),759,1.4725,1.4725,REGISTRY,T4_h2.5_r1.5,2.905e-05,2.5 & 1.9586 & 1.9024 & 1.7373 & 1.4725 & 1.1161 \\
example.tex(问题二小节),759,1.1161,1.1161,REGISTRY,T4_h2.5_r2,2.142e-05,2.5 & 1.9586 & 1.9024 & 1.7373 & 1.4725 & 1.1161 \\
example.tex(问题二小节),760,3.0,3.0,ALLOW,3 h,0.0,3.0 & 1.7681 & 1.7183 & 1.5715 & 1.3338 & 1.0078 \\
example.tex(问题二小节),760,1.7681,1.7681,REGISTRY,DV_Cc_10800,0.000e+00,3.0 & 1.7681 & 1.7183 & 1.5715 & 1.3338 & 1.0078 \\
example.tex(问题二小节),760,1.7183,1.7183,REGISTRY,T4_h3.0_r0.5,4.046e-06,3.0 & 1.7681 & 1.7183 & 1.5715 & 1.3338 & 1.0078 \\
example.tex(问题二小节),760,1.5715,1.5715,REGISTRY,DV_Cm_10800,0.000e+00,3.0 & 1.7681 & 1.7183 & 1.5715 & 1.3338 & 1.0078 \\
example.tex(问题二小节),760,1.3338,1.3338,REGISTRY,T4_h3.0_r1.5,2.768e-05,3.0 & 1.7681 & 1.7183 & 1.5715 & 1.3338 & 1.0078 \\
example.tex(问题二小节),760,1.0078,1.0078,REGISTRY,DV_Cs_10800,0.000e+00,3.0 & 1.7681 & 1.7183 & 1.5715 & 1.3338 & 1.0078 \\
example.tex(问题二小节),769,7,7.0,ALLOW,结构,0.0,表~7 给出偏差预算：三项\textbf{数值}口径（时间步、网格、$r=0$ 处理）与一项
example.tex(问题二小节),769,0,0.0,ALLOW,零,0.0,表~7 给出偏差预算：三项\textbf{数值}口径（时间步、网格、$r=0$ 处理）与一项
example.tex(问题二小节),770,1e-5,1e-05,ALLOW,量级,0.0,\textbf{算法}口径（Newton 严格程度）的偏差均在$1e-5$量级及以下，低于或相当于
example.tex(问题二小节),771,5e-5,5e-05,ALLOW,四位小数的半 ulp 阈值,0.0,分辨率$5e-5$，故结果对数值设置稳健。
example.tex(问题二小节),773,8,8.0,ALLOW,结构,0.0,参数灵敏度作\textbf{完整的单因素扰动}（表~8，$M=200$、$\Delta t=0.25\mathrm{s}$）：
example.tex(问题二小节),773,200,200.0,ALLOW,网格数 M=200,0.0,参数灵敏度作\textbf{完整的单因素扰动}（表~8，$M=200$、$\Delta t=0.25\mathrm{s}$）：
example.tex(问题二小节),773,0.25,0.25,ALLOW,dt=0.25 s,0.0,参数灵敏度作\textbf{完整的单因素扰动}（表~8，$M=200$、$\Delta t=0.25\mathrm{s}$）：
example.tex(问题二小节),774,20,20.0,ALLOW,结构,0.0,$L_v$缩放$20%$只改变表面温度$0.0216\mathrm{K}$，说明其量级
example.tex(问题二小节),774,0.0216,0.0216,REGISTRY,V9_s_h12,1.955e-05,$L_v$缩放$20%$只改变表面温度$0.0216\mathrm{K}$，说明其量级
example.tex(问题二小节),776,0.1082,0.1082,REGISTRY,V8_maxdT,2.008e-05,$0.1082\mathrm{K}$（极值原理下界随之恢复）；一旦$h_m$放大$10$倍，表面含水率将由
example.tex(问题二小节),776,10,10.0,ALLOW,结构,0.0,$0.1082\mathrm{K}$（极值原理下界随之恢复）；一旦$h_m$放大$10$倍，表面含水率将由
example.tex(问题二小节),777,1.0078,1.0078,REGISTRY,DV_Cs_10800,0.000e+00,$1.0078$骤降到$0.12668\mathrm{kg/kg}$（放大$100$倍为$0.05729$），蒸发项随即主导
example.tex(问题二小节),777,0.12668,0.12668,REGISTRY,V9_s_hm10_CR,3.260e-07,$1.0078$骤降到$0.12668\mathrm{kg/kg}$（放大$100$倍为$0.05729$），蒸发项随即主导
example.tex(问题二小节),777,100,100.0,ALLOW,题面表1/2 时间点,0.0,$1.0078$骤降到$0.12668\mathrm{kg/kg}$（放大$100$倍为$0.05729$），蒸发项随即主导
example.tex(问题二小节),777,0.05729,0.05729,REGISTRY,V9_s_hm100_CR,3.307e-06,$1.0078$骤降到$0.12668\mathrm{kg/kg}$（放大$100$倍为$0.05729$），蒸发项随即主导
example.tex(问题二小节),780,1,1.0,ALLOW,题面: 半径网格 1 cm,0.0,\textbf{$h$ 与附件~1 噪声的口径}。其一，$h$ 取$\pm20%$（表~8 末两行）使表面温度最大
example.tex(问题二小节),780,20,20.0,ALLOW,结构,0.0,\textbf{$h$ 与附件~1 噪声的口径}。其一，$h$ 取$\pm20%$（表~8 末两行）使表面温度最大
example.tex(问题二小节),780,8,8.0,ALLOW,结构,0.0,\textbf{$h$ 与附件~1 噪声的口径}。其一，$h$ 取$\pm20%$（表~8 末两行）使表面温度最大
example.tex(问题二小节),781,0.8263,0.8263,REGISTRY,V9b_s_hc12,2.231e-05,变化$0.8263$/$1.1191\mathrm{K}$、表面含水率变为$1.00646$/$1.00917\mathrm{kg/kg}$
example.tex(问题二小节),781,1.1191,1.1191,REGISTRY,V9b_s_hc08,2.184e-05,变化$0.8263$/$1.1191\mathrm{K}$、表面含水率变为$1.00646$/$1.00917\mathrm{kg/kg}$
example.tex(问题二小节),781,1.00646,1.00646,REGISTRY,V9b_s_hc12_CR,4.029e-06,变化$0.8263$/$1.1191\mathrm{K}$、表面含水率变为$1.00646$/$1.00917\mathrm{kg/kg}$
example.tex(问题二小节),781,1.00917,1.00917,REGISTRY,V9b_s_hc08_CR,4.248e-06,变化$0.8263$/$1.1191\mathrm{K}$、表面含水率变为$1.00646$/$1.00917\mathrm{kg/kg}$
example.tex(问题二小节),782,1.00778,1.00778,REGISTRY,V9b_base_CR,5.614e-07,（基准$1.00778$，差$1.3e-3\mathrm{kg/kg}$），已\textbf{远超水分第$4$位小数
example.tex(问题二小节),782,1.3e-3,0.0013,ALLOW,表8 h 变体表面含水率相对基准之差 (1.00917-1.00778) 推导,0.0,（基准$1.00778$，差$1.3e-3\mathrm{kg/kg}$），已\textbf{远超水分第$4$位小数
example.tex(问题二小节),782,4,4.0,ALLOW,结构/常数,0.0,（基准$1.00778$，差$1.3e-3\mathrm{kg/kg}$），已\textbf{远超水分第$4$位小数
example.tex(问题二小节),783,1,1.0,ALLOW,题面: 半径网格 1 cm,0.0,的分辨率}，故$h$与$h_m$并列为首位的口径敏感因素。其二，附件~1 的$T_\infty$含逐点脉动
example.tex(问题二小节),784,0.1208,0.1208,REGISTRY,SM_noise_T_rms,2.474e-05,（高频分量 rms $0.1208^\circ\mathrm{C}$、极值$0.2784^\circ\mathrm{C}$），本文
example.tex(问题二小节),784,0.2784,0.2784,REGISTRY,SM_noise_T_max,1.259e-05,（高频分量 rms $0.1208^\circ\mathrm{C}$、极值$0.2784^\circ\mathrm{C}$），本文
example.tex(问题二小节),786,11,11.0,ALLOW,结构,0.0,Savitzky--Golay 平滑（$11$点窗、$3$阶）后，问题二全程温度差$3.94e-2\mathrm{K}$、
example.tex(问题二小节),786,3,3.0,ALLOW,3 h,0.0,Savitzky--Golay 平滑（$11$点窗、$3$阶）后，问题二全程温度差$3.94e-2\mathrm{K}$、
example.tex(问题二小节),786,3.94e-2,0.0394,REGISTRY,SM_q2_dT_10800,1.696e-06,Savitzky--Golay 平滑（$11$点窗、$3$阶）后，问题二全程温度差$3.94e-2\mathrm{K}$、
example.tex(问题二小节),787,9.21e-5,9.21e-05,REGISTRY,SM_q2_dC_10800,1.217e-08,水分差$9.21e-5\mathrm{kg/kg}$（问题一$1800\mathrm{s}$时
example.tex(问题二小节),787,1800,1800.0,ALLOW,题面表1/2 时间点 / 阶段时长,0.0,水分差$9.21e-5\mathrm{kg/kg}$（问题一$1800\mathrm{s}$时
example.tex(问题二小节),788,8.29e-3,0.00829,REGISTRY,SM_q1_dT_1800,3.385e-06,$8.29e-3$、$1.97e-6\mathrm{kg/kg}$），温度差异属\textbf{输入数据
example.tex(问题二小节),788,1.97e-6,1.97e-06,REGISTRY,SM_q1_dC_1800,1.459e-09,$8.29e-3$、$1.97e-6\mathrm{kg/kg}$），温度差异属\textbf{输入数据
example.tex(问题二小节),789,4,4.0,ALLOW,结构/常数,0.0,的不确定度}，水分差异与``第$4$位为分辨率边界''同量级，一并计入该口径。
example.tex(问题二小节),795,7,7.0,ALLOW,结构,0.0,\textbf{表~7  偏差预算：模型变体与离散口径对结果的最大影响}\\[3pt]
example.tex(问题二小节),795,3,3.0,ALLOW,3 h,0.0,\textbf{表~7  偏差预算：模型变体与离散口径对结果的最大影响}\\[3pt]
example.tex(问题二小节),800,2,2.0,ALLOW,题面: 半径 2 cm / 通用整数,0.0,时间步加密 $\Delta t/2$（$M=1600$） & $1.3808e-5$ & $2.9839e-5$ \\
example.tex(问题二小节),800,1600,1600.0,ALLOW,网格数 M=1600,0.0,时间步加密 $\Delta t/2$（$M=1600$） & $1.3808e-5$ & $2.9839e-5$ \\
example.tex(问题二小节),800,1.3808e-5,1.3808e-05,REGISTRY,P01,3.100e-10,时间步加密 $\Delta t/2$（$M=1600$） & $1.3808e-5$ & $2.9839e-5$ \\
example.tex(问题二小节),800,2.9839e-5,2.9839e-05,REGISTRY,P02,2.804e-10,时间步加密 $\Delta t/2$（$M=1600$） & $1.3808e-5$ & $2.9839e-5$ \\
example.tex(问题二小节),801,2,2.0,ALLOW,题面: 半径 2 cm / 通用整数,0.0,网格加密 $Mx2$（$\Delta t=1/64\mathrm{s}$） & $1.3824e-6$ & $3.8467e-5$ \\
example.tex(问题二小节),801,1,1.0,ALLOW,题面: 半径网格 1 cm,0.0,网格加密 $Mx2$（$\Delta t=1/64\mathrm{s}$） & $1.3824e-6$ & $3.8467e-5$ \\
example.tex(问题二小节),801,64,64.0,ALLOW,1/64 s 的时间步分母,0.0,网格加密 $Mx2$（$\Delta t=1/64\mathrm{s}$） & $1.3824e-6$ & $3.8467e-5$ \\
example.tex(问题二小节),801,1.3824e-6,1.3824e-06,REGISTRY,P03,8.753e-12,网格加密 $Mx2$（$\Delta t=1/64\mathrm{s}$） & $1.3824e-6$ & $3.8467e-5$ \\
example.tex(问题二小节),801,3.8467e-5,3.8467e-05,REGISTRY,UC_win_t1_60s_dC,0.000e+00,网格加密 $Mx2$（$\Delta t=1/64\mathrm{s}$） & $1.3824e-6$ & $3.8467e-5$ \\
example.tex(问题二小节),802,0,0.0,ALLOW,零,0.0,$r=0$ 集中质量 vs 精确半控制体 & $7.0274e-6$ & $2.0054e-6$ \\
example.tex(问题二小节),802,7.0274e-6,7.0274e-06,REGISTRY,CN_prod_dT,3.228e-12,$r=0$ 集中质量 vs 精确半控制体 & $7.0274e-6$ & $2.0054e-6$ \\
example.tex(问题二小节),802,2.0054e-6,2.0054e-06,REGISTRY,CN_prod_dC,2.713e-11,$r=0$ 集中质量 vs 精确半控制体 & $7.0274e-6$ & $2.0054e-6$ \\
example.tex(问题二小节),803,1.0072e-5,1.0072e-05,REGISTRY,V7_T,3.715e-10,严格 Newton vs 准 Newton（Picard） & $1.0072e-5$ & $3.3618e-6$ \\
example.tex(问题二小节),803,3.3618e-6,3.3618e-06,REGISTRY,V7_C,4.777e-11,严格 Newton vs 准 Newton（Picard） & $1.0072e-5$ & $3.3618e-6$ \\
example.tex(问题二小节),804,2,2.0,ALLOW,题面: 半径 2 cm / 通用整数,0.0,附录~2 物性（口径对照，非数值误差） & $1.3914$ & $0.1373$ \\
example.tex(问题二小节),804,1.3914,1.3914,REGISTRY,V6_maxdT,2.165e-05,附录~2 物性（口径对照，非数值误差） & $1.3914$ & $0.1373$ \\
example.tex(问题二小节),804,0.1373,0.1373,REGISTRY,V6_maxdC,2.517e-05,附录~2 物性（口径对照，非数值误差） & $1.3914$ & $0.1373$ \\
example.tex(问题二小节),806,5e-5,5e-05,ALLOW,四位小数的半 ulp 阈值,0.0,四位小数分辨率（半 ulp） & $5e-5$ & $5e-5$ \\
example.tex(问题二小节),806,5e-5,5e-05,ALLOW,四位小数的半 ulp 阈值,0.0,四位小数分辨率（半 ulp） & $5e-5$ & $5e-5$ \\
example.tex(问题二小节),816,8,8.0,ALLOW,结构,0.0,\textbf{表~8  参数单因素灵敏度（$M=200$，$\Delta t=0.25\mathrm{s}$，
example.tex(问题二小节),816,200,200.0,ALLOW,网格数 M=200,0.0,\textbf{表~8  参数单因素灵敏度（$M=200$，$\Delta t=0.25\mathrm{s}$，
example.tex(问题二小节),816,0.25,0.25,ALLOW,dt=0.25 s,0.0,\textbf{表~8  参数单因素灵敏度（$M=200$，$\Delta t=0.25\mathrm{s}$，
example.tex(问题二小节),817,10800,10800.0,ALLOW,题面表3/4 时间点 3 h,0.0,"基准：$T(R,10800\mathrm{s})=49.8888^\circ\mathrm{C}$、"
example.tex(问题二小节),817,49.8888,49.8888,REGISTRY,DV_Tmax,0.000e+00,"基准：$T(R,10800\mathrm{s})=49.8888^\circ\mathrm{C}$、"
example.tex(问题二小节),818,10800,10800.0,ALLOW,题面表3/4 时间点 3 h,0.0,"$C(R,10800\mathrm{s})=1.00778\mathrm{kg/kg}$）}\\[3pt]"
example.tex(问题二小节),818,1.00778,1.00778,REGISTRY,V9b_base_CR,5.614e-07,"$C(R,10800\mathrm{s})=1.00778\mathrm{kg/kg}$）}\\[3pt]"
example.tex(问题二小节),818,3,3.0,ALLOW,3 h,0.0,"$C(R,10800\mathrm{s})=1.00778\mathrm{kg/kg}$）}\\[3pt]"
example.tex(问题二小节),823,1.2,1.2,REGISTRY,?,0.000e+00,$L_vx1.2$ & $49.8732$ & $0.0216$ & $1.00771$ \\
example.tex(问题二小节),823,49.8732,49.8732,REGISTRY,V9_s_h12_TR,9.723e-06,$L_vx1.2$ & $49.8732$ & $0.0216$ & $1.00771$ \\
example.tex(问题二小节),823,0.0216,0.0216,REGISTRY,V9_s_h12,1.955e-05,$L_vx1.2$ & $49.8732$ & $0.0216$ & $1.00771$ \\
example.tex(问题二小节),823,1.00771,1.00771,REGISTRY,V9_s_h12_CR,2.482e-06,$L_vx1.2$ & $49.8732$ & $0.0216$ & $1.00771$ \\
example.tex(问题二小节),824,0.8,0.8,REGISTRY,?,2.657e-03,$L_vx0.8$ & $49.9043$ & $0.0216$ & $1.00785$ \\
example.tex(问题二小节),824,49.9043,49.9043,REGISTRY,V9_s_h08_TR,4.264e-05,$L_vx0.8$ & $49.9043$ & $0.0216$ & $1.00785$ \\
example.tex(问题二小节),824,0.0216,0.0216,REGISTRY,V9_s_h12,1.955e-05,$L_vx0.8$ & $49.9043$ & $0.0216$ & $1.00785$ \\
example.tex(问题二小节),824,1.00785,1.00785,REGISTRY,V9_s_h08_CR,1.413e-06,$L_vx0.8$ & $49.9043$ & $0.0216$ & $1.00785$ \\
example.tex(问题二小节),825,0,0.0,ALLOW,零,0.0,$L_v=0$（无相变） & $49.9666$ & $0.1082$ & $1.00812$ \\
example.tex(问题二小节),825,49.9666,49.9666,REGISTRY,V9_s_hoff_TR,3.558e-05,$L_v=0$（无相变） & $49.9666$ & $0.1082$ & $1.00812$ \\
example.tex(问题二小节),825,0.1082,0.1082,REGISTRY,V8_maxdT,2.008e-05,$L_v=0$（无相变） & $49.9666$ & $0.1082$ & $1.00812$ \\
example.tex(问题二小节),825,1.00812,1.00812,REGISTRY,V9_s_hoff_CR,1.488e-07,$L_v=0$（无相变） & $49.9666$ & $0.1082$ & $1.00812$ \\
example.tex(问题二小节),826,10,10.0,ALLOW,结构,0.0,$h_mx10$ & $49.9528$ & $0.4575$ & $\mathbf{0.12668}$ \\
example.tex(问题二小节),826,49.9528,49.9528,REGISTRY,V9_s_hm10_TR,1.736e-06,$h_mx10$ & $49.9528$ & $0.4575$ & $\mathbf{0.12668}$ \\
example.tex(问题二小节),826,0.4575,0.4575,REGISTRY,V9_s_hm10,1.236e-05,$h_mx10$ & $49.9528$ & $0.4575$ & $\mathbf{0.12668}$ \\
example.tex(问题二小节),826,0.12668,0.12668,REGISTRY,V9_s_hm10_CR,3.260e-07,$h_mx10$ & $49.9528$ & $0.4575$ & $\mathbf{0.12668}$ \\
example.tex(问题二小节),827,100,100.0,ALLOW,题面表1/2 时间点,0.0,$h_mx100$ & $49.9555$ & $0.4986$ & $\mathbf{0.05729}$ \\
example.tex(问题二小节),827,49.9555,49.9555,REGISTRY,V9_s_hm100_TR,1.509e-05,$h_mx100$ & $49.9555$ & $0.4986$ & $\mathbf{0.05729}$ \\
example.tex(问题二小节),827,0.4986,0.4986,REGISTRY,V9_s_hm100,1.052e-05,$h_mx100$ & $49.9555$ & $0.4986$ & $\mathbf{0.05729}$ \\
example.tex(问题二小节),827,0.05729,0.05729,REGISTRY,V9_s_hm100_CR,3.307e-06,$h_mx100$ & $49.9555$ & $0.4986$ & $\mathbf{0.05729}$ \\
example.tex(问题二小节),828,1.2,1.2,REGISTRY,?,0.000e+00,$hx1.2$（$30$） & $49.9491$ & $0.8263$ & $1.00646$ \\
example.tex(问题二小节),828,30,30.0,ALLOW,结构,0.0,$hx1.2$（$30$） & $49.9491$ & $0.8263$ & $1.00646$ \\
example.tex(问题二小节),828,49.9491,49.9491,REGISTRY,V9b_s_hc12_TR,1.816e-06,$hx1.2$（$30$） & $49.9491$ & $0.8263$ & $1.00646$ \\
example.tex(问题二小节),828,0.8263,0.8263,REGISTRY,V9b_s_hc12,2.231e-05,$hx1.2$（$30$） & $49.9491$ & $0.8263$ & $1.00646$ \\
example.tex(问题二小节),828,1.00646,1.00646,REGISTRY,V9b_s_hc12_CR,4.029e-06,$hx1.2$（$30$） & $49.9491$ & $0.8263$ & $1.00646$ \\
example.tex(问题二小节),829,0.8,0.8,REGISTRY,?,2.657e-03,$hx0.8$（$20$） & $49.7667$ & $1.1191$ & $1.00917$ \\
example.tex(问题二小节),829,20,20.0,ALLOW,结构,0.0,$hx0.8$（$20$） & $49.7667$ & $1.1191$ & $1.00917$ \\
example.tex(问题二小节),829,49.7667,49.7667,REGISTRY,V9b_s_hc08_TR,9.972e-07,$hx0.8$（$20$） & $49.7667$ & $1.1191$ & $1.00917$ \\
example.tex(问题二小节),829,1.1191,1.1191,REGISTRY,V9b_s_hc08,2.184e-05,$hx0.8$（$20$） & $49.7667$ & $1.1191$ & $1.00917$ \\
example.tex(问题二小节),829,1.00917,1.00917,REGISTRY,V9b_s_hc08_CR,4.248e-06,$hx0.8$（$20$） & $49.7667$ & $1.1191$ & $1.00917$ \\
example.tex(问题四小节),1118,0,0.0,ALLOW,零,0.0,"问题四的解域 $[0,R(t)]$ 随水分流失收缩，$6\mathrm{h}$ 内即缩短三成。固定网格会让"
example.tex(问题四小节),1118,6,6.0,ALLOW,结构: 表格行数,0.0,"问题四的解域 $[0,R(t)]$ 随水分流失收缩，$6\mathrm{h}$ 内即缩短三成。固定网格会让"
example.tex(问题四小节),1127,0,0.0,ALLOW,零,0.0,"$\xi$，求解域恒为 $[0,1]$，网格不动。}"
example.tex(问题四小节),1127,1,1.0,ALLOW,题面: 半径网格 1 cm,0.0,"$\xi$，求解域恒为 $[0,1]$，网格不动。}"
example.tex(问题四小节),1133,2,2.0,ALLOW,题面: 半径 2 cm / 通用整数,0.0,附件~2 只给出\textbf{表面}半径，内部位移场未知。本文采用\textbf{均匀收缩}模式：
example.tex(问题四小节),1141,-2,-2.0,REGISTRY,V7_dtdT,1.765e-01,原因是体积压缩带来的 $-2C\dot R/R$ 与物理坐标对流项变换后的 $+2C\dot R/R$ 精确相消，
example.tex(问题四小节),1141,2,2.0,ALLOW,题面: 半径 2 cm / 通用整数,0.0,原因是体积压缩带来的 $-2C\dot R/R$ 与物理坐标对流项变换后的 $+2C\dot R/R$ 精确相消，
example.tex(问题四小节),1142,1,1.0,ALLOW,题面: 半径网格 1 cm,0.0,收缩的全部效应归结为算子前的几何因子 $1/R(t)$。表面条件为
example.tex(问题四小节),1145,1,1.0,ALLOW,题面: 半径网格 1 cm,0.0,"=h[T(1,t)-T_\infty]+L_vh_m[C(1,t)-C_\infty]$$"
example.tex(问题四小节),1145,1,1.0,ALLOW,题面: 半径网格 1 cm,0.0,"=h[T(1,t)-T_\infty]+L_vh_m[C(1,t)-C_\infty]$$"
example.tex(问题四小节),1148,1,1.0,ALLOW,题面: 半径网格 1 cm,0.0,"=h_m[C(1,t)-C_\infty]$$"
example.tex(问题四小节),1150,1,1.0,ALLOW,题面: 半径网格 1 cm,0.0,\noindent 其中左端的 $1/R$ 表明：收缩使同样的物质梯度产生更大的表面通量。物性改用
example.tex(问题四小节),1151,4,4.0,ALLOW,结构/常数,0.0,附录~4，环境条件与问题三相同。这一“无对流露项”的结论并非只靠推导：它由一套独立的
example.tex(问题四小节),1157,2,2.0,ALLOW,题面: 半径 2 cm / 通用整数,0.0,\caption{收缩数据与几何效应。(a) 附件~2 的半径序列呈两段式：前 $6\mathrm{h}$
example.tex(问题四小节),1157,6,6.0,ALLOW,结构: 表格行数,0.0,\caption{收缩数据与几何效应。(a) 附件~2 的半径序列呈两段式：前 $6\mathrm{h}$
example.tex(问题四小节),1158,78,78.0,REGISTRY,?,5.486e-04,完成全部收缩量的 $78%$，此后趋于饱和，全程严格单调；(b) 物质坐标下收缩的
example.tex(问题四小节),1159,1,1.0,ALLOW,题面: 半径网格 1 cm,0.0,全部效应归结为几何因子 $(R/R)$，它由 $1$ 升到 $2.79$，即内部再分布
example.tex(问题四小节),1159,2.79,2.79,REGISTRY,?,2.940e-03,全部效应归结为几何因子 $(R/R)$，它由 $1$ 升到 $2.79$，即内部再分布
example.tex(问题四小节),1167,4,4.0,ALLOW,结构/常数,0.0,推进，以全场最大值穿越阈值的\textbf{终止事件}自动定位烘干时间。物性换用附录~4，
example.tex(问题四小节),1168,200,200.0,ALLOW,网格数 M=200,0.0,并在每个 RHS 分量与表面通量项中引入 $R(t)$。生产配置取网格数 $200$、
example.tex(问题四小节),1169,1e-9,1e-09,ALLOW,数值容差,0.0,相对容限 $1e-9$、步长上界 $3600\mathrm{s}$、解析稀疏 Jacobian。
example.tex(问题四小节),1169,3600,3600.0,ALLOW,题面表3/4 时间点 1 h,0.0,相对容限 $1e-9$、步长上界 $3600\mathrm{s}$、解析稀疏 Jacobian。
example.tex(问题四小节),1171,183906.7,183906.7,REGISTRY,?,8.110e-03,$${ t_{\mathrm{dry}}=183906.7\mathrm{s}=51.085\mathrm{h}\approx2.13 \text{天} }$$
example.tex(问题四小节),1171,51.085,51.085,REGISTRY,?,1.980e-04,$${ t_{\mathrm{dry}}=183906.7\mathrm{s}=51.085\mathrm{h}\approx2.13 \text{天} }$$
example.tex(问题四小节),1171,2.13,2.13,REGISTRY,?,1.450e-03,$${ t_{\mathrm{dry}}=183906.7\mathrm{s}=51.085\mathrm{h}\approx2.13 \text{天} }$$
example.tex(问题四小节),1178,2,2.0,ALLOW,题面: 半径 2 cm / 通用整数,0.0,在末 $2\mathrm{h}$ 无回升，说明单根；(c) 物理坐标下的水分场，白色区域是已收缩
example.tex(问题四小节),1179,36,36.0,REGISTRY,P07_cross_r1.5,1.449e-01,出域的部分，可见表面积在 $36\mathrm{h}$ 后基本冻结在 $1.20\mathrm{cm}$；
example.tex(问题四小节),1179,1.20,1.2,REGISTRY,?,0.000e+00,出域的部分，可见表面积在 $36\mathrm{h}$ 后基本冻结在 $1.20\mathrm{cm}$；
example.tex(问题四小节),1184,6,6.0,ALLOW,结构: 表格行数,0.0,表~6 按题面模板给出每隔 $6\mathrm{h}$ 的水分浓度。末行为
example.tex(问题四小节),1184,6,6.0,ALLOW,结构: 表格行数,0.0,表~6 按题面模板给出每隔 $6\mathrm{h}$ 的水分浓度。末行为
example.tex(问题四小节),1185,51.0852,51.0852,REGISTRY,?,1.992e-06,$t_{\mathrm{dry}}=51.0852\mathrm{h}$ 本身，不是 $6\mathrm{h}$ 的整数倍。
example.tex(问题四小节),1185,6,6.0,ALLOW,结构: 表格行数,0.0,$t_{\mathrm{dry}}=51.0852\mathrm{h}$ 本身，不是 $6\mathrm{h}$ 的整数倍。
example.tex(问题四小节),1186,1.5,1.5,ALLOW,题面: 半径网格 1.5 cm,0.0,$r=1.5\mathrm{cm}$ 处约在 $3.64\mathrm{h}$ 就已被收缩越过，故自 $6\mathrm{h}$
example.tex(问题四小节),1186,3.64,3.64,REGISTRY,?,1.421e-03,$r=1.5\mathrm{cm}$ 处约在 $3.64\mathrm{h}$ 就已被收缩越过，故自 $6\mathrm{h}$
example.tex(问题四小节),1186,6,6.0,ALLOW,结构: 表格行数,0.0,$r=1.5\mathrm{cm}$ 处约在 $3.64\mathrm{h}$ 就已被收缩越过，故自 $6\mathrm{h}$
example.tex(问题四小节),1188,2.0,2.0,ALLOW,题面: 半径 2 cm / 通用整数,0.0,而 $R(t)$ 本身随时间变化，并非固定的 $2.0\mathrm{cm}$。
example.tex(问题四小节),1194,6,6.0,ALLOW,结构: 表格行数,0.0,\textbf{表~6  药材烘干过程的水分浓度（$\mathrm{kg/kg}$）}\\[3pt]
example.tex(问题四小节),1194,3,3.0,ALLOW,3 h,0.0,\textbf{表~6  药材烘干过程的水分浓度（$\mathrm{kg/kg}$）}\\[3pt]
example.tex(问题四小节),1197,0,0.0,ALLOW,零,0.0,时间 $/\mathrm{h}$ & $0\mathrm{cm}$ & $0.5\mathrm{cm}$ & $1.0\mathrm{cm}$
example.tex(问题四小节),1197,0.5,0.5,ALLOW,题面: 半径网格 0.5 cm,0.0,时间 $/\mathrm{h}$ & $0\mathrm{cm}$ & $0.5\mathrm{cm}$ & $1.0\mathrm{cm}$
example.tex(问题四小节),1197,1.0,1.0,ALLOW,题面: 半径网格 1 cm,0.0,时间 $/\mathrm{h}$ & $0\mathrm{cm}$ & $0.5\mathrm{cm}$ & $1.0\mathrm{cm}$
example.tex(问题四小节),1198,1.5,1.5,ALLOW,题面: 半径网格 1.5 cm,0.0,& $1.5\mathrm{cm}$ & 药材表面 \\
example.tex(问题四小节),1200,6,6.0,ALLOW,结构: 表格行数,0.0,$6$      & $1.7204$ & $1.5384$ & $1.0229$ & — & $0.4206$ \\
example.tex(问题四小节),1200,1.7204,1.7204,REGISTRY,?,2.520e-05,$6$      & $1.7204$ & $1.5384$ & $1.0229$ & — & $0.4206$ \\
example.tex(问题四小节),1200,1.5384,1.5384,REGISTRY,?,1.803e-06,$6$      & $1.7204$ & $1.5384$ & $1.0229$ & — & $0.4206$ \\
example.tex(问题四小节),1200,1.0229,1.0229,REGISTRY,?,1.698e-05,$6$      & $1.7204$ & $1.5384$ & $1.0229$ & — & $0.4206$ \\
example.tex(问题四小节),1200,0.4206,0.4206,REGISTRY,?,3.441e-05,$6$      & $1.7204$ & $1.5384$ & $1.0229$ & — & $0.4206$ \\
example.tex(问题四小节),1201,12,12.0,ALLOW,网格数 M=12 (Jacobian 校核),0.0,$12$     & $0.7381$ & $0.6550$ & $0.4085$ & — & $0.1670$ \\
example.tex(问题四小节),1201,0.7381,0.7381,REGISTRY,?,1.595e-05,$12$     & $0.7381$ & $0.6550$ & $0.4085$ & — & $0.1670$ \\
example.tex(问题四小节),1201,0.6550,0.655,REGISTRY,?,3.521e-05,$12$     & $0.7381$ & $0.6550$ & $0.4085$ & — & $0.1670$ \\
example.tex(问题四小节),1201,0.4085,0.4085,REGISTRY,?,3.754e-06,$12$     & $0.7381$ & $0.6550$ & $0.4085$ & — & $0.1670$ \\
example.tex(问题四小节),1201,0.1670,0.167,REGISTRY,?,2.419e-05,$12$     & $0.7381$ & $0.6550$ & $0.4085$ & — & $0.1670$ \\
example.tex(问题四小节),1202,18,18.0,ALLOW,结构,0.0,$18$     & $0.4089$ & $0.3688$ & $0.2398$ & — & $0.0892$ \\
example.tex(问题四小节),1202,0.4089,0.4089,REGISTRY,?,1.113e-05,$18$     & $0.4089$ & $0.3688$ & $0.2398$ & — & $0.0892$ \\
example.tex(问题四小节),1202,0.3688,0.3688,REGISTRY,?,1.846e-05,$18$     & $0.4089$ & $0.3688$ & $0.2398$ & — & $0.0892$ \\
example.tex(问题四小节),1202,0.2398,0.2398,REGISTRY,?,2.003e-07,$18$     & $0.4089$ & $0.3688$ & $0.2398$ & — & $0.0892$ \\
example.tex(问题四小节),1202,0.0892,0.0892,REGISTRY,?,2.744e-05,$18$     & $0.4089$ & $0.3688$ & $0.2398$ & — & $0.0892$ \\
example.tex(问题四小节),1203,24,24.0,ALLOW,结构,0.0,$24$     & $0.2852$ & $0.2611$ & $0.1790$ & — & $0.0674$ \\
example.tex(问题四小节),1203,0.2852,0.2852,REGISTRY,?,1.547e-05,$24$     & $0.2852$ & $0.2611$ & $0.1790$ & — & $0.0674$ \\
example.tex(问题四小节),1203,0.2611,0.2611,REGISTRY,?,1.019e-05,$24$     & $0.2852$ & $0.2611$ & $0.1790$ & — & $0.0674$ \\
example.tex(问题四小节),1203,0.1790,0.179,REGISTRY,?,1.583e-05,$24$     & $0.2852$ & $0.2611$ & $0.1790$ & — & $0.0674$ \\
example.tex(问题四小节),1203,0.0674,0.0674,REGISTRY,?,4.423e-05,$24$     & $0.2852$ & $0.2611$ & $0.1790$ & — & $0.0674$ \\
example.tex(问题四小节),1204,30,30.0,ALLOW,结构,0.0,$30$     & $0.2264$ & $0.2094$ & $0.1492$ & — & $0.0595$ \\
example.tex(问题四小节),1204,0.2264,0.2264,REGISTRY,?,4.964e-05,$30$     & $0.2264$ & $0.2094$ & $0.1492$ & — & $0.0595$ \\
example.tex(问题四小节),1204,0.2094,0.2094,REGISTRY,?,1.585e-06,$30$     & $0.2264$ & $0.2094$ & $0.1492$ & — & $0.0595$ \\
example.tex(问题四小节),1204,0.1492,0.1492,REGISTRY,?,2.993e-05,$30$     & $0.2264$ & $0.2094$ & $0.1492$ & — & $0.0595$ \\
example.tex(问题四小节),1204,0.0595,0.0595,REGISTRY,?,2.500e-06,$30$     & $0.2264$ & $0.2094$ & $0.1492$ & — & $0.0595$ \\
example.tex(问题四小节),1205,36,36.0,REGISTRY,P07_cross_r1.5,1.449e-01,$36$     & $0.1928$ & $0.1797$ & $0.1316$ & — & $0.0560$ \\
example.tex(问题四小节),1205,0.1928,0.1928,REGISTRY,?,2.292e-05,$36$     & $0.1928$ & $0.1797$ & $0.1316$ & — & $0.0560$ \\
example.tex(问题四小节),1205,0.1797,0.1797,REGISTRY,?,4.770e-05,$36$     & $0.1928$ & $0.1797$ & $0.1316$ & — & $0.0560$ \\
example.tex(问题四小节),1205,0.1316,0.1316,REGISTRY,?,1.660e-05,$36$     & $0.1928$ & $0.1797$ & $0.1316$ & — & $0.0560$ \\
example.tex(问题四小节),1205,0.0560,0.056,REGISTRY,?,3.434e-05,$36$     & $0.1928$ & $0.1797$ & $0.1316$ & — & $0.0560$ \\
example.tex(问题四小节),1206,42,42.0,REGISTRY,T3_h1.0_r1.5,2.295e-01,$42$     & $0.1712$ & $0.1604$ & $0.1199$ & — & $0.0541$ \\
example.tex(问题四小节),1206,0.1712,0.1712,REGISTRY,?,3.255e-05,$42$     & $0.1712$ & $0.1604$ & $0.1199$ & — & $0.0541$ \\
example.tex(问题四小节),1206,0.1604,0.1604,REGISTRY,?,3.852e-05,$42$     & $0.1712$ & $0.1604$ & $0.1199$ & — & $0.0541$ \\
example.tex(问题四小节),1206,0.1199,0.1199,REGISTRY,?,3.479e-05,$42$     & $0.1712$ & $0.1604$ & $0.1199$ & — & $0.0541$ \\
example.tex(问题四小节),1206,0.0541,0.0541,REGISTRY,?,5.484e-06,$42$     & $0.1712$ & $0.1604$ & $0.1199$ & — & $0.0541$ \\
example.tex(问题四小节),1207,48,48.0,REGISTRY,FG_alpha_gain,2.213e-01,$48$     & $0.1561$ & $0.1468$ & $0.1115$ & — & $0.0530$ \\
example.tex(问题四小节),1207,0.1561,0.1561,REGISTRY,?,3.824e-05,$48$     & $0.1561$ & $0.1468$ & $0.1115$ & — & $0.0530$ \\
example.tex(问题四小节),1207,0.1468,0.1468,REGISTRY,?,6.857e-06,$48$     & $0.1561$ & $0.1468$ & $0.1115$ & — & $0.0530$ \\
example.tex(问题四小节),1207,0.1115,0.1115,REGISTRY,?,2.365e-05,$48$     & $0.1561$ & $0.1468$ & $0.1115$ & — & $0.0530$ \\
example.tex(问题四小节),1207,0.0530,0.053,REGISTRY,?,1.279e-05,$48$     & $0.1561$ & $0.1468$ & $0.1115$ & — & $0.0530$ \\
example.tex(问题四小节),1208,51.0852,51.0852,REGISTRY,?,1.992e-06,$51.0852$ & $\mathbf{0.1500}$ & $0.1413$ & $0.1080$ & — & $0.0526$ \\
example.tex(问题四小节),1208,0.1500,0.15,ALLOW,题面问题3: 含水率目标 0.15 kg/kg,0.0,$51.0852$ & $\mathbf{0.1500}$ & $0.1413$ & $0.1080$ & — & $0.0526$ \\
example.tex(问题四小节),1208,0.1413,0.1413,REGISTRY,?,4.224e-05,$51.0852$ & $\mathbf{0.1500}$ & $0.1413$ & $0.1080$ & — & $0.0526$ \\
example.tex(问题四小节),1208,0.1080,0.108,REGISTRY,?,4.185e-05,$51.0852$ & $\mathbf{0.1500}$ & $0.1413$ & $0.1080$ & — & $0.0526$ \\
example.tex(问题四小节),1208,0.0526,0.0526,REGISTRY,?,1.900e-05,$51.0852$ & $\mathbf{0.1500}$ & $0.1413$ & $0.1080$ & — & $0.0526$ \\
example.tex(问题四小节),1215,1.0,1.0,ALLOW,题面: 半径网格 1 cm,0.0,\noindent 各半径的达标次序为：$r=1.0\mathrm{cm}$ 于 $29.79\mathrm{h}$、
example.tex(问题四小节),1215,29.79,29.79,REGISTRY,?,3.495e-04,\noindent 各半径的达标次序为：$r=1.0\mathrm{cm}$ 于 $29.79\mathrm{h}$、
example.tex(问题四小节),1216,0.5,0.5,ALLOW,题面: 半径网格 0.5 cm,0.0,$r=0.5\mathrm{cm}$ 于 $46.40\mathrm{h}$、轴心于 $t_{\mathrm{dry}}$，
example.tex(问题四小节),1216,46.40,46.4,REGISTRY,?,2.586e-03,$r=0.5\mathrm{cm}$ 于 $46.40\mathrm{h}$、轴心于 $t_{\mathrm{dry}}$，
example.tex(问题四小节),1217,3,3.0,ALLOW,3 h,0.0,\textbf{由表及里依次达标}，轴心最后，与问题三机理一致。结果文件按附件~3 模板写出
example.tex(问题四小节),1218,4,4.0,ALLOW,结构/常数,0.0,"\texttt{result4.xlsx}：A 列为 $60,120,\dots,183900\mathrm{s}$，共 $3065$ 行，"
example.tex(问题四小节),1218,60,60.0,ALLOW,附件1 采样间隔 60 s,0.0,"\texttt{result4.xlsx}：A 列为 $60,120,\dots,183900\mathrm{s}$，共 $3065$ 行，"
example.tex(问题四小节),1218,120,120.0,ALLOW,结构,0.0,"\texttt{result4.xlsx}：A 列为 $60,120,\dots,183900\mathrm{s}$，共 $3065$ 行，"
example.tex(问题四小节),1218,183900,183900.0,REGISTRY,?,0.000e+00,"\texttt{result4.xlsx}：A 列为 $60,120,\dots,183900\mathrm{s}$，共 $3065$ 行，"
example.tex(问题四小节),1218,3065,3065.0,REGISTRY,?,0.000e+00,"\texttt{result4.xlsx}：A 列为 $60,120,\dots,183900\mathrm{s}$，共 $3065$ 行，"
example.tex(问题四小节),1219,0,0.0,ALLOW,零,0.0,"横向为 $0,0.1,\dots,2.0\mathrm{cm}$ 共 $21$ 列，另加一列“药材表面”，超出 $R(t)$"
example.tex(问题四小节),1219,0.1,0.1,ALLOW,题面: 半径步长 0.1 cm,0.0,"横向为 $0,0.1,\dots,2.0\mathrm{cm}$ 共 $21$ 列，另加一列“药材表面”，超出 $R(t)$"
example.tex(问题四小节),1219,2.0,2.0,ALLOW,题面: 半径 2 cm / 通用整数,0.0,"横向为 $0,0.1,\dots,2.0\mathrm{cm}$ 共 $21$ 列，另加一列“药材表面”，超出 $R(t)$"
example.tex(问题四小节),1219,21,21.0,ALLOW,result2 半径列数,0.0,"横向为 $0,0.1,\dots,2.0\mathrm{cm}$ 共 $21$ 列，另加一列“药材表面”，超出 $R(t)$"
example.tex(问题四小节),1224,4,4.0,ALLOW,结构/常数,0.0,只换用附录~4 物性而冻结收缩时，$t_{\mathrm{dry}}$ 升到 $129.8\mathrm{h}$，
example.tex(问题四小节),1224,129.8,129.8,REGISTRY,?,1.060e-02,只换用附录~4 物性而冻结收缩时，$t_{\mathrm{dry}}$ 升到 $129.8\mathrm{h}$，
example.tex(问题四小节),1225,5.4,5.4,REGISTRY,?,8.775e-03,即 $5.4$ 天，\textbf{$3$ 天安全网内根本不触发终止事件}（此时全场最大含水率仍为
example.tex(问题四小节),1225,3,3.0,ALLOW,3 h,0.0,即 $5.4$ 天，\textbf{$3$ 天安全网内根本不触发终止事件}（此时全场最大含水率仍为
example.tex(问题四小节),1226,0.225,0.225,REGISTRY,T5_r3_c4,3.615e-04,$0.225$，高于阈值 $0.15$）；加入收缩后降到 $51.1\mathrm{h}$，缩短 $61%$。
example.tex(问题四小节),1226,0.15,0.15,ALLOW,题面问题3: 含水率目标 0.15 kg/kg,0.0,$0.225$，高于阈值 $0.15$）；加入收缩后降到 $51.1\mathrm{h}$，缩短 $61%$。
example.tex(问题四小节),1226,51.1,51.1,REGISTRY,X27,0.000e+00,$0.225$，高于阈值 $0.15$）；加入收缩后降到 $51.1\mathrm{h}$，缩短 $61%$。
example.tex(问题四小节),1226,61,61.0,ALLOW,时间窗标签 t=61..600 s,0.0,$0.225$，高于阈值 $0.15$）；加入收缩后降到 $51.1\mathrm{h}$，缩短 $61%$。
example.tex(问题四小节),1227,3,3.0,ALLOW,3 h,0.0,反向的对照同样清楚：保留附录~3 物性而只加收缩，时长由 $57.4\mathrm{h}$ 降到
example.tex(问题四小节),1227,57.4,57.4,REGISTRY,W11_t_2d_enddir_h,1.799e-02,反向的对照同样清楚：保留附录~3 物性而只加收缩，时长由 $57.4\mathrm{h}$ 降到
example.tex(问题四小节),1228,25.2,25.2,REGISTRY,LH_vg_35,5.265e-03,$25.2\mathrm{h}$。可见\textbf{冻结收缩时本题不可能落在题面给出的 $2\sim3$ 天
example.tex(问题四小节),1228,2,2.0,ALLOW,题面: 半径 2 cm / 通用整数,0.0,$25.2\mathrm{h}$。可见\textbf{冻结收缩时本题不可能落在题面给出的 $2\sim3$ 天
example.tex(问题四小节),1228,3,3.0,ALLOW,3 h,0.0,$25.2\mathrm{h}$。可见\textbf{冻结收缩时本题不可能落在题面给出的 $2\sim3$ 天
example.tex(问题四小节),1230,2,2.0,ALLOW,题面: 半径 2 cm / 通用整数,0.0,“\emph{以附件~2 实测幅度的径向收缩是必要条件}”，而不是无条件的“没有收缩就不可能”。
example.tex(问题四小节),1238,100,100.0,ALLOW,题面表1/2 时间点,0.0,\caption{数值收敛性。(a) 网格由 $100$ 加密到 $3200$，实测收敛阶由 $1.51$ 逐级
example.tex(问题四小节),1238,3200,3200.0,ALLOW,网格数 M=3200,0.0,\caption{数值收敛性。(a) 网格由 $100$ 加密到 $3200$，实测收敛阶由 $1.51$ 逐级
example.tex(问题四小节),1238,1.51,1.51,REGISTRY,C2_1800_2p0,2.000e-04,\caption{数值收敛性。(a) 网格由 $100$ 加密到 $3200$，实测收敛阶由 $1.51$ 逐级
example.tex(问题四小节),1239,1.95,1.95,REGISTRY,?,8.031e-04,升到 $1.95$，即该格式的渐近阶为二阶；(b) 相对容限由 $1e-7$ 收紧到 $1e-11$，
example.tex(问题四小节),1239,1e-7,1e-07,ALLOW,有限差分步长,0.0,升到 $1.95$，即该格式的渐近阶为二阶；(b) 相对容限由 $1e-7$ 收紧到 $1e-11$，
example.tex(问题四小节),1239,1e-11,1e-11,ALLOW,Newton 相对残差判据,0.0,升到 $1.95$，即该格式的渐近阶为二阶；(b) 相对容限由 $1e-7$ 收紧到 $1e-11$，
example.tex(问题四小节),1240,0.11,0.11,REGISTRY,?,1.976e-04,烘干时间的极差仅 $0.11\mathrm{s}$，时间积分已完全收敛。}
example.tex(问题四小节),1244,1,1.0,ALLOW,题面: 半径网格 1 cm,0.0,\paragraph{（1）退化一致性与两套独立实现的收敛一致}
example.tex(问题四小节),1245,3,3.0,ALLOW,3 h,0.0,将半径冻结为 $R$、物性换回附录~3，本模型给出 $t_{\mathrm{dry}}=206720.4135\mathrm{s}$，
example.tex(问题四小节),1245,206720.4135,206720.4135,REGISTRY,P01_tdry,4.370e-05,将半径冻结为 $R$、物性换回附录~3，本模型给出 $t_{\mathrm{dry}}=206720.4135\mathrm{s}$，
example.tex(问题四小节),1249,51.098,51.098,REGISTRY,?,2.593e-04,该格式自身以约一阶收敛（表面落在网格点之间），其外推极限为 $51.098\mathrm{h}$，
example.tex(问题四小节),1250,3200,3200.0,ALLOW,网格数 M=3200,0.0,与本模型 $M=3200$ 的 $51.096\mathrm{h}$ \textbf{相差仅 $0.0016\mathrm{h}$}，
example.tex(问题四小节),1250,51.096,51.096,REGISTRY,?,1.010e-04,与本模型 $M=3200$ 的 $51.096\mathrm{h}$ \textbf{相差仅 $0.0016\mathrm{h}$}，
example.tex(问题四小节),1250,0.0016,0.0016,REGISTRY,V13b_int_pct,2.306e-05,与本模型 $M=3200$ 的 $51.096\mathrm{h}$ \textbf{相差仅 $0.0016\mathrm{h}$}，
example.tex(问题四小节),1251,400,400.0,ALLOW,网格数 M=400,0.0,两套独立实现收敛到同一答案。同一格式在 $M=400$ 时与本文解的全域温度差为
example.tex(问题四小节),1252,2.3e-5,2.3e-05,REGISTRY,?,1.881e-07,$2.3e-5\mathrm{K}$。
example.tex(问题四小节),1258,2,2.0,ALLOW,题面: 半径 2 cm / 通用整数,0.0,\paragraph{（2）守恒性与极值原理}
example.tex(问题四小节),1259,2.8e-7,2.8e-07,REGISTRY,?,6.946e-10,由表面通量收支核算的干基水量相对残差 $2.8e-7$；全场最低含水率高于环境
example.tex(问题四小节),1260,6,6.0,ALLOW,结构: 表格行数,0.0,平台值、最高不超过初值，$t>6\mathrm{h}$ 后剖面关于半径单调不增的违例为零；
example.tex(问题四小节),1261,2,2.0,ALLOW,题面: 半径 2 cm / 通用整数,0.0,终止事件在末 $2\mathrm{h}$ 内无回升，事件函数在 $t_{\mathrm{dry}}$ 处为零。
example.tex(问题四小节),1263,3,3.0,ALLOW,3 h,0.0,\paragraph{（3）收缩律与收缩模式的灵敏度}
example.tex(问题四小节),1264,10,10.0,ALLOW,结构,0.0,半径幅值 $\pm10%$ 对应烘干时长 $\mp9\mathrm{h}$，是仅次于活化能的第二大来源；
example.tex(问题四小节),1264,9,9.0,ALLOW,结构,0.0,半径幅值 $\pm10%$ 对应烘干时长 $\mp9\mathrm{h}$，是仅次于活化能的第二大来源；
example.tex(问题四小节),1265,78.7,78.7,REGISTRY,?,2.540e-02,但把收缩完全冻结的影响是 $+78.7\mathrm{h}$，比幅值扰动大近一个数量级，再次说明
example.tex(问题四小节),1267,24.3,24.3,REGISTRY,?,4.854e-02,时长降到 $24.3\mathrm{h}$；若除表面通量外忽略收缩，$3$ 天内不达标。真实药材的
example.tex(问题四小节),1267,3,3.0,ALLOW,3 h,0.0,时长降到 $24.3\mathrm{h}$；若除表面通量外忽略收缩，$3$ 天内不达标。真实药材的
example.tex(问题四小节),1268,51.1,51.1,REGISTRY,X27,0.000e+00,非均匀收缩介于两者之间，故本文的 $51.1\mathrm{h}$ 应理解为该区间内偏保守的取值。
example.tex(问题四小节),1270,4,4.0,ALLOW,结构/常数,0.0,\paragraph{（4）参数敏感性与蒙特卡洛鲁棒性}
example.tex(问题四小节),1271,4,4.0,ALLOW,结构/常数,0.0,附录~4 的热物性三参数影响可忽略，均在 $0.007\mathrm{h}$ 以内，原因是过程末期温度
example.tex(问题四小节),1271,0.007,0.007,ALLOW,相对偏差 (%),0.0,附录~4 的热物性三参数影响可忽略，均在 $0.007\mathrm{h}$ 以内，原因是过程末期温度
example.tex(问题四小节),1272,1e-4,0.0001,ALLOW,量级,0.0,已准稳态、全场极差小于 $1e-4\mathrm{K}$；水分扩散三参数居主导，活化能
example.tex(问题四小节),1273,10,10.0,ALLOW,结构,0.0,$E_A$ 尤其敏感，其 $+10%$ 使过程在 $3$ 天内无法达标。表面传质系数减半使时长延长
example.tex(问题四小节),1273,3,3.0,ALLOW,3 h,0.0,$E_A$ 尤其敏感，其 $+10%$ 使过程在 $3$ 天内无法达标。表面传质系数减半使时长延长
example.tex(问题四小节),1274,3.31,3.31,REGISTRY,?,3.241e-04,$3.31\mathrm{h}$，而其无限增大也只缩短 $1.41\mathrm{h}$，定量说明限速环节是
example.tex(问题四小节),1274,1.41,1.41,REGISTRY,?|abs,4.067e-03,$3.31\mathrm{h}$，而其无限增大也只缩短 $1.41\mathrm{h}$，定量说明限速环节是
example.tex(问题四小节),1275,9,9.0,ALLOW,结构,0.0,内部扩散而非表面传质。对 $9$ 个物性系数同时作均匀 $\pm5%$ 的蒙特卡洛抽样：
example.tex(问题四小节),1275,5,5.0,ALLOW,结构/常数,0.0,内部扩散而非表面传质。对 $9$ 个物性系数同时作均匀 $\pm5%$ 的蒙特卡洛抽样：
example.tex(问题四小节),1276,50.63,50.63,REGISTRY,?,6.393e-04,中位数 $50.63\mathrm{h}$ 与生产基准几乎重合，均值 $54.99\mathrm{h}$，
example.tex(问题四小节),1276,54.99,54.99,REGISTRY,?,4.825e-03,中位数 $50.63\mathrm{h}$ 与生产基准几乎重合，均值 $54.99\mathrm{h}$，
example.tex(问题四小节),1277,17.04,17.04,REGISTRY,?,8.664e-04,"标准差 $17.04\mathrm{h}$，$95%$ 分位区间 $[32.36,87.46]\mathrm{h}$。"
example.tex(问题四小节),1277,95,95.0,ALLOW,IAPWS-95,0.0,"标准差 $17.04\mathrm{h}$，$95%$ 分位区间 $[32.36,87.46]\mathrm{h}$。"
example.tex(问题四小节),1277,32.36,32.36,REGISTRY,?,3.408e-04,"标准差 $17.04\mathrm{h}$，$95%$ 分位区间 $[32.36,87.46]\mathrm{h}$。"
example.tex(问题四小节),1277,87.46,87.46,REGISTRY,?,9.742e-04,"标准差 $17.04\mathrm{h}$，$95%$ 分位区间 $[32.36,87.46]\mathrm{h}$。"
example.tex(问题四小节),1279,10,10.0,ALLOW,结构,0.0,抽样时积分上界必须放宽到 $10$ 天，否则安全网会截断分布并系统性低估均值。
example.tex(问题四小节),1280,100,100.0,ALLOW,题面表1/2 时间点,0.0,这一点在实现中已作显式处理。另需说明该区间自身的抽样精度：$N=100$ 给出的是样本
example.tex(问题四小节),1281,3.6,3.6,REGISTRY,HT_T600_r2.0,0.000e+00,分位区间，自助法估计其上端有约 $\pm3.6\mathrm{h}$ 的抽样噪声。
example.tex(问题四小节),1287,13,13.0,ALLOW,结构,0.0,\textbf{表~13  问题四的数值精度预算与不确定度来源}\\[3pt]
example.tex(问题四小节),1287,3,3.0,ALLOW,3 h,0.0,\textbf{表~13  问题四的数值精度预算与不确定度来源}\\[3pt]
example.tex(问题四小节),1292,1.95,1.95,REGISTRY,?,8.031e-04,空间离散（实测渐近阶 $1.95$） & $\pm0.011\mathrm{h}$ & 数值，主导项 \\
example.tex(问题四小节),1292,0.011,0.011,REGISTRY,?|abs,4.022e-05,空间离散（实测渐近阶 $1.95$） & $\pm0.011\mathrm{h}$ & 数值，主导项 \\
example.tex(问题四小节),1293,1e-7,1e-07,ALLOW,有限差分步长,0.0,时间容限（$1e-7$ 对 $1e-11$） & $0.11\mathrm{s}=3e-5\mathrm{h}$ & 数值，已收敛 \\
example.tex(问题四小节),1293,1e-11,1e-11,ALLOW,Newton 相对残差判据,0.0,时间容限（$1e-7$ 对 $1e-11$） & $0.11\mathrm{s}=3e-5\mathrm{h}$ & 数值，已收敛 \\
example.tex(问题四小节),1293,0.11,0.11,REGISTRY,?,1.976e-04,时间容限（$1e-7$ 对 $1e-11$） & $0.11\mathrm{s}=3e-5\mathrm{h}$ & 数值，已收敛 \\
example.tex(问题四小节),1293,3e-5,3e-05,REGISTRY,H10_dt0.01562,7.703e-08,时间容限（$1e-7$ 对 $1e-11$） & $0.11\mathrm{s}=3e-5\mathrm{h}$ & 数值，已收敛 \\
example.tex(问题四小节),1294,12.6,12.6,REGISTRY,?,5.997e-03,收缩数据插值口径 & $12.6\mathrm{s}=0.0035\mathrm{h}$ & 数值 \\
example.tex(问题四小节),1294,0.0035,0.0035,REGISTRY,?,1.666e-06,收缩数据插值口径 & $12.6\mathrm{s}=0.0035\mathrm{h}$ & 数值 \\
example.tex(问题四小节),1295,0.011,0.011,REGISTRY,?|abs,4.022e-05,\textbf{数值合计} & $\mathbf{\pm0.011\mathrm{h}}$ & — \\
example.tex(问题四小节),1297,10,10.0,ALLOW,结构,0.0,收缩律幅值 $\pm10%$ & $\mp9\mathrm{h}$ & 物理 \\
example.tex(问题四小节),1297,9,9.0,ALLOW,结构,0.0,收缩律幅值 $\pm10%$ & $\mp9\mathrm{h}$ & 物理 \\
example.tex(问题四小节),1298,10,10.0,ALLOW,结构,0.0,活化能 $\pm10%$ & $-30.7\mathrm{h}$ 至 $3$ 天内不达标 & 物理 \\
example.tex(问题四小节),1298,-30.7,-30.7,REGISTRY,?,1.070e-02,活化能 $\pm10%$ & $-30.7\mathrm{h}$ 至 $3$ 天内不达标 & 物理 \\
example.tex(问题四小节),1298,3,3.0,ALLOW,3 h,0.0,活化能 $\pm10%$ & $-30.7\mathrm{h}$ 至 $3$ 天内不达标 & 物理 \\
example.tex(问题四小节),1299,1,1.0,ALLOW,题面: 半径网格 1 cm,0.0,环境温度 $\pm1^\circ\mathrm{C}$ & $\mp1.6\mathrm{h}$ & 物理 \\
example.tex(问题四小节),1299,1.6,1.6,REGISTRY,VM_zpen_1800,1.459e-02,环境温度 $\pm1^\circ\mathrm{C}$ & $\mp1.6\mathrm{h}$ & 物理 \\
example.tex(问题四小节),1300,0.01,0.01,ALLOW,dt=0.01 s,0.0,阈值口径每 $0.01\mathrm{kg/kg}$ & 约 $\pm3\mathrm{h}$ & 判据 \\
example.tex(问题四小节),1300,3,3.0,ALLOW,3 h,0.0,阈值口径每 $0.01\mathrm{kg/kg}$ & 约 $\pm3\mathrm{h}$ & 判据 \\
example.tex(问题四小节),1301,95,95.0,ALLOW,IAPWS-95,0.0,"\textbf{物理合计（蒙特卡洛 $95%$）} & $\mathbf{[32.4,87.5]\mathrm{h}}$ & — \\"
example.tex(问题四小节),1301,32.4,32.4,REGISTRY,?,3.483e-02,"\textbf{物理合计（蒙特卡洛 $95%$）} & $\mathbf{[32.4,87.5]\mathrm{h}}$ & — \\"
example.tex(问题四小节),1301,87.5,87.5,REGISTRY,?,4.097e-02,"\textbf{物理合计（蒙特卡洛 $95%$）} & $\mathbf{[32.4,87.5]\mathrm{h}}$ & — \\"
example.tex(问题四小节),1309,51.09,51.09,REGISTRY,?,4.802e-03,并同时给出上表的区间：\textbf{在三位有效数字的经验式精度下，$51.09\mathrm{h}$
example.tex(附录),1443,0,0.0,ALLOW,零,0.0,"（$\partial_r u|=0$、$\partial_r u|+\frac hk u(R,t)=0$），烘房环境的变化"
example.tex(附录),1443,0,0.0,ALLOW,零,0.0,"（$\partial_r u|=0$、$\partial_r u|+\frac hk u(R,t)=0$），烘房环境的变化"
example.tex(附录),1444,0,0.0,ALLOW,零,0.0,全部转入源项$-dT_\infty/dt$。分离变量$u=\Theta(t)R(r)$得零阶Bessel方程，其在$r=0$处
example.tex(附录),1449,1.3889,1.3889,REGISTRY,T00,1.111e-05,"\mathrm{Bi}=(hR)/(k)=1.3889,"
example.tex(附录),1452,1,1.0,ALLOW,题面: 半径网格 1 cm,0.0,常数$1$在该正交基下展开，并把$u=\sum_kb_k(t)J(\lambda_kr)$代入齐次化方程，由正交性
example.tex(附录),1456,1,1.0,ALLOW,题面: 半径网格 1 cm,0.0,"1=\sumc_kJ(\lambda_kr),"
example.tex(附录),1457,2,2.0,ALLOW,题面: 半径 2 cm / 通用整数,0.0,"c_k=(2J(x_k))/(x_k[J(x_k)+J(x_k)]),"
example.tex(附录),1460,11,11.0,ALLOW,结构,0.0,前五阶特征根与展开系数见表~11。作为自检，用$120$项重构恒等式
example.tex(附录),1460,120,120.0,ALLOW,结构,0.0,前五阶特征根与展开系数见表~11。作为自检，用$120$项重构恒等式
example.tex(附录),1461,1,1.0,ALLOW,题面: 半径网格 1 cm,0.0,$\sum_kc_kJ(\lambda_kr)\equiv1$的最大误差为$2.35e-3$，并随项数增加单调
example.tex(附录),1461,2.35e-3,0.00235,REGISTRY,H02b,2.587e-07,$\sum_kc_kJ(\lambda_kr)\equiv1$的最大误差为$2.35e-3$，并随项数增加单调
example.tex(附录),1468,-4,-4.0,REGISTRY,W11_dt_scheme,2.034e-01,{\zihao{-4}\textbf{表~11  特征方程$xJ(x)=\mathrm{Bi}J(x)$的前五阶正根、
example.tex(附录),1468,11,11.0,ALLOW,结构,0.0,{\zihao{-4}\textbf{表~11  特征方程$xJ(x)=\mathrm{Bi}J(x)$的前五阶正根、
example.tex(附录),1469,1.3889,1.3889,REGISTRY,T00,1.111e-05,展开系数与衰减率（$\mathrm{Bi}=1.3889$，$\mu_k=\alpha\lambda_k$）}}\\[6pt]
example.tex(附录),1469,6,6.0,ALLOW,结构: 表格行数,0.0,展开系数与衰减率（$\mathrm{Bi}=1.3889$，$\mu_k=\alpha\lambda_k$）}}\\[6pt]
example.tex(附录),1471,-4,-4.0,REGISTRY,W11_dt_scheme,2.034e-01,\zihao{-4}
example.tex(附录),1476,1,1.0,ALLOW,题面: 半径网格 1 cm,0.0,1 & 1.418472519 & $1.2658221$ & $8.4937e-4$ \\
example.tex(附录),1476,1.418472519,1.418472519,REGISTRY,?,1.729e-10,1 & 1.418472519 & $1.2658221$ & $8.4937e-4$ \\
example.tex(附录),1476,1.2658221,1.2658221,REGISTRY,?,3.674e-08,1 & 1.418472519 & $1.2658221$ & $8.4937e-4$ \\
example.tex(附录),1476,8.4937e-4,0.00084937,REGISTRY,?,4.775e-10,1 & 1.418472519 & $1.2658221$ & $8.4937e-4$ \\
example.tex(附录),1477,2,2.0,ALLOW,题面: 半径 2 cm / 通用整数,0.0,2 & 4.166469601 & $-0.3779735$ & $7.3281e-3$ \\
example.tex(附录),1477,4.166469601,4.166469601,ALLOW,session-2 特征根,0.0,2 & 4.166469601 & $-0.3779735$ & $7.3281e-3$ \\
example.tex(附录),1477,-0.3779735,-0.3779735,REGISTRY,?,2.777e-08,2 & 4.166469601 & $-0.3779735$ & $7.3281e-3$ \\
example.tex(附录),1477,7.3281e-3,0.0073281,REGISTRY,?,6.024e-09,2 & 4.166469601 & $-0.3779735$ & $7.3281e-3$ \\
example.tex(附录),1478,3,3.0,ALLOW,3 h,0.0,3 & 7.208478464 & $0.1749635$ & $2.1935e-2$ \\
example.tex(附录),1478,7.208478464,7.208478464,REGISTRY,?,3.809e-10,3 & 7.208478464 & $0.1749635$ & $2.1935e-2$ \\
example.tex(附录),1478,0.1749635,0.1749635,REGISTRY,?,6.701e-09,3 & 7.208478464 & $0.1749635$ & $2.1935e-2$ \\
example.tex(附录),1478,2.1935e-2,0.021935,REGISTRY,?,2.465e-07,3 & 7.208478464 & $0.1749635$ & $2.1935e-2$ \\
example.tex(附录),1479,4,4.0,ALLOW,结构/常数,0.0,4 & 10.30827315 & $-0.1037591$ & $4.4857e-2$ \\
example.tex(附录),1479,10.30827315,10.30827315,REGISTRY,?,3.518e-09,4 & 10.30827315 & $-0.1037591$ & $4.4857e-2$ \\
example.tex(附录),1479,-0.1037591,-0.1037591,REGISTRY,?,3.716e-08,4 & 10.30827315 & $-0.1037591$ & $4.4857e-2$ \\
example.tex(附录),1479,4.4857e-2,0.044857,REGISTRY,?,3.181e-07,4 & 10.30827315 & $-0.1037591$ & $4.4857e-2$ \\
example.tex(附录),1480,5,5.0,ALLOW,结构/常数,0.0,5 & 13.42716139 & $0.0701872$ & $7.6107e-2$ \\
example.tex(附录),1480,13.42716139,13.42716139,REGISTRY,?,3.674e-09,5 & 13.42716139 & $0.0701872$ & $7.6107e-2$ \\
example.tex(附录),1480,0.0701872,0.0701872,REGISTRY,?,1.413e-08,5 & 13.42716139 & $0.0701872$ & $7.6107e-2$ \\
example.tex(附录),1480,7.6107e-2,0.076107,REGISTRY,?,1.536e-07,5 & 13.42716139 & $0.0701872$ & $7.6107e-2$ \\
example.tex(附录),1486,1,1.0,ALLOW,题面: 半径网格 1 cm,0.0,附件~1给出的是离散采样点。若把$T_\infty$取为以这些采样点为折点的\textbf{分段线性}
example.tex(附录),1492,1,1.0,ALLOW,题面: 半径网格 1 cm,0.0,"b_k(t+\Delta)=E_kb_k(t)-c_ks(1-E_k)/(\mu_k),"
example.tex(附录),1498,0,0.0,ALLOW,零,0.0,完全相等（偏差为$0$），与独立常微分方程积分（DOP853，相对容差$1e-13$）相差
example.tex(附录),1498,1e-13,1e-13,ALLOW,数值量级,0.0,完全相等（偏差为$0$），与独立常微分方程积分（DOP853，相对容差$1e-13$）相差
example.tex(附录),1499,1.14e-13,1.14e-13,REGISTRY,W02,3.132e-16,$1.14e-13\mathrm{K}$；又以附件~1的$31$个原始采样点为折点，把每段再细分
example.tex(附录),1499,1,1.0,ALLOW,题面: 半径网格 1 cm,0.0,$1.14e-13\mathrm{K}$；又以附件~1的$31$个原始采样点为折点，把每段再细分
example.tex(附录),1499,31,31.0,ALLOW,附件1 前 31 点,0.0,$1.14e-13\mathrm{K}$；又以附件~1的$31$个原始采样点为折点，把每段再细分
example.tex(附录),1500,2,2.0,ALLOW,题面: 半径 2 cm / 通用整数,0.0,"$2,4,8,16$份，结果一位不变（偏差为$0$），说明该式不含求积误差。"
example.tex(附录),1500,4,4.0,ALLOW,结构/常数,0.0,"$2,4,8,16$份，结果一位不变（偏差为$0$），说明该式不含求积误差。"
example.tex(附录),1500,8,8.0,ALLOW,结构,0.0,"$2,4,8,16$份，结果一位不变（偏差为$0$），说明该式不含求积误差。"
example.tex(附录),1500,16,16.0,ALLOW,1/16 s 的时间步分母,0.0,"$2,4,8,16$份，结果一位不变（偏差为$0$），说明该式不含求积误差。"
example.tex(附录),1500,0,0.0,ALLOW,零,0.0,"$2,4,8,16$份，结果一位不变（偏差为$0$），说明该式不含求积误差。"
example.tex(附录),1502,1,1.0,ALLOW,题面: 半径网格 1 cm,0.0,\textbf{交叉验证结果}。为隔离格式差异，对照时两侧采用\textbf{同一}环境函数（由附件~1
example.tex(附录),1503,3200,3200.0,ALLOW,网格数 M=3200,0.0,全部数据点构造的PCHIP插值）。数值侧取生产设置$M=3200$、$\Delta t=2\mathrm{s}$；
example.tex(附录),1503,2,2.0,ALLOW,题面: 半径 2 cm / 通用整数,0.0,全部数据点构造的PCHIP插值）。数值侧取生产设置$M=3200$、$\Delta t=2\mathrm{s}$；
example.tex(附录),1504,0.25,0.25,ALLOW,dt=0.25 s,0.0,解析侧按$\Delta\tau=0.25\mathrm{s}$对PCHIP采样后作分段线性处理，级数取$400$项，
example.tex(附录),1504,400,400.0,ALLOW,网格数 M=400,0.0,解析侧按$\Delta\tau=0.25\mathrm{s}$对PCHIP采样后作分段线性处理，级数取$400$项，
example.tex(附录),1505,1e-6,1e-06,ALLOW,量级,0.0,其基准自身的不确定度小于$1e-6\mathrm{K}$，比待测偏差小约一个数量级。两法在题面
example.tex(附录),1506,1,1.0,ALLOW,题面: 半径网格 1 cm,0.0,表~1的$7$个时刻$x5$个半径上的偏差见表~12：最大绝对偏差为
example.tex(附录),1506,7,7.0,ALLOW,结构,0.0,表~1的$7$个时刻$x5$个半径上的偏差见表~12：最大绝对偏差为
example.tex(附录),1506,5,5.0,ALLOW,结构/常数,0.0,表~1的$7$个时刻$x5$个半径上的偏差见表~12：最大绝对偏差为
example.tex(附录),1506,12,12.0,ALLOW,网格数 M=12 (Jacobian 校核),0.0,表~1的$7$个时刻$x5$个半径上的偏差见表~12：最大绝对偏差为
example.tex(附录),1507,7.50e-6,7.5e-06,REGISTRY,H02,4.290e-09,$7.50e-6\mathrm{K}$，出现在$t=900\mathrm{s}$、$r=0$处，仅为四位小数
example.tex(附录),1507,900,900.0,ALLOW,题面表1/2 时间点,0.0,$7.50e-6\mathrm{K}$，出现在$t=900\mathrm{s}$、$r=0$处，仅为四位小数
example.tex(附录),1507,0,0.0,ALLOW,零,0.0,$7.50e-6\mathrm{K}$，出现在$t=900\mathrm{s}$、$r=0$处，仅为四位小数
example.tex(附录),1508,5e-5,5e-05,ALLOW,四位小数的半 ulp 阈值,0.0,分辨率（半 ulp $5e-5\mathrm{K}$）的$0.150$倍。就四位小数而言，
example.tex(附录),1508,0.150,0.15,ALLOW,题面问题3: 含水率目标 0.15 kg/kg,0.0,分辨率（半 ulp $5e-5\mathrm{K}$）的$0.150$倍。就四位小数而言，
example.tex(附录),1509,1,1.0,ALLOW,题面: 半径网格 1 cm,0.0,\textbf{两法给出完全相同的表~1}：$35$ 个位置中仅$4$处相差$1$个末位单位
example.tex(附录),1509,35,35.0,ALLOW,结构,0.0,\textbf{两法给出完全相同的表~1}：$35$ 个位置中仅$4$处相差$1$个末位单位
example.tex(附录),1509,4,4.0,ALLOW,结构/常数,0.0,\textbf{两法给出完全相同的表~1}：$35$ 个位置中仅$4$处相差$1$个末位单位
example.tex(附录),1509,1,1.0,ALLOW,题面: 半径网格 1 cm,0.0,\textbf{两法给出完全相同的表~1}：$35$ 个位置中仅$4$处相差$1$个末位单位
example.tex(附录),1510,1e-4,0.0001,ALLOW,量级,0.0,（$1e-4^\circ\mathrm{C}$），其余逐位相同。
example.tex(附录),1516,-4,-4.0,REGISTRY,W11_dt_scheme,2.034e-01,{\zihao{-4}\textbf{表~12  温度场交叉验证：有限体积数值解与 Bessel--Duhamel 半解析解之差
example.tex(附录),1516,12,12.0,ALLOW,网格数 M=12 (Jacobian 校核),0.0,{\zihao{-4}\textbf{表~12  温度场交叉验证：有限体积数值解与 Bessel--Duhamel 半解析解之差
example.tex(附录),1517,1e-6,1e-06,ALLOW,量级,0.0,（单位：$1e-6\mathrm{K}$，正值表示数值解偏高）}}\\[6pt]
example.tex(附录),1517,6,6.0,ALLOW,结构: 表格行数,0.0,（单位：$1e-6\mathrm{K}$，正值表示数值解偏高）}}\\[6pt]
example.tex(附录),1519,-4,-4.0,REGISTRY,W11_dt_scheme,2.034e-01,\zihao{-4}
example.tex(附录),1522,0,0.0,ALLOW,零,0.0,时间/s & 0 cm & 0.5 cm & 1 cm & 1.5 cm & 2 cm \\
example.tex(附录),1522,0.5,0.5,ALLOW,题面: 半径网格 0.5 cm,0.0,时间/s & 0 cm & 0.5 cm & 1 cm & 1.5 cm & 2 cm \\
example.tex(附录),1522,1,1.0,ALLOW,题面: 半径网格 1 cm,0.0,时间/s & 0 cm & 0.5 cm & 1 cm & 1.5 cm & 2 cm \\
example.tex(附录),1522,1.5,1.5,ALLOW,题面: 半径网格 1.5 cm,0.0,时间/s & 0 cm & 0.5 cm & 1 cm & 1.5 cm & 2 cm \\
example.tex(附录),1522,2,2.0,ALLOW,题面: 半径 2 cm / 通用整数,0.0,时间/s & 0 cm & 0.5 cm & 1 cm & 1.5 cm & 2 cm \\
example.tex(附录),1524,100,100.0,ALLOW,题面表1/2 时间点,0.0,100  & 0.0567 & 0.185 & 0.813 & 2.07 & 2.41 \\
example.tex(附录),1524,0.0567,0.0567,REGISTRY,HT_T100_r0,0.000e+00,100  & 0.0567 & 0.185 & 0.813 & 2.07 & 2.41 \\
example.tex(附录),1524,0.185,0.185,REGISTRY,HT_T100_r0.5,0.000e+00,100  & 0.0567 & 0.185 & 0.813 & 2.07 & 2.41 \\
example.tex(附录),1524,0.813,0.813,REGISTRY,HT_T100_r1.0,0.000e+00,100  & 0.0567 & 0.185 & 0.813 & 2.07 & 2.41 \\
example.tex(附录),1524,2.07,2.07,REGISTRY,HT_T100_r1.5,0.000e+00,100  & 0.0567 & 0.185 & 0.813 & 2.07 & 2.41 \\
example.tex(附录),1524,2.41,2.41,REGISTRY,HT_T100_r2.0,0.000e+00,100  & 0.0567 & 0.185 & 0.813 & 2.07 & 2.41 \\
example.tex(附录),1525,300,300.0,ALLOW,题面表1/2 时间点,0.0,300  & 2.91 & 3.08 & 3.42 & 4.02 & 3.67 \\
example.tex(附录),1525,2.91,2.91,REGISTRY,HT_T300_r0,0.000e+00,300  & 2.91 & 3.08 & 3.42 & 4.02 & 3.67 \\
example.tex(附录),1525,3.08,3.08,REGISTRY,HT_T300_r0.5,0.000e+00,300  & 2.91 & 3.08 & 3.42 & 4.02 & 3.67 \\
example.tex(附录),1525,3.42,3.42,REGISTRY,HT_T300_r1.0,0.000e+00,300  & 2.91 & 3.08 & 3.42 & 4.02 & 3.67 \\
example.tex(附录),1525,4.02,4.02,REGISTRY,HT_T300_r1.5,0.000e+00,300  & 2.91 & 3.08 & 3.42 & 4.02 & 3.67 \\
example.tex(附录),1525,3.67,3.67,REGISTRY,HT_T300_r2.0,0.000e+00,300  & 2.91 & 3.08 & 3.42 & 4.02 & 3.67 \\
example.tex(附录),1526,600,600.0,ALLOW,题面表1/2 时间点,0.0,600  & 6.25 & 6.08 & 5.63 & 4.79 & 3.60 \\
example.tex(附录),1526,6.25,6.25,REGISTRY,HT_T600_r0,0.000e+00,600  & 6.25 & 6.08 & 5.63 & 4.79 & 3.60 \\
example.tex(附录),1526,6.08,6.08,REGISTRY,HT_T600_r0.5,0.000e+00,600  & 6.25 & 6.08 & 5.63 & 4.79 & 3.60 \\
example.tex(附录),1526,5.63,5.63,REGISTRY,HT_T600_r1.0,0.000e+00,600  & 6.25 & 6.08 & 5.63 & 4.79 & 3.60 \\
example.tex(附录),1526,4.79,4.79,REGISTRY,HT_T600_r1.5,0.000e+00,600  & 6.25 & 6.08 & 5.63 & 4.79 & 3.60 \\
example.tex(附录),1526,3.60,3.6,REGISTRY,HT_T600_r2.0,0.000e+00,600  & 6.25 & 6.08 & 5.63 & 4.79 & 3.60 \\
example.tex(附录),1527,900,900.0,ALLOW,题面表1/2 时间点,0.0,900  & 7.50 & 7.20 & 6.27 & 4.93 & 3.66 \\
example.tex(附录),1527,7.50,7.5,REGISTRY,HT_T900_r0,0.000e+00,900  & 7.50 & 7.20 & 6.27 & 4.93 & 3.66 \\
example.tex(附录),1527,7.20,7.2,REGISTRY,HT_T900_r0.5,0.000e+00,900  & 7.50 & 7.20 & 6.27 & 4.93 & 3.66 \\
example.tex(附录),1527,6.27,6.27,REGISTRY,HT_T900_r1.0,0.000e+00,900  & 7.50 & 7.20 & 6.27 & 4.93 & 3.66 \\
example.tex(附录),1527,4.93,4.93,REGISTRY,HT_T900_r1.5,0.000e+00,900  & 7.50 & 7.20 & 6.27 & 4.93 & 3.66 \\
example.tex(附录),1527,3.66,3.66,REGISTRY,HT_T900_r2.0,0.000e+00,900  & 7.50 & 7.20 & 6.27 & 4.93 & 3.66 \\
example.tex(附录),1528,1200,1200.0,ALLOW,题面表1/2 时间点,0.0,1200 & 7.12 & 6.92 & 6.26 & 5.23 & 3.89 \\
example.tex(附录),1528,7.12,7.12,REGISTRY,HT_T1200_r0,0.000e+00,1200 & 7.12 & 6.92 & 6.26 & 5.23 & 3.89 \\
example.tex(附录),1528,6.92,6.92,REGISTRY,HT_T1200_r0.5,0.000e+00,1200 & 7.12 & 6.92 & 6.26 & 5.23 & 3.89 \\
example.tex(附录),1528,6.26,6.26,REGISTRY,HT_T1200_r1.0,0.000e+00,1200 & 7.12 & 6.92 & 6.26 & 5.23 & 3.89 \\
example.tex(附录),1528,5.23,5.23,REGISTRY,HT_T1200_r1.5,0.000e+00,1200 & 7.12 & 6.92 & 6.26 & 5.23 & 3.89 \\
example.tex(附录),1528,3.89,3.89,REGISTRY,HT_T1200_r2.0,0.000e+00,1200 & 7.12 & 6.92 & 6.26 & 5.23 & 3.89 \\
example.tex(附录),1529,1500,1500.0,ALLOW,题面表1/2 时间点,0.0,1500 & 6.50 & 6.24 & 5.38 & 3.86 & 2.56 \\
example.tex(附录),1529,6.50,6.5,REGISTRY,HT_T1500_r0,0.000e+00,1500 & 6.50 & 6.24 & 5.38 & 3.86 & 2.56 \\
example.tex(附录),1529,6.24,6.24,REGISTRY,HT_T1500_r0.5,0.000e+00,1500 & 6.50 & 6.24 & 5.38 & 3.86 & 2.56 \\
example.tex(附录),1529,5.38,5.38,REGISTRY,HT_T1500_r1.0,0.000e+00,1500 & 6.50 & 6.24 & 5.38 & 3.86 & 2.56 \\
example.tex(附录),1529,3.86,3.86,REGISTRY,HT_T1500_r1.5,0.000e+00,1500 & 6.50 & 6.24 & 5.38 & 3.86 & 2.56 \\
example.tex(附录),1529,2.56,2.56,REGISTRY,HT_T1500_r2.0,0.000e+00,1500 & 6.50 & 6.24 & 5.38 & 3.86 & 2.56 \\
example.tex(附录),1530,1800,1800.0,ALLOW,题面表1/2 时间点 / 阶段时长,0.0,1800 & 4.68 & 4.61 & 4.40 & 3.76 & 2.75 \\
example.tex(附录),1530,4.68,4.68,REGISTRY,HT_T1800_r0,0.000e+00,1800 & 4.68 & 4.61 & 4.40 & 3.76 & 2.75 \\
example.tex(附录),1530,4.61,4.61,REGISTRY,HT_T1800_r0.5,0.000e+00,1800 & 4.68 & 4.61 & 4.40 & 3.76 & 2.75 \\
example.tex(附录),1530,4.40,4.4,REGISTRY,HT_T1800_r1.0,0.000e+00,1800 & 4.68 & 4.61 & 4.40 & 3.76 & 2.75 \\
example.tex(附录),1530,3.76,3.76,REGISTRY,HT_T1800_r1.5,0.000e+00,1800 & 4.68 & 4.61 & 4.40 & 3.76 & 2.75 \\
example.tex(附录),1530,2.75,2.75,REGISTRY,HT_T1800_r2.0,0.000e+00,1800 & 4.68 & 4.61 & 4.40 & 3.76 & 2.75 \\
example.tex(附录),1537,3200,3200.0,ALLOW,网格数 M=3200,0.0,加密实验定位其来源。固定$M=3200$加密$\Delta t$：偏差随$\Delta t$减半而减半（相邻比值
example.tex(附录),1538,2.000,2.0,ALLOW,题面: 半径 2 cm / 通用整数,0.0,"$2.000,1.999,1.999$），呈严格\textbf{一阶}，与全隐式Euler的$O(\Delta t)$相符；固定"
example.tex(附录),1538,1.999,1.999,REGISTRY,H10r_dt0.007812,1.580e-04,"$2.000,1.999,1.999$），呈严格\textbf{一阶}，与全隐式Euler的$O(\Delta t)$相符；固定"
example.tex(附录),1538,1.999,1.999,REGISTRY,H10r_dt0.007812,1.580e-04,"$2.000,1.999,1.999$），呈严格\textbf{一阶}，与全隐式Euler的$O(\Delta t)$相符；固定"
example.tex(附录),1539,2,2.0,ALLOW,题面: 半径 2 cm / 通用整数,0.0,$\Delta t=2\mathrm{s}$比较$M$与$2M$的解：偏差随网格加密而缩小$4$倍（相邻比值
example.tex(附录),1539,2,2.0,ALLOW,题面: 半径 2 cm / 通用整数,0.0,$\Delta t=2\mathrm{s}$比较$M$与$2M$的解：偏差随网格加密而缩小$4$倍（相邻比值
example.tex(附录),1539,4,4.0,ALLOW,结构/常数,0.0,$\Delta t=2\mathrm{s}$比较$M$与$2M$的解：偏差随网格加密而缩小$4$倍（相邻比值
example.tex(附录),1540,4.001,4.001,REGISTRY,H11r_M400,7.408e-05,"$4.001,3.989,4.014$），呈\textbf{二阶}。同一设置下时间离散误差为"
example.tex(附录),1540,3.989,3.989,REGISTRY,H11r_M800,4.955e-04,"$4.001,3.989,4.014$），呈\textbf{二阶}。同一设置下时间离散误差为"
example.tex(附录),1540,4.014,4.014,REGISTRY,H11r_M1600,1.575e-04,"$4.001,3.989,4.014$），呈\textbf{二阶}。同一设置下时间离散误差为"
example.tex(附录),1541,7.50e-6,7.5e-06,REGISTRY,H02,4.290e-09,$7.50e-6\mathrm{K}$，空间离散误差仅$2.17e-7\mathrm{K}$
example.tex(附录),1541,2.17e-7,2.17e-07,REGISTRY,H11_M1600_space,1.665e-10,$7.50e-6\mathrm{K}$，空间离散误差仅$2.17e-7\mathrm{K}$
example.tex(附录),1542,7.23e-8,7.23e-08,REGISTRY,H12b,2.217e-11,（Richardson外推约$7.23e-8\mathrm{K}$），前者为后者的$34.6$倍，故该偏差
example.tex(附录),1542,34.6,34.6,REGISTRY,H13,3.103e-02,（Richardson外推约$7.23e-8\mathrm{K}$），前者为后者的$34.6$倍，故该偏差
example.tex(附录),1545,50,50.0,ALLOW,网格数 M=50,0.0,\textbf{常环境校核}。为排除环境插值这一因素，另取 $T_\infty\equiv50^\circ\mathrm{C}$，
example.tex(附录),1546,12,12.0,ALLOW,网格数 M=12 (Jacobian 校核),0.0,此时解析侧不存在求积误差，且存在经典级数解可精确对照。用与表~12 同一数值设置
example.tex(附录),1547,3200,3200.0,ALLOW,网格数 M=3200,0.0,$M=3200$、$\Delta t=2\mathrm{s}$ 复算：两侧在表~1 的 $7x5$ 位形上最大偏差为
example.tex(附录),1547,2,2.0,ALLOW,题面: 半径 2 cm / 通用整数,0.0,$M=3200$、$\Delta t=2\mathrm{s}$ 复算：两侧在表~1 的 $7x5$ 位形上最大偏差为
example.tex(附录),1547,1,1.0,ALLOW,题面: 半径网格 1 cm,0.0,$M=3200$、$\Delta t=2\mathrm{s}$ 复算：两侧在表~1 的 $7x5$ 位形上最大偏差为
example.tex(附录),1547,7,7.0,ALLOW,结构,0.0,$M=3200$、$\Delta t=2\mathrm{s}$ 复算：两侧在表~1 的 $7x5$ 位形上最大偏差为
example.tex(附录),1547,5,5.0,ALLOW,结构/常数,0.0,$M=3200$、$\Delta t=2\mathrm{s}$ 复算：两侧在表~1 的 $7x5$ 位形上最大偏差为
example.tex(附录),1548,3.29e-5,3.29e-05,REGISTRY,?,4.963e-08,$3.29e-5\mathrm{K}$（全场 $3.37e-5\mathrm{K}$）。该值\emph{大于}
example.tex(附录),1548,3.37e-5,3.37e-05,REGISTRY,?,2.150e-09,$3.29e-5\mathrm{K}$（全场 $3.37e-5\mathrm{K}$）。该值\emph{大于}
example.tex(附录),1549,7.50e-6,7.5e-06,REGISTRY,H02,4.290e-09,变环境算例的 $7.50e-6\mathrm{K}$，原因是恒温 $50^\circ\mathrm{C}$ 的驱动
example.tex(附录),1549,50,50.0,ALLOW,网格数 M=50,0.0,变环境算例的 $7.50e-6\mathrm{K}$，原因是恒温 $50^\circ\mathrm{C}$ 的驱动
example.tex(附录),1550,1800,1800.0,ALLOW,题面表1/2 时间点 / 阶段时长,0.0,力远大于变环境在前 $1800\mathrm{s}$ 内的实际温升，温度演化更快，同一阶时间离散误差
example.tex(附录),1554,1,1.0,ALLOW,题面: 半径网格 1 cm,0.0,交叉验证，在四位小数精度下可信；本文表~1、表~2与\texttt{result1.xlsx}即以此为准。
example.tex(附录),1554,2,2.0,ALLOW,题面: 半径 2 cm / 通用整数,0.0,交叉验证，在四位小数精度下可信；本文表~1、表~2与\texttt{result1.xlsx}即以此为准。
example.tex(附录),1554,1,1.0,ALLOW,题面: 半径网格 1 cm,0.0,交叉验证，在四位小数精度下可信；本文表~1、表~2与\texttt{result1.xlsx}即以此为准。
example.tex(附录),1560,0,0.0,ALLOW,零,0.0,正文将传热传质简化为径向一维：中截面上$\partial_zT=\partial_zC=0$由对称性精确成立，
example.tex(附录),1561,4,4.0,ALLOW,结构/常数,0.0,端面换热面积仅占侧面的$4%$。问题一、二的时间尺度（$4\mathrm{h}$以内）下，热影响
example.tex(附录),1561,4,4.0,ALLOW,结构/常数,0.0,端面换热面积仅占侧面的$4%$。问题一、二的时间尺度（$4\mathrm{h}$以内）下，热影响
example.tex(附录),1563,57.4,57.4,REGISTRY,W11_t_2d_enddir_h,1.799e-02,$t_{\mathrm{dry}}=57.4\mathrm{h}$，$\sqrt{\alpha(C)t_{\mathrm{dry}}}
example.tex(附录),1564,17.30,17.3,REGISTRY,W11_pen_alpha_cm,2.872e-03,=17.30\mathrm{cm}$已超过半长$L/2=12.5\mathrm{cm}$，先验论据不再充分，故改用
example.tex(附录),1564,2,2.0,ALLOW,题面: 半径 2 cm / 通用整数,0.0,=17.30\mathrm{cm}$已超过半长$L/2=12.5\mathrm{cm}$，先验论据不再充分，故改用
example.tex(附录),1564,12.5,12.5,REGISTRY,G_halfL,0.000e+00,=17.30\mathrm{cm}$已超过半长$L/2=12.5\mathrm{cm}$，先验论据不再充分，故改用
example.tex(附录),1567,1,1.0,ALLOW,题面: 半径网格 1 cm,0.0,\textbf{（1）对照模型。}与生产模型同方程、同物性（附录~3）、同环境激励、同时间积分
example.tex(附录),1567,3,3.0,ALLOW,3 h,0.0,\textbf{（1）对照模型。}与生产模型同方程、同物性（附录~3）、同环境激励、同时间积分
example.tex(附录),1568,1e-8,1e-08,ALLOW,量级,0.0,（BDF$+$终止事件，${\rm rtol}=1e-8$、max\_step$=3600\mathrm{s}$），只在空间上增加
example.tex(附录),1568,3600,3600.0,ALLOW,题面表3/4 时间点 1 h,0.0,（BDF$+$终止事件，${\rm rtol}=1e-8$、max\_step$=3600\mathrm{s}$），只在空间上增加
example.tex(附录),1569,0,0.0,ALLOW,零,0.0,"轴向维：求解域取半圆柱$z\in[0,L/2]$，$z=L/2$为中截面对称面（$\partial_z=0$精确），"
example.tex(附录),1569,2,2.0,ALLOW,题面: 半径 2 cm / 通用整数,0.0,"轴向维：求解域取半圆柱$z\in[0,L/2]$，$z=L/2$为中截面对称面（$\partial_z=0$精确），"
example.tex(附录),1569,2,2.0,ALLOW,题面: 半径 2 cm / 通用整数,0.0,"轴向维：求解域取半圆柱$z\in[0,L/2]$，$z=L/2$为中截面对称面（$\partial_z=0$精确），"
example.tex(附录),1569,0,0.0,ALLOW,零,0.0,"轴向维：求解域取半圆柱$z\in[0,L/2]$，$z=L/2$为中截面对称面（$\partial_z=0$精确），"
example.tex(附录),1570,0,0.0,ALLOW,零,0.0,$z=0$为端面，取与侧面\textbf{完全相同}的第三类边界（$h$、$h_m$、$T_\infty(t)$、
example.tex(附录),1572,2,2.0,ALLOW,题面: 半径 2 cm / 通用整数,0.0,质量），状态维数$2x201x(N_z+1)$。三类检验闭环：
example.tex(附录),1572,1,1.0,ALLOW,题面: 半径网格 1 cm,0.0,质量），状态维数$2x201x(N_z+1)$。三类检验闭环：
example.tex(附录),1573,0,0.0,ALLOW,零,0.0,其一，\textbf{对角化验证}：$N_z=0$（无轴向通量、无端面）时二维代码与正文一维
example.tex(附录),1574,1.7e-9,1.7e-09,REGISTRY,E_ML00_200,3.333e-11,半离散是同一离散，实测$t_{\mathrm{dry}}$偏差$1.7e-9\mathrm{s}$（机器精度）；
example.tex(附录),1575,1e4,10000.0,ALLOW,量级,0.0,其二，\textbf{最不利算例}：端面传质系数放大$1e4$倍（等效第一类边界
example.tex(附录),1578,0,0.0,ALLOW,零,0.0,$0\le h_m(u-C_\infty)$，而全程$C\ge C_\infty$成立），故$C\le C$处处成立、
example.tex(附录),1582,2,2.0,ALLOW,题面: 半径 2 cm / 通用整数,0.0,"\textbf{（2）解析尺度。}湿分端面效应被时间尺度扼制：记$D^\ast=D(C^*,50^\circ\mathrm{C})$，"
example.tex(附录),1582,50,50.0,ALLOW,网格数 M=50,0.0,"\textbf{（2）解析尺度。}湿分端面效应被时间尺度扼制：记$D^\ast=D(C^*,50^\circ\mathrm{C})$，"
example.tex(附录),1583,2,2.0,ALLOW,题面: 半径 2 cm / 通用整数,0.0,轴向湿分特征时间$(L/2)/D^\ast$高达$1.95e7\mathrm{s}$
example.tex(附录),1583,1.95e7,19500000.0,REGISTRY,W11_tscale_ax,2.830e+04,轴向湿分特征时间$(L/2)/D^\ast$高达$1.95e7\mathrm{s}$
example.tex(附录),1584,5424.5,5424.5,REGISTRY,W11_tscale_ax_h,2.802e-02,（即$5424.5\mathrm{h}$），为$t_{\mathrm{dry}}$的$94.5$倍（轴向/径向时间尺度比
example.tex(附录),1584,94.5,94.5,REGISTRY,W11_tscale_over_tdry,3.279e-02,（即$5424.5\mathrm{h}$），为$t_{\mathrm{dry}}$的$94.5$倍（轴向/径向时间尺度比
example.tex(附录),1585,2,2.0,ALLOW,题面: 半径 2 cm / 通用整数,0.0,$((L/2)/R)=39.06$）；即便恒取
example.tex(附录),1585,39.06,39.06,REGISTRY,W11_tscale_ratio,2.500e-03,$((L/2)/R)=39.06$）；即便恒取
example.tex(附录),1586,50,50.0,ALLOW,网格数 M=50,0.0,"湿态$D(C,50^\circ\mathrm{C})$作保守估计，穿透深度$\sqrt{Dt}=5.28\mathrm{cm}$"
example.tex(附录),1586,5.28,5.28,REGISTRY,W11_pen_dmax_cm,2.951e-03,"湿态$D(C,50^\circ\mathrm{C})$作保守估计，穿透深度$\sqrt{Dt}=5.28\mathrm{cm}$"
example.tex(附录),1587,1.29,1.29,REGISTRY,W11_pen_dstar_cm,3.916e-03,也不及半长的一半（末期按$D(C^*)$仅$1.29\mathrm{cm}$），且端部先干后该区$D$随$C$
example.tex(附录),1588,0.05,0.05,ALLOW,量级,0.0,塌缩（$D(C\approx0.05)$比$D(C)$小约三个数量级），轴向穿透自窒息。温度
example.tex(附录),1590,1e-4,0.0001,ALLOW,量级,0.0,$-L_vh_m(C-C_\infty)/h$量级（$1e-4\mathrm{K}$），实测中截面温度偏差最大仅
example.tex(附录),1591,1.72e-3,0.00172,REGISTRY,W11_dT_mid_n50,2.111e-06,$1.72e-3\mathrm{K}$（预热段端部蒸发冷却），经$\partial\ln D/\partial T
example.tex(附录),1592,3.69e-2,0.0369,REGISTRY,?,3.176e-05,=3.69e-2\mathrm{K}$传导给$D$的相对扰动仅$1e-4$量级，对
example.tex(附录),1592,1e-4,0.0001,ALLOW,量级,0.0,=3.69e-2\mathrm{K}$传导给$D$的相对扰动仅$1e-4$量级，对
example.tex(附录),1595,3,3.0,ALLOW,3 h,0.0,\textbf{（3）实测结果。}$t_{\mathrm{dry}}$对照（$M=200$）见表~14：
example.tex(附录),1595,200,200.0,ALLOW,网格数 M=200,0.0,\textbf{（3）实测结果。}$t_{\mathrm{dry}}$对照（$M=200$）见表~14：
example.tex(附录),1595,14,14.0,ALLOW,结构,0.0,\textbf{（3）实测结果。}$t_{\mathrm{dry}}$对照（$M=200$）见表~14：
example.tex(附录),1601,14,14.0,ALLOW,结构,0.0,\textbf{表~14  二维对照的 $t_{\mathrm{dry}}$（$\Delta t$ 为对一维参照之差）}\\[3pt]
example.tex(附录),1601,3,3.0,ALLOW,3 h,0.0,\textbf{表~14  二维对照的 $t_{\mathrm{dry}}$（$\Delta t$ 为对一维参照之差）}\\[3pt]
example.tex(附录),1606,1e-8,1e-08,ALLOW,量级,0.0,一维参照（halfcv，rtol $1e-8$） & $57.4212$ & — \\
example.tex(附录),1606,57.4212,57.4212,REGISTRY,W11_t_1dfv_h,3.055e-05,一维参照（halfcv，rtol $1e-8$） & $57.4212$ & — \\
example.tex(附录),1607,0,0.0,ALLOW,零,0.0,二维 $N_z=0$（对角化） & $57.4212$ & $+1.7e-9$ \\
example.tex(附录),1607,57.4212,57.4212,REGISTRY,W11_t_1dfv_h,3.055e-05,二维 $N_z=0$（对角化） & $57.4212$ & $+1.7e-9$ \\
example.tex(附录),1607,1.7e-9,1.7e-09,REGISTRY,E_ML00_200,3.333e-11,二维 $N_z=0$（对角化） & $57.4212$ & $+1.7e-9$ \\
example.tex(附录),1608,25,25.0,ALLOW,题面: 长度 25 cm,0.0,二维 $N_z=25$（$\Delta z=5\mathrm{mm}$） & $57.4189$ & $-8.232$ \\
example.tex(附录),1608,5,5.0,ALLOW,结构/常数,0.0,二维 $N_z=25$（$\Delta z=5\mathrm{mm}$） & $57.4189$ & $-8.232$ \\
example.tex(附录),1608,57.4189,57.4189,REGISTRY,W11_t_2d_n25_h,1.733e-05,二维 $N_z=25$（$\Delta z=5\mathrm{mm}$） & $57.4189$ & $-8.232$ \\
example.tex(附录),1608,-8.232,-8.232,REGISTRY,W11_dt_axial_n25,4.024e-04,二维 $N_z=25$（$\Delta z=5\mathrm{mm}$） & $57.4189$ & $-8.232$ \\
example.tex(附录),1609,50,50.0,ALLOW,网格数 M=50,0.0,二维 $N_z=50$（$\Delta z=2.5\mathrm{mm}$，主算例） & $57.4190$ & $\mathbf{-7.678}$ \\
example.tex(附录),1609,2.5,2.5,ALLOW,结构: 2.5 h,0.0,二维 $N_z=50$（$\Delta z=2.5\mathrm{mm}$，主算例） & $57.4190$ & $\mathbf{-7.678}$ \\
example.tex(附录),1609,57.4190,57.419,REGISTRY,W11_t_2d_n50_h,3.661e-05,二维 $N_z=50$（$\Delta z=2.5\mathrm{mm}$，主算例） & $57.4190$ & $\mathbf{-7.678}$ \\
example.tex(附录),1609,-7.678,-7.678,REGISTRY,W11_dt_axial_n50,1.985e-04,二维 $N_z=50$（$\Delta z=2.5\mathrm{mm}$，主算例） & $57.4190$ & $\mathbf{-7.678}$ \\
example.tex(附录),1610,57.4180,57.418,REGISTRY,W11_t_2d_enddir_h,1.060e-05,二维端面第一类（最不利） & $57.4180$ & $-11.448$ \\
example.tex(附录),1610,-11.448,-11.448,REGISTRY,W11_dt_axial_enddir,1.564e-04,二维端面第一类（最不利） & $57.4180$ & $-11.448$ \\
example.tex(附录),1616,50,50.0,ALLOW,网格数 M=50,0.0,轴向网格收敛$|\Delta(N_z{=}50)-\Delta(N_z{=}25)|=0.554\mathrm{s}$；全部变体的最大
example.tex(附录),1616,25,25.0,ALLOW,题面: 长度 25 cm,0.0,轴向网格收敛$|\Delta(N_z{=}50)-\Delta(N_z{=}25)|=0.554\mathrm{s}$；全部变体的最大
example.tex(附录),1616,0.554,0.554,REGISTRY,W11_dt_axial_consist,2.038e-04,轴向网格收敛$|\Delta(N_z{=}50)-\Delta(N_z{=}25)|=0.554\mathrm{s}$；全部变体的最大
example.tex(附录),1617,11.45,11.45,REGISTRY,W11_max_dt_axial,1.844e-03,轴向影响$11.45\mathrm{s}=0.0032\mathrm{h}$，比空间离散不确定度（$\pm0.028
example.tex(附录),1617,0.0032,0.0032,REGISTRY,MD_dC1_200_400,8.978e-06,轴向影响$11.45\mathrm{s}=0.0032\mathrm{h}$，比空间离散不确定度（$\pm0.028
example.tex(附录),1617,0.028,0.028,REGISTRY,P08_spatial_unc,4.216e-05,轴向影响$11.45\mathrm{s}=0.0032\mathrm{h}$，比空间离散不确定度（$\pm0.028
example.tex(附录),1618,-11.88,-11.88,REGISTRY,W11_dt_prod,1.645e-03,\mathrm{h}$）低一个数量级。二维主算例对生产解之差$-11.88\mathrm{s}$完全分解为
example.tex(附录),1619,-7.678,-7.678,REGISTRY,W11_dt_axial_n50,1.985e-04,轴向效应（$-7.678\mathrm{s}$）与离散格式差（halfcv对正文集中质量格式，
example.tex(附录),1620,-4.20,-4.2,REGISTRY,W11_dt_scheme,3.447e-03,$-4.20\mathrm{s}$，边界节点质量口径的已知$O(\Delta r)$差异），无剩余未知项。
example.tex(附录),1622,21,21.0,ALLOW,result2 半径列数,0.0,中截面上$21$个输出半径的剖面对照（共同窗取各解终止时刻最小值
example.tex(附录),1623,206704.76,206704.76,REGISTRY,W11_t_2d_enddir,1.853e-03,$t\le206704.76\mathrm{s}$，$617$个采样点）：轴向效应$\max|\Delta C|
example.tex(附录),1624,2.28e-5,2.28e-05,REGISTRY,W11_dC_mid_n50,1.550e-09,=2.28e-5\mathrm{kg/kg}$、$\max|\Delta T|=1.72e-3\mathrm{K}$；
example.tex(附录),1624,1.72e-3,0.00172,REGISTRY,W11_dT_mid_n50,2.111e-06,=2.28e-5\mathrm{kg/kg}$、$\max|\Delta T|=1.72e-3\mathrm{K}$；
example.tex(附录),1625,2.67e-5,2.67e-05,REGISTRY,W11_dC_scheme,1.643e-08,离散格式差（一维有限体积对正文集中质量格式）$2.67e-5\mathrm{kg/kg}$、
example.tex(附录),1626,1.24e-4,0.000124,REGISTRY,W11_dT_scheme,3.625e-07,$1.24e-4\mathrm{K}$；二维主算例对生产解$4.57e-5\mathrm{kg/kg}$、
example.tex(附录),1626,4.57e-5,4.57e-05,REGISTRY,W11_dC_prod_n50,3.495e-08,$1.24e-4\mathrm{K}$；二维主算例对生产解$4.57e-5\mathrm{kg/kg}$、
example.tex(附录),1627,1.73e-3,0.00173,REGISTRY,W11_dT_prod_n50,2.532e-06,"$1.73e-3\mathrm{K}$。$t_{\mathrm{dry}}$时刻的轴线轴向剖面$C(0,z)$在"
example.tex(附录),1627,0,0.0,ALLOW,零,0.0,"$1.73e-3\mathrm{K}$。$t_{\mathrm{dry}}$时刻的轴线轴向剖面$C(0,z)$在"
example.tex(附录),1628,0,0.0,ALLOW,零,0.0,$z=0/1/2/5/12.5\mathrm{cm}$处为$0.0525/0.1321/0.1433/0.1494/0.1500$，低于
example.tex(附录),1628,1,1.0,ALLOW,题面: 半径网格 1 cm,0.0,$z=0/1/2/5/12.5\mathrm{cm}$处为$0.0525/0.1321/0.1433/0.1494/0.1500$，低于
example.tex(附录),1628,2,2.0,ALLOW,题面: 半径 2 cm / 通用整数,0.0,$z=0/1/2/5/12.5\mathrm{cm}$处为$0.0525/0.1321/0.1433/0.1494/0.1500$，低于
example.tex(附录),1628,5,5.0,ALLOW,结构/常数,0.0,$z=0/1/2/5/12.5\mathrm{cm}$处为$0.0525/0.1321/0.1433/0.1494/0.1500$，低于
example.tex(附录),1628,12.5,12.5,REGISTRY,G_halfL,0.000e+00,$z=0/1/2/5/12.5\mathrm{cm}$处为$0.0525/0.1321/0.1433/0.1494/0.1500$，低于
example.tex(附录),1628,0.0525,0.0525,REGISTRY,W11_C_end_axis,8.427e-06,$z=0/1/2/5/12.5\mathrm{cm}$处为$0.0525/0.1321/0.1433/0.1494/0.1500$，低于
example.tex(附录),1628,0.1321,0.1321,REGISTRY,W11_C_ax_1cm,2.424e-05,$z=0/1/2/5/12.5\mathrm{cm}$处为$0.0525/0.1321/0.1433/0.1494/0.1500$，低于
example.tex(附录),1628,0.1433,0.1433,REGISTRY,W11_C_ax_2cm,1.157e-05,$z=0/1/2/5/12.5\mathrm{cm}$处为$0.0525/0.1321/0.1433/0.1494/0.1500$，低于
example.tex(附录),1628,0.1494,0.1494,REGISTRY,W11_C_ax_5cm,1.812e-05,$z=0/1/2/5/12.5\mathrm{cm}$处为$0.0525/0.1321/0.1433/0.1494/0.1500$，低于
example.tex(附录),1628,0.1500,0.15,ALLOW,题面问题3: 含水率目标 0.15 kg/kg,0.0,$z=0/1/2/5/12.5\mathrm{cm}$处为$0.0525/0.1321/0.1433/0.1494/0.1500$，低于
example.tex(附录),1629,-0.005,-0.005,REGISTRY,LH_vfvg_40|abs,1.646e-04,$C^*-0.005$的端部干燥层仅深入$2.25\mathrm{cm}$（半长的$18%$）；argmax诊断在
example.tex(附录),1629,2.25,2.25,REGISTRY,W11_z_dip_cm,0.000e+00,$C^*-0.005$的端部干燥层仅深入$2.25\mathrm{cm}$（半长的$18%$）；argmax诊断在
example.tex(附录),1629,18,18.0,ALLOW,结构,0.0,$C^*-0.005$的端部干燥层仅深入$2.25\mathrm{cm}$（半长的$18%$）；argmax诊断在
example.tex(附录),1630,0,0.0,ALLOW,零,0.0,$t\approx0$的并列期（最后一次偏离$t=1510.9\mathrm{s}$）之后恒在中截面轴心。
example.tex(附录),1630,1510.9,1510.9,REGISTRY,W11_argmax_last_t_n50,4.143e-02,$t\approx0$的并列期（最后一次偏离$t=1510.9\mathrm{s}$）之后恒在中截面轴心。
example.tex(附录),1631,3.5e-5,3.5e-05,REGISTRY,W11_water_resid,2.985e-08,二维水量收支相对残差$3.5e-5$；全程失水率二维$95.24%$对一维$95.13%$
example.tex(附录),1631,95.24,95.24,REGISTRY,W11_wloss_2d,6.504e-06,二维水量收支相对残差$3.5e-5$；全程失水率二维$95.24%$对一维$95.13%$
example.tex(附录),1631,95.13,95.13,REGISTRY,W11_wloss_1d,1.248e-05,二维水量收支相对残差$3.5e-5$；全程失水率二维$95.24%$对一维$95.13%$
example.tex(附录),1632,8,8.0,ALLOW,结构,0.0,（端面$8%$的额外换热/失水面积只改变总失水量，不改变全场最大值所在点的达标时刻）。
example.tex(附录),1634,57.4,57.4,REGISTRY,W11_t_2d_enddir_h,1.799e-02,综上：径向一维简化在问题三的$57.4\mathrm{h}$跨度下成立且偏于安全；正文误差预算中
example.tex(附录),1635,0.0032,0.0032,REGISTRY,MD_dC1_200_400,8.978e-06,降维项记$\le0.0032\mathrm{h}$，表~5与\texttt{result3.xlsx}不含可分辨的降维误差。
example.tex(附录),1635,5,5.0,ALLOW,结构/常数,0.0,降维项记$\le0.0032\mathrm{h}$，表~5与\texttt{result3.xlsx}不含可分辨的降维误差。
example.tex(附录),1635,3,3.0,ALLOW,3 h,0.0,降维项记$\le0.0032\mathrm{h}$，表~5与\texttt{result3.xlsx}不含可分辨的降维误差。
example.tex(附录),1642,2,2.0,ALLOW,题面: 半径 2 cm / 通用整数,0.0,的物质坐标方程中\emph{不}残留含收缩速率的项；其二，附件~2 的收缩数据能否与水分收支
example.tex(附录),1645,1,1.0,ALLOW,题面: 半径网格 1 cm,0.0,\subsection*{C.1 控制体的水量收支}
example.tex(附录),1657,2,2.0,ALLOW,题面: 半径 2 cm / 通用整数,0.0,控制体内的水量按干基计量为 $W=2\pi\!\intC\beta\xi R\mathrm d\xi
example.tex(附录),1658,2,2.0,ALLOW,题面: 半径 2 cm / 通用整数,0.0,=2\pi\betaR\!\intC\xi\mathrm d\xi$，其变化率等于两侧的净通量。
example.tex(附录),1659,2,2.0,ALLOW,题面: 半径 2 cm / 通用整数,0.0,水的物理通量为 $J=-\beta D\partial_rC$，经半径 $r=\xi R$ 的侧面积 $2\pi r$，
example.tex(附录),1664,1,1.0,ALLOW,题面: 半径网格 1 cm,0.0,=(1)/(\betaR)[2\pi\beta\xi D\partial_\xi C]
example.tex(附录),1664,2,2.0,ALLOW,题面: 半径 2 cm / 通用整数,0.0,=(1)/(\betaR)[2\pi\beta\xi D\partial_\xi C]
example.tex(附录),1665,1,1.0,ALLOW,题面: 半径网格 1 cm,0.0,"=(1)/(R)[\xi D\partial_\xi C],"
example.tex(附录),1668,1,1.0,ALLOW,题面: 半径网格 1 cm,0.0,其中用到 $\partial_rC=(1/R)\partial_\xi C$ 与式~ 消去 $\beta$。
example.tex(附录),1674,1,1.0,ALLOW,题面: 半径网格 1 cm,0.0,=(1)/(\xi R(t))(\partial)/(\partial \xi)
example.tex(附录),1678,2,2.0,ALLOW,题面: 半径 2 cm / 通用整数,0.0,\subsection*{C.2 为什么没有含 $\dot R$ 的项}
example.tex(附录),1680,1,1.0,ALLOW,题面: 半径网格 1 cm,0.0,上式右端的 $1/R(t)$ 是唯一的收缩痕迹。这一步容易被误判，故把两个候选来源逐项写出。
example.tex(附录),1684,2,2.0,ALLOW,题面: 半径 2 cm / 通用整数,0.0,=2\dot R/R$。变换到物质坐标后，$\partial c/\partial t|_\xi$ 中因体积压缩出现 $-2c\dot R/R$，
example.tex(附录),1684,-2,-2.0,REGISTRY,V7_dtdT,1.765e-01,=2\dot R/R$。变换到物质坐标后，$\partial c/\partial t|_\xi$ 中因体积压缩出现 $-2c\dot R/R$，
example.tex(附录),1685,2,2.0,ALLOW,题面: 半径 2 cm / 通用整数,0.0,而 $\nabla\!\cdot\!(c\mathbf v_s)$ 贡献 $+2c\dot R/R$，两项\textbf{精确相消}。换成干基
example.tex(附录),1689,0,0.0,ALLOW,零,0.0,一望即知的检验：取空间均匀的 $C$，则 $\partial_\xi C\equiv0$，式~
example.tex(附录),1690,0,0.0,ALLOW,零,0.0,给出 $\partial C/\partial t=0$：物质只发生移动而不改变浓度，与物理相符。若方程中
example.tex(附录),1691,2,2.0,ALLOW,题面: 半径 2 cm / 通用整数,0.0,多出 $+2C\dot R/R$ 之类的源项，均匀场就会凭空变化，故该源项不存在。
example.tex(附录),1693,3,3.0,ALLOW,3 h,0.0,\subsection*{C.3 物理坐标下的等价形式}
example.tex(附录),1701,1,1.0,ALLOW,题面: 半径网格 1 cm,0.0,"=(1)/(r)(\partial)/(\partial r)(rD(C,T)(\partial C)/(\partial r)),"
example.tex(附录),1711,4,4.0,ALLOW,结构/常数,0.0,\subsection*{C.4 附件 2 收缩数据与水分收支的相容性}
example.tex(附录),1711,2,2.0,ALLOW,题面: 半径 2 cm / 通用整数,0.0,\subsection*{C.4 附件 2 收缩数据与水分收支的相容性}
example.tex(附录),1725,2,2.0,ALLOW,题面: 半径 2 cm / 通用整数,0.0,径向收缩且轴向不变时 $V/V=(R/R)$。用附件~2 的 $R(t)$ 反解体积平均含水率：
example.tex(附录),1731,10,10.0,ALLOW,结构,0.0,\textbf{表~10  由附件~2 收缩数据反解的体积平均含水率（$\mathrm{kg/kg}$）}\\[3pt]
example.tex(附录),1731,2,2.0,ALLOW,题面: 半径 2 cm / 通用整数,0.0,\textbf{表~10  由附件~2 收缩数据反解的体积平均含水率（$\mathrm{kg/kg}$）}\\[3pt]
example.tex(附录),1731,3,3.0,ALLOW,3 h,0.0,\textbf{表~10  由附件~2 收缩数据反解的体积平均含水率（$\mathrm{kg/kg}$）}\\[3pt]
example.tex(附录),1735,900,900.0,ALLOW,题面表1/2 时间点,0.0,& $\rho_d=900$ & $1000$ & $1300$ & $1500$ \\
example.tex(附录),1735,1000,1000.0,ALLOW,量级,0.0,& $\rho_d=900$ & $1000$ & $1300$ & $1500$ \\
example.tex(附录),1735,1300,1300.0,REGISTRY,?,0.000e+00,& $\rho_d=900$ & $1000$ & $1300$ & $1500$ \\
example.tex(附录),1735,1500,1500.0,ALLOW,题面表1/2 时间点,0.0,& $\rho_d=900$ & $1000$ & $1300$ & $1500$ \\
example.tex(附录),1737,0,0.0,ALLOW,零,0.0,$0$    & $2.000$ & $1.0000$ & $2.5500$ & $2.5500$ & $2.5500$ & $2.5500$ \\
example.tex(附录),1737,2.000,2.0,ALLOW,题面: 半径 2 cm / 通用整数,0.0,$0$    & $2.000$ & $1.0000$ & $2.5500$ & $2.5500$ & $2.5500$ & $2.5500$ \\
example.tex(附录),1737,1.0000,1.0,ALLOW,题面: 半径网格 1 cm,0.0,$0$    & $2.000$ & $1.0000$ & $2.5500$ & $2.5500$ & $2.5500$ & $2.5500$ \\
example.tex(附录),1737,2.5500,2.55,ALLOW,题面: 初始干基含水率 2.55 kg/kg,0.0,$0$    & $2.000$ & $1.0000$ & $2.5500$ & $2.5500$ & $2.5500$ & $2.5500$ \\
example.tex(附录),1737,2.5500,2.55,ALLOW,题面: 初始干基含水率 2.55 kg/kg,0.0,$0$    & $2.000$ & $1.0000$ & $2.5500$ & $2.5500$ & $2.5500$ & $2.5500$ \\
example.tex(附录),1737,2.5500,2.55,ALLOW,题面: 初始干基含水率 2.55 kg/kg,0.0,$0$    & $2.000$ & $1.0000$ & $2.5500$ & $2.5500$ & $2.5500$ & $2.5500$ \\
example.tex(附录),1737,2.5500,2.55,ALLOW,题面: 初始干基含水率 2.55 kg/kg,0.0,$0$    & $2.000$ & $1.0000$ & $2.5500$ & $2.5500$ & $2.5500$ & $2.5500$ \\
example.tex(附录),1738,6,6.0,ALLOW,结构: 表格行数,0.0,$6$    & $1.374$ & $0.4720$ & $0.6168$ & $0.6755$ & $0.7973$ & $0.8515$ \\
example.tex(附录),1738,1.374,1.374,REGISTRY,?,0.000e+00,$6$    & $1.374$ & $0.4720$ & $0.6168$ & $0.6755$ & $0.7973$ & $0.8515$ \\
example.tex(附录),1738,0.4720,0.472,REGISTRY,?,3.100e-05,$6$    & $1.374$ & $0.4720$ & $0.6168$ & $0.6755$ & $0.7973$ & $0.8515$ \\
example.tex(附录),1738,0.6168,0.6168,REGISTRY,?,1.984e-05,$6$    & $1.374$ & $0.4720$ & $0.6168$ & $0.6755$ & $0.7973$ & $0.8515$ \\
example.tex(附录),1738,0.6755,0.6755,REGISTRY,?,1.005e-05,$6$    & $1.374$ & $0.4720$ & $0.6168$ & $0.6755$ & $0.7973$ & $0.8515$ \\
example.tex(附录),1738,0.7973,0.7973,REGISTRY,?,4.326e-05,$6$    & $1.374$ & $0.4720$ & $0.6168$ & $0.6755$ & $0.7973$ & $0.8515$ \\
example.tex(附录),1738,0.8515,0.8515,REGISTRY,?,2.833e-07,$6$    & $1.374$ & $0.4720$ & $0.6168$ & $0.6755$ & $0.7973$ & $0.8515$ \\
example.tex(附录),1739,12,12.0,ALLOW,网格数 M=12 (Jacobian 校核),0.0,$12$   & $1.248$ & $0.3894$ & $0.3144$ & $0.3823$ & $0.5232$ & $0.5858$ \\
example.tex(附录),1739,1.248,1.248,REGISTRY,?,0.000e+00,$12$   & $1.248$ & $0.3894$ & $0.3144$ & $0.3823$ & $0.5232$ & $0.5858$ \\
example.tex(附录),1739,0.3894,0.3894,REGISTRY,?,2.400e-05,$12$   & $1.248$ & $0.3894$ & $0.3144$ & $0.3823$ & $0.5232$ & $0.5858$ \\
example.tex(附录),1739,0.3144,0.3144,REGISTRY,?,3.769e-05,$12$   & $1.248$ & $0.3894$ & $0.3144$ & $0.3823$ & $0.5232$ & $0.5858$ \\
example.tex(附录),1739,0.3823,0.3823,REGISTRY,?,1.520e-05,$12$   & $1.248$ & $0.3894$ & $0.3144$ & $0.3823$ & $0.5232$ & $0.5858$ \\
example.tex(附录),1739,0.5232,0.5232,REGISTRY,?,1.969e-06,$12$   & $1.248$ & $0.3894$ & $0.3144$ & $0.3823$ & $0.5232$ & $0.5858$ \\
example.tex(附录),1739,0.5858,0.5858,REGISTRY,?,2.613e-05,$12$   & $1.248$ & $0.3894$ & $0.3144$ & $0.3823$ & $0.5232$ & $0.5858$ \\
example.tex(附录),1740,24,24.0,ALLOW,结构,0.0,$24$   & $1.204$ & $0.3624$ & $0.2157$ & $0.2865$ & $0.4337$ & $0.4991$ \\
example.tex(附录),1740,1.204,1.204,REGISTRY,?,0.000e+00,$24$   & $1.204$ & $0.3624$ & $0.2157$ & $0.2865$ & $0.4337$ & $0.4991$ \\
example.tex(附录),1740,0.3624,0.3624,REGISTRY,?,4.000e-06,$24$   & $1.204$ & $0.3624$ & $0.2157$ & $0.2865$ & $0.4337$ & $0.4991$ \\
example.tex(附录),1740,0.2157,0.2157,REGISTRY,?,9.800e-06,$24$   & $1.204$ & $0.3624$ & $0.2157$ & $0.2865$ & $0.4337$ & $0.4991$ \\
example.tex(附录),1740,0.2865,0.2865,REGISTRY,?,3.420e-05,$24$   & $1.204$ & $0.3624$ & $0.2157$ & $0.2865$ & $0.4337$ & $0.4991$ \\
example.tex(附录),1740,0.4337,0.4337,REGISTRY,?,2.826e-05,$24$   & $1.204$ & $0.3624$ & $0.2157$ & $0.2865$ & $0.4337$ & $0.4991$ \\
example.tex(附录),1740,0.4991,0.4991,REGISTRY,?,3.380e-05,$24$   & $1.204$ & $0.3624$ & $0.2157$ & $0.2865$ & $0.4337$ & $0.4991$ \\
example.tex(附录),1741,72,72.0,REGISTRY,DV_nmono_j15,0.000e+00,$72$   & $1.198$ & $0.3588$ & $0.2025$ & $0.2737$ & $0.4217$ & $0.4875$ \\
example.tex(附录),1741,1.198,1.198,REGISTRY,H_R_259200,0.000e+00,$72$   & $1.198$ & $0.3588$ & $0.2025$ & $0.2737$ & $0.4217$ & $0.4875$ \\
example.tex(附录),1741,0.3588,0.3588,REGISTRY,?,1.000e-06,$72$   & $1.198$ & $0.3588$ & $0.2025$ & $0.2737$ & $0.4217$ & $0.4875$ \\
example.tex(附录),1741,0.2025,0.2025,REGISTRY,?,7.833e-07,$72$   & $1.198$ & $0.3588$ & $0.2025$ & $0.2737$ & $0.4217$ & $0.4875$ \\
example.tex(附录),1741,0.2737,0.2737,REGISTRY,?,4.355e-05,$72$   & $1.198$ & $0.3588$ & $0.2025$ & $0.2737$ & $0.4217$ & $0.4875$ \\
example.tex(附录),1741,0.4217,0.4217,REGISTRY,?,1.255e-05,$72$   & $1.198$ & $0.3588$ & $0.2025$ & $0.2737$ & $0.4217$ & $0.4875$ \\
example.tex(附录),1741,0.4875,0.4875,REGISTRY,?,2.345e-05,$72$   & $1.198$ & $0.3588$ & $0.2025$ & $0.2737$ & $0.4217$ & $0.4875$ \\
example.tex(附录),1750,0.20,0.2,ALLOW,附录4: k 的 C 系数,0.0,$0.20\sim0.49$，即使在 $\rho_d=1300\mathrm{kg/m}$ 这一植物组织的常规量级下，
example.tex(附录),1750,0.49,0.49,REGISTRY,?,8.094e-04,$0.20\sim0.49$，即使在 $\rho_d=1300\mathrm{kg/m}$ 这一植物组织的常规量级下，
example.tex(附录),1750,1300,1300.0,REGISTRY,?,0.000e+00,$0.20\sim0.49$，即使在 $\rho_d=1300\mathrm{kg/m}$ 这一植物组织的常规量级下，
example.tex(附录),1751,72,72.0,REGISTRY,DV_nmono_j15,0.000e+00,$72\mathrm{h}$ 仍为 $0.4217\mathrm{kg/kg}$，是阈值 $0.15$ 的 $2.81$ 倍。
example.tex(附录),1751,0.4217,0.4217,REGISTRY,?,1.255e-05,$72\mathrm{h}$ 仍为 $0.4217\mathrm{kg/kg}$，是阈值 $0.15$ 的 $2.81$ 倍。
example.tex(附录),1751,0.15,0.15,ALLOW,题面问题3: 含水率目标 0.15 kg/kg,0.0,$72\mathrm{h}$ 仍为 $0.4217\mathrm{kg/kg}$，是阈值 $0.15$ 的 $2.81$ 倍。
example.tex(附录),1751,2.81,2.81,REGISTRY,?,1.417e-03,$72\mathrm{h}$ 仍为 $0.4217\mathrm{kg/kg}$，是阈值 $0.15$ 的 $2.81$ 倍。
example.tex(附录),1753,0,0.0,ALLOW,零,0.0,\textbf{其二，更简洁的判据是临界半径。}令式~ 中 $\bar C=0$ 得
example.tex(附录),1759,1.198,1.198,REGISTRY,H_R_259200,0.000e+00,要求 $r_c\ge R=1.198\mathrm{cm}$（附件~2 全程的最小半径）即需
example.tex(附录),1759,2,2.0,ALLOW,题面: 半径 2 cm / 通用整数,0.0,要求 $r_c\ge R=1.198\mathrm{cm}$（附件~2 全程的最小半径）即需
example.tex(附录),1760,1.4269,1.4269,REGISTRY,?,2.448e-05,$\kappa\ge1.4269$，等价 $\rho_d\le700.8\mathrm{kg/m}$，低于任何植物组织的合理干密度。
example.tex(附录),1760,700.8,700.8,REGISTRY,?,7.936e-03,$\kappa\ge1.4269$，等价 $\rho_d\le700.8\mathrm{kg/m}$，低于任何植物组织的合理干密度。
example.tex(附录),1761,2,2.0,ALLOW,题面: 半径 2 cm / 通用整数,0.0,在合理的干密度下附件~2 的收缩必然把含水率压到零以下，矛盾不可回避。
example.tex(附录),1763,6,6.0,ALLOW,结构: 表格行数,0.0,\textbf{其三，不存在单一干密度使两者全程相容。}反解所需的 $\kappa$ 由 $6\mathrm{h}$ 的
example.tex(附录),1764,0.261,0.261,REGISTRY,?,1.102e-04,$0.261$（等价 $\rho_d=3828\mathrm{kg/m}$）单调升到 $51.1\mathrm{h}$ 的 $1.249$
example.tex(附录),1764,3828,3828.0,REGISTRY,?,1.517e-01,$0.261$（等价 $\rho_d=3828\mathrm{kg/m}$）单调升到 $51.1\mathrm{h}$ 的 $1.249$
example.tex(附录),1764,51.1,51.1,REGISTRY,X27,0.000e+00,$0.261$（等价 $\rho_d=3828\mathrm{kg/m}$）单调升到 $51.1\mathrm{h}$ 的 $1.249$
example.tex(附录),1764,1.249,1.249,REGISTRY,?,4.223e-04,$0.261$（等价 $\rho_d=3828\mathrm{kg/m}$）单调升到 $51.1\mathrm{h}$ 的 $1.249$
example.tex(附录),1765,800,800.0,ALLOW,网格数 M=800,0.0,（等价 $\rho_d=800\mathrm{kg/m}$），变化 $4.78$ 倍。
example.tex(附录),1765,4.78,4.78,REGISTRY,?,2.978e-03,（等价 $\rho_d=800\mathrm{kg/m}$），变化 $4.78$ 倍。
example.tex(附录),1767,2,2.0,ALLOW,题面: 半径 2 cm / 通用整数,0.0,物理解释是：附件~2 的收缩幅度大于水体积减少所能解释的幅度，多出的部分来自
example.tex(附录),1771,2,2.0,ALLOW,题面: 半径 2 cm / 通用整数,0.0,无法用收缩数据约束水分场，也无法外推附件~2 时间上界之外的收缩；
example.tex(附录),1775,4,4.0,ALLOW,结构/常数,0.0,\texttt{outputs/registry\_q4\_compat.csv} 与 \texttt{registry\_q4\_derived.csv}。
example.tex(附录),1775,4,4.0,ALLOW,结构/常数,0.0,\texttt{outputs/registry\_q4\_compat.csv} 与 \texttt{registry\_q4\_derived.csv}。
example.tex(附录),1783,1,1.0,ALLOW,题面: 半径网格 1 cm,0.0,\subsection*{D.1 时间尺度在过程中的演化}
example.tex(附录),1786,50,50.0,ALLOW,网格数 M=50,0.0,$\tau=R/D$，其中 $\alpha=k/(\rho c_p)$。在 $50^\circ\mathrm{C}$ 下：
example.tex(附录),1792,15,15.0,ALLOW,结构,0.0,\textbf{表~15  特征时间的全过程演化（$\alpha$ 与 $D$ 均按对应含水率取值）}\\[3pt]
example.tex(附录),1792,3,3.0,ALLOW,3 h,0.0,\textbf{表~15  特征时间的全过程演化（$\alpha$ 与 $D$ 均按对应含水率取值）}\\[3pt]
example.tex(附录),1798,2.55,2.55,ALLOW,题面: 初始干基含水率 2.55 kg/kg,0.0,问题三，$C=2.55$ & $1.4483e-7$ & $1.3471e-8$
example.tex(附录),1798,1.4483e-7,1.4483e-07,REGISTRY,?,1.829e-12,问题三，$C=2.55$ & $1.4483e-7$ & $1.3471e-8$
example.tex(附录),1798,1.3471e-8,1.3471e-08,REGISTRY,B_D_2.55_50,3.178e-14,问题三，$C=2.55$ & $1.4483e-7$ & $1.3471e-8$
example.tex(附录),1799,2.76e3,2760.0,REGISTRY,C_tauT,1.894e+00,& $2.76e3$ & $2.97e4$ \\
example.tex(附录),1799,2.97e4,29700.0,REGISTRY,?,6.514e+00,& $2.76e3$ & $2.97e4$ \\
example.tex(附录),1800,0.15,0.15,ALLOW,题面问题3: 含水率目标 0.15 kg/kg,0.0,问题三，$C^*=0.15$ & $2.1467e-7$ & $8.0012e-10$
example.tex(附录),1800,2.1467e-7,2.1467e-07,REGISTRY,?,3.755e-12,问题三，$C^*=0.15$ & $2.1467e-7$ & $8.0012e-10$
example.tex(附录),1800,8.0012e-10,8.0012e-10,REGISTRY,B_D_0.15_50,8.147e-16,问题三，$C^*=0.15$ & $2.1467e-7$ & $8.0012e-10$
example.tex(附录),1801,1.86e3,1860.0,REGISTRY,registry_q2_latent_heat.csv:cp_vapor_ideal_J_per_kgK,3.181e+00,& $1.86e3$ & $5.00e5$ \\
example.tex(附录),1801,5.00e5,500000.0,REGISTRY,?,7.550e+01,& $1.86e3$ & $5.00e5$ \\
example.tex(附录),1802,2.55,2.55,ALLOW,题面: 初始干基含水率 2.55 kg/kg,0.0,问题四，$C=2.55$ & $7.8501e-8$ & $2.5003e-9$
example.tex(附录),1802,7.8501e-8,7.8501e-08,REGISTRY,?,3.951e-13,问题四，$C=2.55$ & $7.8501e-8$ & $2.5003e-9$
example.tex(附录),1802,2.5003e-9,2.5003e-09,REGISTRY,?,4.909e-14,问题四，$C=2.55$ & $7.8501e-8$ & $2.5003e-9$
example.tex(附录),1803,5.10e3,5100.0,REGISTRY,?,4.498e+00,& $5.10e3$ & $1.60e5$ \\
example.tex(附录),1803,1.60e5,160000.0,REGISTRY,?,1.606e+01,& $5.10e3$ & $1.60e5$ \\
example.tex(附录),1804,1.20,1.2,REGISTRY,?,0.000e+00,问题四，$C^*$ 且 $R=1.20\mathrm{cm}$ & $8.8651e-8$
example.tex(附录),1804,8.8651e-8,8.8651e-08,REGISTRY,?,1.550e-13,问题四，$C^*$ 且 $R=1.20\mathrm{cm}$ & $8.8651e-8$
example.tex(附录),1805,3.8062e-10,3.8062e-10,REGISTRY,?,3.073e-15,& $3.8062e-10$ & $1.62e3$ & $3.78e5$ \\
example.tex(附录),1805,1.62e3,1620.0,REGISTRY,W11_argmax_last_t_enddir,0.000e+00,& $3.8062e-10$ & $1.62e3$ & $3.78e5$ \\
example.tex(附录),1805,3.78e5,378000.0,REGISTRY,?,3.331e+02,& $3.8062e-10$ & $1.62e3$ & $3.78e5$ \\
example.tex(附录),1812,10.75,10.75,REGISTRY,?,1.133e-03,问题三的 $\tau/\tau$ 由 $10.75$ 增到 $268.29$，问题四由 $31.40$
example.tex(附录),1812,268.29,268.29,REGISTRY,?,2.290e-03,问题三的 $\tau/\tau$ 由 $10.75$ 增到 $268.29$，问题四由 $31.40$
example.tex(附录),1812,31.40,31.4,REGISTRY,?,2.909e-03,问题三的 $\tau/\tau$ 由 $10.75$ 增到 $268.29$，问题四由 $31.40$
example.tex(附录),1813,232.91,232.91,REGISTRY,?,3.564e-03,增到 $232.91$。快慢模态相差两个数量级，正是刚性（stiffness）的物理来源。
example.tex(附录),1815,2,2.0,ALLOW,题面: 半径 2 cm / 通用整数,0.0,\subsection*{D.2 半离散系统的 Jacobian 谱}
example.tex(附录),1817,200,200.0,ALLOW,网格数 M=200,0.0,在生产网格 $M=200$ 上组装 $402$ 阶 Jacobian 并求全部特征值：
example.tex(附录),1817,402,402.0,REGISTRY,?,0.000e+00,在生产网格 $M=200$ 上组装 $402$ 阶 Jacobian 并求全部特征值：
example.tex(附录),1823,16,16.0,ALLOW,1/16 s 的时间步分母,0.0,\textbf{表~16  Jacobian 谱（$M=200$，正/负实部特征值个数与极值）}\\[3pt]
example.tex(附录),1823,200,200.0,ALLOW,网格数 M=200,0.0,\textbf{表~16  Jacobian 谱（$M=200$，正/负实部特征值个数与极值）}\\[3pt]
example.tex(附录),1823,3,3.0,ALLOW,3 h,0.0,\textbf{表~16  Jacobian 谱（$M=200$，正/负实部特征值个数与极值）}\\[3pt]
example.tex(附录),1830,0,0.0,ALLOW,零,0.0,"问题三 $t=0$ & $[-5.98e1,-4.39e-5]$ & $0$ & $5.98e1$ & $1.36e6$ \\"
example.tex(附录),1830,-5.98e1,-59.8,REGISTRY,?,4.002e-02,"问题三 $t=0$ & $[-5.98e1,-4.39e-5]$ & $0$ & $5.98e1$ & $1.36e6$ \\"
example.tex(附录),1830,-4.39e-5,-4.39e-05,REGISTRY,?,2.764e-08,"问题三 $t=0$ & $[-5.98e1,-4.39e-5]$ & $0$ & $5.98e1$ & $1.36e6$ \\"
example.tex(附录),1830,0,0.0,ALLOW,零,0.0,"问题三 $t=0$ & $[-5.98e1,-4.39e-5]$ & $0$ & $5.98e1$ & $1.36e6$ \\"
example.tex(附录),1830,5.98e1,59.8,REGISTRY,G07_饱和指数_p0,3.084e-02,"问题三 $t=0$ & $[-5.98e1,-4.39e-5]$ & $0$ & $5.98e1$ & $1.36e6$ \\"
example.tex(附录),1830,1.36e6,1360000.0,REGISTRY,?,3.957e+03,"问题三 $t=0$ & $[-5.98e1,-4.39e-5]$ & $0$ & $5.98e1$ & $1.36e6$ \\"
example.tex(附录),1831,-8.87e1,-88.7,REGISTRY,?,4.286e-03,"问题三 $t=t$ & $[-8.87e1,-9.06e-6]$ & $0$ & $8.87e1$ & $9.79e6$ \\"
example.tex(附录),1831,-9.06e-6,-9.06e-06,REGISTRY,?,1.424e-09,"问题三 $t=t$ & $[-8.87e1,-9.06e-6]$ & $0$ & $8.87e1$ & $9.79e6$ \\"
example.tex(附录),1831,0,0.0,ALLOW,零,0.0,"问题三 $t=t$ & $[-8.87e1,-9.06e-6]$ & $0$ & $8.87e1$ & $9.79e6$ \\"
example.tex(附录),1831,8.87e1,88.7,REGISTRY,?,4.286e-03,"问题三 $t=t$ & $[-8.87e1,-9.06e-6]$ & $0$ & $8.87e1$ & $9.79e6$ \\"
example.tex(附录),1831,9.79e6,9790000.0,REGISTRY,?,1.725e+03,"问题三 $t=t$ & $[-8.87e1,-9.06e-6]$ & $0$ & $8.87e1$ & $9.79e6$ \\"
example.tex(附录),1832,0,0.0,ALLOW,零,0.0,"问题四 $t=0$ & $[-3.24e1,-1.33e-5]$ & $0$ & $3.24e1$ & $2.44e6$ \\"
example.tex(附录),1832,-3.24e1,-32.4,REGISTRY,?,3.483e-02,"问题四 $t=0$ & $[-3.24e1,-1.33e-5]$ & $0$ & $3.24e1$ & $2.44e6$ \\"
example.tex(附录),1832,-1.33e-5,-1.33e-05,REGISTRY,?,5.590e-09,"问题四 $t=0$ & $[-3.24e1,-1.33e-5]$ & $0$ & $3.24e1$ & $2.44e6$ \\"
example.tex(附录),1832,0,0.0,ALLOW,零,0.0,"问题四 $t=0$ & $[-3.24e1,-1.33e-5]$ & $0$ & $3.24e1$ & $2.44e6$ \\"
example.tex(附录),1832,3.24e1,32.4,REGISTRY,?,3.483e-02,"问题四 $t=0$ & $[-3.24e1,-1.33e-5]$ & $0$ & $3.24e1$ & $2.44e6$ \\"
example.tex(附录),1832,2.44e6,2440000.0,REGISTRY,?,2.652e+02,"问题四 $t=0$ & $[-3.24e1,-1.33e-5]$ & $0$ & $3.24e1$ & $2.44e6$ \\"
example.tex(附录),1833,-1.02e2,-102.0,REGISTRY,?,2.537e-01,"问题四 $t=t$ & $[-1.02e2,-1.23e-5]$ & $0$ & $1.02e2$ & $8.27e6$ \\"
example.tex(附录),1833,-1.23e-5,-1.23e-05,REGISTRY,?,1.929e-10,"问题四 $t=t$ & $[-1.02e2,-1.23e-5]$ & $0$ & $1.02e2$ & $8.27e6$ \\"
example.tex(附录),1833,0,0.0,ALLOW,零,0.0,"问题四 $t=t$ & $[-1.02e2,-1.23e-5]$ & $0$ & $1.02e2$ & $8.27e6$ \\"
example.tex(附录),1833,1.02e2,102.0,REGISTRY,?,2.537e-01,"问题四 $t=t$ & $[-1.02e2,-1.23e-5]$ & $0$ & $1.02e2$ & $8.27e6$ \\"
example.tex(附录),1833,8.27e6,8270000.0,REGISTRY,?,2.183e+03,"问题四 $t=t$ & $[-1.02e2,-1.23e-5]$ & $0$ & $1.02e2$ & $8.27e6$ \\"
example.tex(附录),1841,1e7,10000000.0,ALLOW,量级,0.0,刚性比在过程末期达到 $1e7$ 量级。其二，$|\lambda|$ 在末期反而略升，
example.tex(附录),1842,1,1.0,ALLOW,题面: 半径网格 1 cm,0.0,是因为温度节点的小热容与界面导热系数之比随 $C$ 下降而增大，与 D.1 中
example.tex(附录),1845,3,3.0,ALLOW,3 h,0.0,\subsection*{D.3 显式格式的代价}
example.tex(附录),1847,2,2.0,ALLOW,题面: 半径 2 cm / 通用整数,0.0,显式（或任何条件稳定）格式的稳定步长上界为 $\Delta t\le2/|\lambda|$：
example.tex(附录),1853,17,17.0,ALLOW,结构,0.0,\textbf{表~17  显式格式与自适应 BDF 的步数对比}\\[3pt]
example.tex(附录),1853,3,3.0,ALLOW,3 h,0.0,\textbf{表~17  显式格式与自适应 BDF 的步数对比}\\[3pt]
example.tex(附录),1859,3,3.0,ALLOW,3 h,0.0,问题三（附录 3） & $8.87e1$ & $0.0225$ & $9.17e6$ & $3299$ & $2.78e3$ \\
example.tex(附录),1859,8.87e1,88.7,REGISTRY,?,4.286e-03,问题三（附录 3） & $8.87e1$ & $0.0225$ & $9.17e6$ & $3299$ & $2.78e3$ \\
example.tex(附录),1859,0.0225,0.0225,REGISTRY,?,4.900e-05,问题三（附录 3） & $8.87e1$ & $0.0225$ & $9.17e6$ & $3299$ & $2.78e3$ \\
example.tex(附录),1859,9.17e6,9170000.0,REGISTRY,?,2.393e+03,问题三（附录 3） & $8.87e1$ & $0.0225$ & $9.17e6$ & $3299$ & $2.78e3$ \\
example.tex(附录),1859,3299,3299.0,REGISTRY,P03_nsteps,0.000e+00,问题三（附录 3） & $8.87e1$ & $0.0225$ & $9.17e6$ & $3299$ & $2.78e3$ \\
example.tex(附录),1859,2.78e3,2780.0,REGISTRY,?,1.095e+00,问题三（附录 3） & $8.87e1$ & $0.0225$ & $9.17e6$ & $3299$ & $2.78e3$ \\
example.tex(附录),1860,4,4.0,ALLOW,结构/常数,0.0,问题四（附录 4） & $1.02e2$ & $0.0197$ & $9.36e6$ & $4007$ & $2.34e3$ \\
example.tex(附录),1860,1.02e2,102.0,REGISTRY,?,2.537e-01,问题四（附录 4） & $1.02e2$ & $0.0197$ & $9.36e6$ & $4007$ & $2.34e3$ \\
example.tex(附录),1860,0.0197,0.0197,REGISTRY,H20_三次拟合_PCHIP,3.557e-05,问题四（附录 4） & $1.02e2$ & $0.0197$ & $9.36e6$ & $4007$ & $2.34e3$ \\
example.tex(附录),1860,9.36e6,9360000.0,REGISTRY,?,4.090e+03,问题四（附录 4） & $1.02e2$ & $0.0197$ & $9.36e6$ & $4007$ & $2.34e3$ \\
example.tex(附录),1860,4007,4007.0,REGISTRY,?,0.000e+00,问题四（附录 4） & $1.02e2$ & $0.0197$ & $9.36e6$ & $4007$ & $2.34e3$ \\
example.tex(附录),1860,2.34e3,2340.0,REGISTRY,LH_psat_20,6.818e-01,问题四（附录 4） & $1.02e2$ & $0.0197$ & $9.36e6$ & $4007$ & $2.34e3$ \\
example.tex(附录),1866,9e6,9000000.0,REGISTRY,?,1.676e+05,\noindent 显式格式需约 $9e6$ 步，是自适应 BDF 的 $2e3$ 倍以上，
example.tex(附录),1866,2e3,2000.0,ALLOW,基准算例步数,0.0,\noindent 显式格式需约 $9e6$ 步，是自适应 BDF 的 $2e3$ 倍以上，
example.tex(附录),1867,1e-9,1e-09,ALLOW,数值容差,0.0,且该比值为下界（未计显式格式本身的精度要求比 ${\rm rtol}=1e-9$ 更严）。
example.tex(附录),1869,45,45.0,ALLOW,结构,0.0,\texttt{outputs/registry\_q45\_stiffness.csv}。
example.tex(附录),1878,1,1.0,ALLOW,题面: 半径网格 1 cm,0.0,\subsection*{E.1 物性与解析导数}
example.tex(附录),1884,18,18.0,ALLOW,结构,0.0,\textbf{表~18  三组附录的物性经验式及其解析导数}\\[3pt]
example.tex(附录),1884,3,3.0,ALLOW,3 h,0.0,\textbf{表~18  三组附录的物性经验式及其解析导数}\\[3pt]
example.tex(附录),1890,1,1.0,ALLOW,题面: 半径网格 1 cm,0.0,$c_p(C)$ & $c+\kappaC/(C+1)$ \\
example.tex(附录),1891,1,1.0,ALLOW,题面: 半径网格 1 cm,0.0,$k(C)$ & $k+\kappa_kC/(C+1)$ \\
example.tex(附录),1894,1,1.0,ALLOW,题面: 半径网格 1 cm,0.0,$(\rho c_p)'(C)$ & $\kappa_\rho c_p+\kappa\rho/(C+1)$ \\
example.tex(附录),1895,1,1.0,ALLOW,题面: 半径网格 1 cm,0.0,$k'(C)$ & $\kappa_k/(C+1)$ \\
example.tex(附录),1903,2,2.0,ALLOW,题面: 半径 2 cm / 通用整数,0.0,\noindent 其中附录 2 为常物性，附录 3 与附录 4 的系数为
example.tex(附录),1903,3,3.0,ALLOW,3 h,0.0,\noindent 其中附录 2 为常物性，附录 3 与附录 4 的系数为
example.tex(附录),1903,4,4.0,ALLOW,结构/常数,0.0,\noindent 其中附录 2 为常物性，附录 3 与附录 4 的系数为
example.tex(附录),1914,3,3.0,ALLOW,3 h,0.0,附录 3 & $650$ & $128$ & $1450$ & $2736$ & $0.21$ & $0.38$
example.tex(附录),1914,650,650.0,ALLOW,附录3: rho 常数项,0.0,附录 3 & $650$ & $128$ & $1450$ & $2736$ & $0.21$ & $0.38$
example.tex(附录),1914,128,128.0,ALLOW,附录3: rho 的 C 系数,0.0,附录 3 & $650$ & $128$ & $1450$ & $2736$ & $0.21$ & $0.38$
example.tex(附录),1914,1450,1450.0,ALLOW,附录3: cp 常数项,0.0,附录 3 & $650$ & $128$ & $1450$ & $2736$ & $0.21$ & $0.38$
example.tex(附录),1914,2736,2736.0,ALLOW,附录3: cp 的 C 系数,0.0,附录 3 & $650$ & $128$ & $1450$ & $2736$ & $0.21$ & $0.38$
example.tex(附录),1914,0.21,0.21,ALLOW,附录3: k 常数项,0.0,附录 3 & $650$ & $128$ & $1450$ & $2736$ & $0.21$ & $0.38$
example.tex(附录),1914,0.38,0.38,ALLOW,附录3: k 的 C 系数,0.0,附录 3 & $650$ & $128$ & $1450$ & $2736$ & $0.21$ & $0.38$
example.tex(附录),1915,2.4e-3,0.0024,ALLOW,附录3: D 的系数,0.0,& $2.4e-3$ & $0.45$ & $3850$ \\
example.tex(附录),1915,0.45,0.45,ALLOW,附录3: D 的指数常数,0.0,& $2.4e-3$ & $0.45$ & $3850$ \\
example.tex(附录),1915,3850,3850.0,ALLOW,附录3: Arrhenius 常数,0.0,& $2.4e-3$ & $0.45$ & $3850$ \\
example.tex(附录),1916,4,4.0,ALLOW,结构/常数,0.0,附录 4 & $760$ & $90$ & $1850$ & $2150$ & $0.12$ & $0.20$
example.tex(附录),1916,760,760.0,ALLOW,附录4: rho 常数项,0.0,附录 4 & $760$ & $90$ & $1850$ & $2150$ & $0.12$ & $0.20$
example.tex(附录),1916,90,90.0,ALLOW,附录4: rho 的 C 系数,0.0,附录 4 & $760$ & $90$ & $1850$ & $2150$ & $0.12$ & $0.20$
example.tex(附录),1916,1850,1850.0,ALLOW,附录4: cp 常数项,0.0,附录 4 & $760$ & $90$ & $1850$ & $2150$ & $0.12$ & $0.20$
example.tex(附录),1916,2150,2150.0,ALLOW,附录4: cp 的 C 系数,0.0,附录 4 & $760$ & $90$ & $1850$ & $2150$ & $0.12$ & $0.20$
example.tex(附录),1916,0.12,0.12,ALLOW,附录4: k 常数项,0.0,附录 4 & $760$ & $90$ & $1850$ & $2150$ & $0.12$ & $0.20$
example.tex(附录),1916,0.20,0.2,ALLOW,附录4: k 的 C 系数,0.0,附录 4 & $760$ & $90$ & $1850$ & $2150$ & $0.12$ & $0.20$
example.tex(附录),1917,4.2e-4,0.00042,ALLOW,附录4: D 的系数,0.0,& $4.2e-4$ & $0.30$ & $3850$ \\
example.tex(附录),1917,0.30,0.3,ALLOW,附录4: D 的指数常数,0.0,& $4.2e-4$ & $0.30$ & $3850$ \\
example.tex(附录),1917,3850,3850.0,ALLOW,附录3: Arrhenius 常数,0.0,& $4.2e-4$ & $0.30$ & $3850$ \\
example.tex(附录),1924,0.15,0.15,ALLOW,题面问题3: 含水率目标 0.15 kg/kg,0.0,但两者的量纲不同，孰强孰弱须按各自的自然尺度比较。在阈值 $C^*=0.15$ 处，
example.tex(附录),1925,10,10.0,ALLOW,结构,0.0,$\kappa_D$ 变动 $10%$ 使 $\ln D$ 改变 $\Delta\kappa_D/C^*=0.20$（附录 4）
example.tex(附录),1925,0.20,0.2,ALLOW,附录4: k 的 C 系数,0.0,$\kappa_D$ 变动 $10%$ 使 $\ln D$ 改变 $\Delta\kappa_D/C^*=0.20$（附录 4）
example.tex(附录),1925,4,4.0,ALLOW,结构/常数,0.0,$\kappa_D$ 变动 $10%$ 使 $\ln D$ 改变 $\Delta\kappa_D/C^*=0.20$（附录 4）
example.tex(附录),1926,0.30,0.3,ALLOW,附录4: D 的指数常数,0.0,至 $0.30$（附录 3）；而 $E_A$ 同样变动 $10%$（$385\mathrm{K}$）使
example.tex(附录),1926,3,3.0,ALLOW,3 h,0.0,至 $0.30$（附录 3）；而 $E_A$ 同样变动 $10%$（$385\mathrm{K}$）使
example.tex(附录),1926,10,10.0,ALLOW,结构,0.0,至 $0.30$（附录 3）；而 $E_A$ 同样变动 $10%$（$385\mathrm{K}$）使
example.tex(附录),1927,1.19,1.19,REGISTRY,?,1.397e-03,$\ln D$ 改变 $E_A/T\approx1.19$（$50^\circ\mathrm{C}$）：\textbf{后者的影响约为前者的
example.tex(附录),1927,50,50.0,ALLOW,网格数 M=50,0.0,$\ln D$ 改变 $E_A/T\approx1.19$（$50^\circ\mathrm{C}$）：\textbf{后者的影响约为前者的
example.tex(附录),1929,1,1.0,ALLOW,题面: 半径网格 1 cm,0.0,$1\mathrm{K}$ 只使 $\ln D$ 改变 $E_A/T=3.69e-2$，故 $\bar T_\infty$ 的
example.tex(附录),1929,3.69e-2,0.0369,REGISTRY,?,3.176e-05,$1\mathrm{K}$ 只使 $\ln D$ 改变 $E_A/T=3.69e-2$，故 $\bar T_\infty$ 的
example.tex(附录),1932,2,2.0,ALLOW,题面: 半径 2 cm / 通用整数,0.0,\subsection*{E.2 Jacobian 的分块与稀疏结构}
example.tex(附录),1947,3,3.0,ALLOW,3 h,0.0,Robin 通量项。故\textbf{每行至多 $3$ 个非零元/块、共 $6$ 个}，整体非零元数 $O(M)$，
example.tex(附录),1947,6,6.0,ALLOW,结构: 表格行数,0.0,Robin 通量项。故\textbf{每行至多 $3$ 个非零元/块、共 $6$ 个}，整体非零元数 $O(M)$，
example.tex(附录),1950,3,3.0,ALLOW,3 h,0.0,\subsection*{E.3 独立核验}
example.tex(附录),1952,12,12.0,ALLOW,网格数 M=12 (Jacobian 校核),0.0,解析 Jacobian 与中心差分逐元比对。问题四在 $M=12$（$26x26$ 阶）上，
example.tex(附录),1952,26,26.0,ALLOW,结构,0.0,解析 Jacobian 与中心差分逐元比对。问题四在 $M=12$（$26x26$ 阶）上，
example.tex(附录),1952,26,26.0,ALLOW,结构,0.0,解析 Jacobian 与中心差分逐元比对。问题四在 $M=12$（$26x26$ 阶）上，
example.tex(附录),1953,1.42e-7,1.42e-07,REGISTRY,?,2.360e-10,$148$ 个显著分量中最大相对误差 $1.42e-7$，即中心差分的截断量级；
example.tex(附录),1955,4,4.0,ALLOW,结构/常数,0.0,\texttt{python src/q4\_solve.py -{}-selftest}。
example.tex(附录),1960,2,2.0,ALLOW,题面: 半径 2 cm / 通用整数,0.0,题面只在附录 2 给出 $h$ 与 $h_m$，\textbf{未给出汽化潜热}。本文不取文献常数，
example.tex(附录),1961,-95,-95.0,ALLOW,国际水物性标准名 IAPWS-95 中的 '-95',0.0,而由基础热力学关系推出其函数形式，再用国际水物性标准 IAPWS-95 独立标定。
example.tex(附录),1963,1,1.0,ALLOW,题面: 半径网格 1 cm,0.0,\subsection*{F.1 Clapeyron 方程与 Clausius--Clapeyron 近似的误差}
example.tex(附录),1975,461.518,461.518,REGISTRY,LH_Rv,5.000e-05,其中 $R_v=R_u/M_w=461.518\mathrm{J/(kg\cdot K)}$。保留压缩因子 $Z$ 的真实气体
example.tex(附录),1979,1,1.0,ALLOW,题面: 半径网格 1 cm,0.0,"\frac{L_v}{L_v}=(1)/(Z(1-v_l/v_v)),"
example.tex(附录),1979,1,1.0,ALLOW,题面: 半径网格 1 cm,0.0,"\frac{L_v}{L_v}=(1)/(Z(1-v_l/v_v)),"
example.tex(附录),1982,1,1.0,ALLOW,题面: 半径网格 1 cm,0.0,即 CC 的偏差可\textbf{精确分解为两项}：气相非理想性 $1/Z$ 与被略去的 $v_l/v_v$。
example.tex(附录),1985,2,2.0,ALLOW,题面: 半径 2 cm / 通用整数,0.0,\subsection*{F.2 与 IAPWS-95 的互检}
example.tex(附录),1985,-95,-95.0,ALLOW,国际水物性标准名 IAPWS-95 中的 '-95',0.0,\subsection*{F.2 与 IAPWS-95 的互检}
example.tex(附录),1991,19,19.0,ALLOW,结构,0.0,\textbf{表~19  汽化潜热三条路线的互检（单位：$\mathrm{J/kg}$，偏差为相对值）}\\[3pt]
example.tex(附录),1991,3,3.0,ALLOW,3 h,0.0,\textbf{表~19  汽化潜热三条路线的互检（单位：$\mathrm{J/kg}$，偏差为相对值）}\\[3pt]
example.tex(附录),1994,-95,-95.0,ALLOW,国际水物性标准名 IAPWS-95 中的 '-95',0.0,$T/^\circ\mathrm{C}$ & IAPWS-95 $h$ & 精确 Clapeyron & CC 近似
example.tex(附录),1995,1,1.0,ALLOW,题面: 半径网格 1 cm,0.0,& CC 偏差 / % & $1/Z-1$ / % \\
example.tex(附录),1995,-1,-1.0,REGISTRY,V6_TR_diff,3.663e-01,& CC 偏差 / % & $1/Z-1$ / % \\
example.tex(附录),1997,20,20.0,ALLOW,结构,0.0,$20$ & $2453519.26$ & $2453519.36$ & $2456879.94$ & $0.13697$ & $0.13523$ \\
example.tex(附录),1997,2453519.26,2453519.26,REGISTRY,LH_hfg_20,5.802e-04,$20$ & $2453519.26$ & $2453519.36$ & $2456879.94$ & $0.13697$ & $0.13523$ \\
example.tex(附录),1997,2453519.36,2453519.36,REGISTRY,registry_q2_latent_heat.csv:L_clapeyron_J_per_kg,1.000e-03,$20$ & $2453519.26$ & $2453519.36$ & $2456879.94$ & $0.13697$ & $0.13523$ \\
example.tex(附录),1997,2456879.94,2456879.94,REGISTRY,registry_q2_latent_heat.csv:L_CC_J_per_kg,1.300e-03,$20$ & $2453519.26$ & $2453519.36$ & $2456879.94$ & $0.13697$ & $0.13523$ \\
example.tex(附录),1997,0.13697,0.13697,REGISTRY,LH_ccpred_20,2.115e-07,$20$ & $2453519.26$ & $2453519.36$ & $2456879.94$ & $0.13697$ & $0.13523$ \\
example.tex(附录),1997,0.13523,0.13523,REGISTRY,LH_invZ_20,2.823e-06,$20$ & $2453519.26$ & $2453519.36$ & $2456879.94$ & $0.13697$ & $0.13523$ \\
example.tex(附录),1998,30,30.0,ALLOW,结构,0.0,$30$ & $2429811.23$ & $2429811.31$ & $2434689.86$ & $0.20078$ & $0.19772$ \\
example.tex(附录),1998,2429811.23,2429811.23,REGISTRY,registry_q2_latent_heat.csv:h_fg_ref_J_per_kg,1.000e-04,$30$ & $2429811.23$ & $2429811.31$ & $2434689.86$ & $0.20078$ & $0.19772$ \\
example.tex(附录),1998,2429811.31,2429811.31,REGISTRY,registry_q2_latent_heat.csv:L_clapeyron_J_per_kg,4.200e-03,$30$ & $2429811.23$ & $2429811.31$ & $2434689.86$ & $0.20078$ & $0.19772$ \\
example.tex(附录),1998,2434689.86,2434689.86,REGISTRY,registry_q2_latent_heat.csv:L_CC_J_per_kg,3.400e-03,$30$ & $2429811.23$ & $2429811.31$ & $2434689.86$ & $0.20078$ & $0.19772$ \\
example.tex(附录),1998,0.20078,0.20078,REGISTRY,LH_ccpred_30,1.068e-06,$30$ & $2429811.23$ & $2429811.31$ & $2434689.86$ & $0.20078$ & $0.19772$ \\
example.tex(附录),1998,0.19772,0.19772,REGISTRY,LH_invZ_30,2.146e-06,$30$ & $2429811.23$ & $2429811.31$ & $2434689.86$ & $0.20078$ & $0.19772$ \\
example.tex(附录),1999,40,40.0,ALLOW,结构/40 degC,0.0,$40$ & $2405977.29$ & $2405977.36$ & $2412884.07$ & $0.28707$ & $0.28189$ \\
example.tex(附录),1999,2405977.29,2405977.29,REGISTRY,registry_q2_latent_heat.csv:h_fg_ref_J_per_kg,3.200e-03,$40$ & $2405977.29$ & $2405977.36$ & $2412884.07$ & $0.28707$ & $0.28189$ \\
example.tex(附录),1999,2405977.36,2405977.36,REGISTRY,registry_q2_latent_heat.csv:L_clapeyron_J_per_kg,2.900e-03,$40$ & $2405977.29$ & $2405977.36$ & $2412884.07$ & $0.28707$ & $0.28189$ \\
example.tex(附录),1999,2412884.07,2412884.07,REGISTRY,registry_q2_latent_heat.csv:L_CC_J_per_kg,4.400e-03,$40$ & $2405977.29$ & $2405977.36$ & $2412884.07$ & $0.28707$ & $0.28189$ \\
example.tex(附录),1999,0.28707,0.28707,REGISTRY,LH_errcc_40,2.503e-06,$40$ & $2405977.29$ & $2405977.36$ & $2412884.07$ & $0.28707$ & $0.28189$ \\
example.tex(附录),1999,0.28189,0.28189,REGISTRY,LH_invZ_40,4.896e-06,$40$ & $2405977.29$ & $2405977.36$ & $2412884.07$ & $0.28707$ & $0.28189$ \\
example.tex(附录),2000,50,50.0,ALLOW,网格数 M=50,0.0,$50$ & $2381947.13$ & $2381947.19$ & $2391508.42$ & $0.40141$ & $0.39295$ \\
example.tex(附录),2000,2381947.13,2381947.13,REGISTRY,LH_hfg_50,3.459e-03,$50$ & $2381947.13$ & $2381947.19$ & $2391508.42$ & $0.40141$ & $0.39295$ \\
example.tex(附录),2000,2381947.19,2381947.19,REGISTRY,LH_clap_50,4.693e-03,$50$ & $2381947.13$ & $2381947.19$ & $2391508.42$ & $0.40141$ & $0.39295$ \\
example.tex(附录),2000,2391508.42,2391508.42,REGISTRY,registry_q2_latent_heat.csv:L_CC_J_per_kg,2.200e-03,$50$ & $2381947.13$ & $2381947.19$ & $2391508.42$ & $0.40141$ & $0.39295$ \\
example.tex(附录),2000,0.40141,0.40141,REGISTRY,V10_cc_max,0.000e+00,$50$ & $2381947.13$ & $2381947.19$ & $2391508.42$ & $0.40141$ & $0.39295$ \\
example.tex(附录),2000,0.39295,0.39295,REGISTRY,LH_invZ_50,4.564e-06,$50$ & $2381947.13$ & $2381947.19$ & $2391508.42$ & $0.40141$ & $0.39295$ \\
example.tex(附录),2006,-95,-95.0,ALLOW,国际水物性标准名 IAPWS-95 中的 '-95',0.0,\noindent 精确 Clapeyron 式复现 IAPWS-95 的 $h$，最大偏差仅
example.tex(附录),2007,0.1016,0.1016,REGISTRY,V10_clap,2.003e-06,$0.1016\mathrm{J/kg}$（相对 $4.2e-8$），推导本身无近似误差；
example.tex(附录),2007,4.2e-8,4.2e-08,REGISTRY,V10_clap_rel,2.668e-10,$0.1016\mathrm{J/kg}$（相对 $4.2e-8$），推导本身无近似误差；
example.tex(附录),2008,1e-5,1e-05,ALLOW,量级,0.0,CC 偏差则被上述两项解释到 $1e-5$ 个百分点以内（被略去的 $v_l/v_v$ 为
example.tex(附录),2009,0.00173,0.00173,REGISTRY,LH_vf_over_vg,4.589e-08,$0.00173%\to0.00842%$）。
example.tex(附录),2009,0.00842,0.00842,REGISTRY,LH_vfvg_50,4.295e-06,$0.00173%\to0.00842%$）。
example.tex(附录),2011,3,3.0,ALLOW,3 h,0.0,\subsection*{F.3 定标式与残差}
example.tex(附录),2013,28,28.0,ALLOW,题面: 初温 28 degC,0.0,以 $28^\circ\mathrm{C}$ 为锚点线性定标得正文式~(11)：
example.tex(附录),2013,11,11.0,ALLOW,结构,0.0,以 $28^\circ\mathrm{C}$ 为锚点线性定标得正文式~(11)：
example.tex(附录),2016,2.4346e6,2434600.0,REGISTRY,D_Hevap_28,0.000e+00,L_v(T)=2.4346e6-2.391e3(T-28^\circ\mathrm{C})
example.tex(附录),2016,-2.391e3,-2391.0,ALLOW,定标斜率,0.0,L_v(T)=2.4346e6-2.391e3(T-28^\circ\mathrm{C})
example.tex(附录),2016,-28,-28.0,ALLOW,L_v 定标式中 (T - 28 degC) 的偏移量,0.0,L_v(T)=2.4346e6-2.391e3(T-28^\circ\mathrm{C})
example.tex(附录),2020,28,28.0,ALLOW,题面: 初温 28 degC,0.0,在 $28\sim50^\circ\mathrm{C}$ 区间上的最大残差为 $109.21\mathrm{J/kg}$
example.tex(附录),2020,50,50.0,ALLOW,网格数 M=50,0.0,在 $28\sim50^\circ\mathrm{C}$ 区间上的最大残差为 $109.21\mathrm{J/kg}$
example.tex(附录),2020,109.21,109.21,REGISTRY,V10_resid,2.249e-03,在 $28\sim50^\circ\mathrm{C}$ 区间上的最大残差为 $109.21\mathrm{J/kg}$
example.tex(附录),2021,0.00449,0.00449,REGISTRY,LH_resid28_pct,4.088e-06,（相对 $0.00449%$）。该式\textbf{不含任何可调参数}：锚点值与斜率均由 IAPWS-95
example.tex(附录),2021,-95,-95.0,ALLOW,国际水物性标准名 IAPWS-95 中的 '-95',0.0,（相对 $0.00449%$）。该式\textbf{不含任何可调参数}：锚点值与斜率均由 IAPWS-95
example.tex(附录),2022,28,28.0,ALLOW,题面: 初温 28 degC,0.0,的物性表直接给出，斜率的量值也与 $28\sim50^\circ\mathrm{C}$ 上
example.tex(附录),2022,50,50.0,ALLOW,网格数 M=50,0.0,的物性表直接给出，斜率的量值也与 $28\sim50^\circ\mathrm{C}$ 上
example.tex(附录),2023,-2.37e3,-2370.0,REGISTRY,LH_dLdT_25,4.694e-01,$\mathrm dL_v/\mathrm dT\approx-2.37e3\mathrm{J/(kg\cdot K)}$
example.tex(附录),2024,2,2.0,ALLOW,题面: 半径 2 cm / 通用整数,0.0,的数值微分一致。全部逐点数据见 \texttt{outputs/registry\_q2\_latent\_heat.csv}。
example.tex(附录),2029,1,1.0,ALLOW,题面: 半径网格 1 cm,0.0,\subsection*{G.1 结果文件的规格}
example.tex(附录),2031,3,3.0,ALLOW,3 h,0.0,四个 \texttt{result*.xlsx} 均按附件~3 的模板写出，所有数值保留四位小数。
example.tex(附录),2037,20,20.0,ALLOW,结构,0.0,\textbf{表~20  结果文件的规格}\\[3pt]
example.tex(附录),2037,3,3.0,ALLOW,3 h,0.0,\textbf{表~20  结果文件的规格}\\[3pt]
example.tex(附录),2042,1,1.0,ALLOW,题面: 半径网格 1 cm,0.0,\texttt{result1.xlsx} & 温度 / 水分浓度 & $1\sim1800\mathrm{s}$ & $1\mathrm{s}$
example.tex(附录),2042,1,1.0,ALLOW,题面: 半径网格 1 cm,0.0,\texttt{result1.xlsx} & 温度 / 水分浓度 & $1\sim1800\mathrm{s}$ & $1\mathrm{s}$
example.tex(附录),2042,1800,1800.0,ALLOW,题面表1/2 时间点 / 阶段时长,0.0,\texttt{result1.xlsx} & 温度 / 水分浓度 & $1\sim1800\mathrm{s}$ & $1\mathrm{s}$
example.tex(附录),2042,1,1.0,ALLOW,题面: 半径网格 1 cm,0.0,\texttt{result1.xlsx} & 温度 / 水分浓度 & $1\sim1800\mathrm{s}$ & $1\mathrm{s}$
example.tex(附录),2043,0,0.0,ALLOW,零,0.0,& $0\sim2.0\mathrm{cm}$，$0.1$ \\
example.tex(附录),2043,2.0,2.0,ALLOW,题面: 半径 2 cm / 通用整数,0.0,& $0\sim2.0\mathrm{cm}$，$0.1$ \\
example.tex(附录),2043,0.1,0.1,ALLOW,题面: 半径步长 0.1 cm,0.0,& $0\sim2.0\mathrm{cm}$，$0.1$ \\
example.tex(附录),2044,2,2.0,ALLOW,题面: 半径 2 cm / 通用整数,0.0,\texttt{result2.xlsx} & 温度 / 水分浓度 & $1\sim10800\mathrm{s}$ & $1\mathrm{s}$
example.tex(附录),2044,1,1.0,ALLOW,题面: 半径网格 1 cm,0.0,\texttt{result2.xlsx} & 温度 / 水分浓度 & $1\sim10800\mathrm{s}$ & $1\mathrm{s}$
example.tex(附录),2044,10800,10800.0,ALLOW,题面表3/4 时间点 3 h,0.0,\texttt{result2.xlsx} & 温度 / 水分浓度 & $1\sim10800\mathrm{s}$ & $1\mathrm{s}$
example.tex(附录),2044,1,1.0,ALLOW,题面: 半径网格 1 cm,0.0,\texttt{result2.xlsx} & 温度 / 水分浓度 & $1\sim10800\mathrm{s}$ & $1\mathrm{s}$
example.tex(附录),2045,0,0.0,ALLOW,零,0.0,& $0\sim2.0\mathrm{cm}$，$0.1$ \\
example.tex(附录),2045,2.0,2.0,ALLOW,题面: 半径 2 cm / 通用整数,0.0,& $0\sim2.0\mathrm{cm}$，$0.1$ \\
example.tex(附录),2045,0.1,0.1,ALLOW,题面: 半径步长 0.1 cm,0.0,& $0\sim2.0\mathrm{cm}$，$0.1$ \\
example.tex(附录),2046,3,3.0,ALLOW,3 h,0.0,\texttt{result3.xlsx} & \texttt{Sheet1} & $60\sim206700\mathrm{s}$ & $60\mathrm{s}$
example.tex(附录),2046,1,1.0,ALLOW,题面: 半径网格 1 cm,0.0,\texttt{result3.xlsx} & \texttt{Sheet1} & $60\sim206700\mathrm{s}$ & $60\mathrm{s}$
example.tex(附录),2046,60,60.0,ALLOW,附件1 采样间隔 60 s,0.0,\texttt{result3.xlsx} & \texttt{Sheet1} & $60\sim206700\mathrm{s}$ & $60\mathrm{s}$
example.tex(附录),2046,206700,206700.0,REGISTRY,P00_t_last,0.000e+00,\texttt{result3.xlsx} & \texttt{Sheet1} & $60\sim206700\mathrm{s}$ & $60\mathrm{s}$
example.tex(附录),2046,60,60.0,ALLOW,附件1 采样间隔 60 s,0.0,\texttt{result3.xlsx} & \texttt{Sheet1} & $60\sim206700\mathrm{s}$ & $60\mathrm{s}$
example.tex(附录),2047,0,0.0,ALLOW,零,0.0,& $0\sim2.0\mathrm{cm}$，$0.1$ \\
example.tex(附录),2047,2.0,2.0,ALLOW,题面: 半径 2 cm / 通用整数,0.0,& $0\sim2.0\mathrm{cm}$，$0.1$ \\
example.tex(附录),2047,0.1,0.1,ALLOW,题面: 半径步长 0.1 cm,0.0,& $0\sim2.0\mathrm{cm}$，$0.1$ \\
example.tex(附录),2048,4,4.0,ALLOW,结构/常数,0.0,\texttt{result4.xlsx} & \texttt{Sheet1} & $60\sim183900\mathrm{s}$ & $60\mathrm{s}$
example.tex(附录),2048,1,1.0,ALLOW,题面: 半径网格 1 cm,0.0,\texttt{result4.xlsx} & \texttt{Sheet1} & $60\sim183900\mathrm{s}$ & $60\mathrm{s}$
example.tex(附录),2048,60,60.0,ALLOW,附件1 采样间隔 60 s,0.0,\texttt{result4.xlsx} & \texttt{Sheet1} & $60\sim183900\mathrm{s}$ & $60\mathrm{s}$
example.tex(附录),2048,183900,183900.0,REGISTRY,?,0.000e+00,\texttt{result4.xlsx} & \texttt{Sheet1} & $60\sim183900\mathrm{s}$ & $60\mathrm{s}$
example.tex(附录),2048,60,60.0,ALLOW,附件1 采样间隔 60 s,0.0,\texttt{result4.xlsx} & \texttt{Sheet1} & $60\sim183900\mathrm{s}$ & $60\mathrm{s}$
example.tex(附录),2049,0,0.0,ALLOW,零,0.0,"& $0\sim2.0\mathrm{cm}$，$0.1$，外加""药材表面""一列 \\"
example.tex(附录),2049,2.0,2.0,ALLOW,题面: 半径 2 cm / 通用整数,0.0,"& $0\sim2.0\mathrm{cm}$，$0.1$，外加""药材表面""一列 \\"
example.tex(附录),2049,0.1,0.1,ALLOW,题面: 半径步长 0.1 cm,0.0,"& $0\sim2.0\mathrm{cm}$，$0.1$，外加""药材表面""一列 \\"
example.tex(附录),2055,60,60.0,ALLOW,附件1 采样间隔 60 s,0.0,"\noindent 问题三、四的烘干时刻不是 $60\mathrm{s}$ 的整数倍，按""每隔 $60\mathrm{s}$"""
example.tex(附录),2055,60,60.0,ALLOW,附件1 采样间隔 60 s,0.0,"\noindent 问题三、四的烘干时刻不是 $60\mathrm{s}$ 的整数倍，按""每隔 $60\mathrm{s}$"""
example.tex(附录),2056,5,5.0,ALLOW,结构/常数,0.0,的口径不追加末行，精确终止状态由表~5、表~6 的末行给出。问题四的半径随时间收缩，
example.tex(附录),2056,6,6.0,ALLOW,结构: 表格行数,0.0,的口径不追加末行，精确终止状态由表~5、表~6 的末行给出。问题四的半径随时间收缩，
example.tex(附录),2057,0.1,0.1,ALLOW,题面: 半径步长 0.1 cm,0.0,"故 $0.1\mathrm{cm}$ 网格上超出当前表面 $R(t)$ 的位置留空，另设""药材表面""一列给出"
example.tex(附录),2058,4,4.0,ALLOW,结构/常数,0.0,$r=R(t)$ 处的值。各文件与论文表格的逐位对账由 \texttt{src/q4\_reconcile.py} 等
example.tex(附录),2061,2,2.0,ALLOW,题面: 半径 2 cm / 通用整数,0.0,\subsection*{G.2 源程序清单}
example.tex(附录),2067,21,21.0,ALLOW,result2 半径列数,0.0,\textbf{表~21  主要源程序}\\[3pt]
example.tex(附录),2067,3,3.0,ALLOW,3 h,0.0,\textbf{表~21  主要源程序}\\[3pt]
example.tex(附录),2072,1,1.0,ALLOW,题面: 半径网格 1 cm,0.0,"\texttt{q1\_solve.py}, \texttt{q1\_produce.py} & 问题一：有限体积 $+$ 全隐式 Euler $+$ 追赶法 \\"
example.tex(附录),2072,1,1.0,ALLOW,题面: 半径网格 1 cm,0.0,"\texttt{q1\_solve.py}, \texttt{q1\_produce.py} & 问题一：有限体积 $+$ 全隐式 Euler $+$ 追赶法 \\"
example.tex(附录),2073,1,1.0,ALLOW,题面: 半径网格 1 cm,0.0,\texttt{q1\_verify\_figures.py} & 问题一图件的三道渲染门核验 \\
example.tex(附录),2074,2,2.0,ALLOW,题面: 半径 2 cm / 通用整数,0.0,"\texttt{q2\_solve.py}, \texttt{q2\_produce.py} & 问题二：线性单元 $+$ 集中质量 $+$ 阻尼 Newton \\"
example.tex(附录),2074,2,2.0,ALLOW,题面: 半径 2 cm / 通用整数,0.0,"\texttt{q2\_solve.py}, \texttt{q2\_produce.py} & 问题二：线性单元 $+$ 集中质量 $+$ 阻尼 Newton \\"
example.tex(附录),2075,2,2.0,ALLOW,题面: 半径 2 cm / 通用整数,0.0,\texttt{q2\_latent\_heat.py} & 汽化潜热的 Clapeyron 推导与 IAPWS-95 定标（附录 F） \\
example.tex(附录),2075,-95,-95.0,ALLOW,国际水物性标准名 IAPWS-95 中的 '-95',0.0,\texttt{q2\_latent\_heat.py} & 汽化潜热的 Clapeyron 推导与 IAPWS-95 定标（附录 F） \\
example.tex(附录),2076,2,2.0,ALLOW,题面: 半径 2 cm / 通用整数,0.0,\texttt{q2\_uncertainty.py} & 问题二不确定度的五种口径 \\
example.tex(附录),2077,3,3.0,ALLOW,3 h,0.0,"\texttt{q3\_solve.py}, \texttt{q3\_produce.py} & 问题三：线方法 $+$ 自适应 BDF $+$ 终止事件 \\"
example.tex(附录),2077,3,3.0,ALLOW,3 h,0.0,"\texttt{q3\_solve.py}, \texttt{q3\_produce.py} & 问题三：线方法 $+$ 自适应 BDF $+$ 终止事件 \\"
example.tex(附录),2078,3,3.0,ALLOW,3 h,0.0,\texttt{q3\d\_verify.py} & 降维合理性的二维轴对称对照（附录 B） \\
example.tex(附录),2079,4,4.0,ALLOW,结构/常数,0.0,"\texttt{q4\_solve.py}, \texttt{q4\_produce.py} & 问题四：物质坐标 $+$ 自适应 BDF $+$ 终止事件 \\"
example.tex(附录),2079,4,4.0,ALLOW,结构/常数,0.0,"\texttt{q4\_solve.py}, \texttt{q4\_produce.py} & 问题四：物质坐标 $+$ 自适应 BDF $+$ 终止事件 \\"
example.tex(附录),2080,4,4.0,ALLOW,结构/常数,0.0,\texttt{q4\_compat.py} & 收缩数据的相容性检验（附录 C.4） \\
example.tex(附录),2080,4,4.0,ALLOW,结构/常数,0.0,\texttt{q4\_compat.py} & 收缩数据的相容性检验（附录 C.4） \\
example.tex(附录),2081,45,45.0,ALLOW,结构,0.0,\texttt{q45\_stiffness.py} & 刚性谱与显式格式代价（附录 D） \\
example.tex(附录),2082,4,4.0,ALLOW,结构/常数,0.0,"\texttt{q4\_verify.py}, \texttt{q4\_sensitivity.py} & 问题四的验证与灵敏度／蒙特卡洛 \\"
example.tex(附录),2082,4,4.0,ALLOW,结构/常数,0.0,"\texttt{q4\_verify.py}, \texttt{q4\_sensitivity.py} & 问题四的验证与灵敏度／蒙特卡洛 \\"
example.tex(附录),2083,4,4.0,ALLOW,结构/常数,0.0,"\texttt{q4\_derived.py}, \texttt{q4\_reconcile.py} & 派生量注册表与结果对账门 \\"
example.tex(附录),2083,4,4.0,ALLOW,结构/常数,0.0,"\texttt{q4\_derived.py}, \texttt{q4\_reconcile.py} & 派生量注册表与结果对账门 \\"
example.tex(附录),2084,2,2.0,ALLOW,题面: 半径 2 cm / 通用整数,0.0,"\texttt{q2\_reconcile.py}, \texttt{q2\_verify\_delivery.py} & 全篇数字对账与交付总核验 \\"
example.tex(附录),2084,2,2.0,ALLOW,题面: 半径 2 cm / 通用整数,0.0,"\texttt{q2\_reconcile.py}, \texttt{q2\_verify\_delivery.py} & 全篇数字对账与交付总核验 \\"
